KUNNR,BUKRS,AKONT,ZTERM,ZWELS,HBKID,SPERR,LOEVM
0002000001,3000,0000140100,Z014,TU,,,
0002000002,2000,0000140100,NT30,,,,
0002000003,3000,0000140100,Z030,,CB002,,
0002000004,1000,0000140100,0002,TU,,,
0002000005,1000,0000140000,Z014,,CB001,,
0002000006,1000,0000140100,0001,TU,CB001,,
0002000006,2000,0000140000,Z030,S,CB001,,
0002000007,1000,0000140000,0002,TU,CB002,,
0002000007,3000,0000140100,0002,S,CB002,,
0002000008,3000,0000140100,0002,,CB002,,
0002000009,3000,0000140000,0002,S,CB001,,
0002000009,1000,0000140000,0002,TU,CB001,,
0002000010,2000,0000140000,0001,S,CB002,,
0002000011,2000,0000140000,0002,S,,,
0002000012,3000,0000140000,NT30,,CB002,,
0002000013,1000,0000140000,Z030,TU,CB001,,
0002000013,3000,0000140100,0002,S,CB001,,
0002000014,3000,0000140100,Z014,S,CB001,,
0002000015,3000,0000140000,NT30,,,,
0002000016,1000,0000140100,Z014,TU,,,
0002000017,3000,0000140100,Z014,S,CB002,,
0002000017,1000,0000140100,NT30,TU,CB002,,
0002000018,1000,0000140100,Z014,S,CB002,,
0002000019,3000,0000140000,Z030,TU,CB001,,
0002000020,1000,0000140000,Z030,TU,CB001,,
0002000021,1000,0000140100,NT30,,CB001,,
0002000022,1000,0000140100,0002,,CB001,,
0002000023,2000,0000140000,Z014,,CB001,,
0002000024,2000,0000140100,Z030,TU,CB002,,
0002000025,1000,0000140100,Z030,,CB002,,
0002000026,1000,0000140000,Z030,,,,
0002000026,2000,0000140100,NT30,S,CB001,,
0002000027,2000,0000140000,0001,,,,
0002000028,1000,0000140100,0001,TU,CB001,,
0002000029,2000,0000140100,Z030,TU,CB002,,
0002000030,3000,0000140100,Z030,S,CB002,,
0002000030,1000,0000140000,0001,TU,CB002,,
0002000031,1000,0000140100,0001,,CB001,,
0002000032,3000,0000140100,0002,TU,CB002,,
0002000032,1000,0000140000,NT30,TU,CB001,,
0002000033,2000,0000140100,0002,,CB002,,
0002000034,3000,0000140000,0002,TU,CB001,,
0002000035,2000,0000140000,Z014,,,,
0002000036,1000,0000140000,NT30,TU,CB002,,
0002000037,1000,0000140000,Z014,,CB001,,
0002000038,3000,0000140100,Z030,,CB001,,
0002000038,2000,0000140000,NT30,,CB002,,
0002000039,3000,0000140100,0001,TU,CB001,,
0002000040,3000,0000140000,0001,TU,,,
0002000040,2000,0000140100,NT30,TU,,,
0002000041,2000,0000140100,Z014,TU,,,
0002000041,3000,0000140000,0002,,CB001,,
0002000042,3000,0000140100,Z014,S,CB001,,
0002000043,3000,0000140000,NT30,TU,CB002,,
0002000043,2000,0000140100,Z030,S,CB002,,
0002000044,2000,0000140100,Z014,S,,,
0002000044,1000,0000140100,0002,,,,
0002000045,3000,0000140000,0001,TU,CB002,,
0002000046,3000,0000140100,Z030,S,CB002,,
0002000046,2000,0000140100,Z030,,CB002,,
0002000047,2000,0000140100,NT30,S,,,
0002000048,1000,0000140100,0002,S,CB002,,
0002000048,2000,0000140100,Z030,TU,CB002,,
0002000049,1000,0000140100,0001,S,CB001,,
0002000050,1000,0000140000,Z030,,CB001,,
0002000051,2000,0000140000,0002,S,CB001,,
0002000052,1000,0000140100,Z030,TU,CB002,,
0002000053,3000,0000140000,Z030,S,CB002,,
0002000053,2000,0000140000,0001,TU,CB002,,
0002000054,2000,0000140000,NT30,,CB001,,
0002000054,1000,0000140100,0002,TU,CB001,,
0002000055,3000,0000140000,Z030,S,CB001,,
0002000056,3000,0000140000,Z030,TU,,,
0002000057,3000,0000140000,0001,,CB001,,
0002000058,1000,0000140000,NT30,,CB001,,
0002000059,2000,0000140100,NT30,,CB002,,
0002000059,1000,0000140000,0002,TU,CB002,,
0002000060,2000,0000140100,Z030,,,,
0002000061,1000,0000140000,0001,S,CB001,,
0002000062,2000,0000140000,Z014,S,,,
0002000062,1000,0000140100,Z030,TU,CB001,,
0002000063,3000,0000140100,0001,TU,CB001,,
0002000064,1000,0000140100,NT30,S,,,
0002000064,3000,0000140100,0002,TU,CB001,,
0002000065,2000,0000140100,NT30,,CB001,,
0002000065,1000,0000140100,0001,,CB001,,
0002000066,1000,0000140000,Z014,S,CB002,,
0002000066,2000,0000140100,0001,TU,,,
0002000067,3000,0000140100,Z014,S,CB002,,
0002000068,3000,0000140100,0001,S,CB001,,
0002000068,2000,0000140100,Z030,,CB001,,
0002000069,2000,0000140100,0001,,,,
0002000070,2000,0000140000,Z030,S,,,
0002000071,3000,0000140100,0002,,CB001,,
0002000072,2000,0000140000,0001,,,,
0002000073,1000,0000140000,Z030,TU,CB002,,
0002000074,3000,0000140100,0002,S,CB001,,
0002000075,2000,0000140100,Z030,S,CB001,,
0002000076,2000,0000140100,0002,S,,,
0002000077,3000,0000140000,Z014,,CB001,,
0002000078,2000,0000140000,Z030,TU,CB001,,
0002000078,3000,0000140000,0001,TU,CB001,,
0002000079,3000,0000140000,Z030,S,,,
0002000080,2000,0000140100,Z014,,CB001,,
0002000080,3000,0000140100,0001,,,,
0002000081,2000,0000140100,0002,,,,
0002000082,2000,0000140100,0002,,CB002,,
0002000083,1000,0000140100,0002,,CB002,,
0002000084,1000,0000140000,NT30,S,,,
0002000085,2000,0000140100,0001,,,,
0002000086,3000,0000140100,0002,TU,,,
0002000086,2000,0000140100,0001,S,CB002,,
0002000087,2000,0000140000,0002,,,,
0002000088,1000,0000140100,Z030,S,CB001,,
0002000089,1000,0000140100,Z014,TU,CB001,,
0002000089,3000,0000140000,Z030,S,CB002,,
0002000090,1000,0000140000,NT30,,,,
0002000091,1000,0000140100,Z030,S,,,
0002000092,2000,0000140100,0001,TU,CB002,,
0002000092,3000,0000140100,Z014,,CB002,,
0002000093,3000,0000140100,0001,S,CB002,,
0002000094,1000,0000140100,0001,TU,CB001,,
0002000095,3000,0000140100,Z030,,CB001,,
0002000096,3000,0000140000,0001,S,CB002,,
0002000097,2000,0000140000,NT30,TU,,,
0002000098,3000,0000140100,0002,TU,CB001,,
0002000099,2000,0000140000,NT30,S,CB001,,
0002000099,3000,0000140100,Z030,,CB001,,
0002000100,1000,0000140000,0001,,CB001,,
0002000101,2000,0000140000,NT30,S,CB001,,
0002000101,1000,0000140100,Z014,TU,CB001,,
0002000102,3000,0000140100,NT30,TU,CB001,,
0002000102,1000,0000140100,0002,S,CB001,,
0002000103,1000,0000140000,0002,,CB002,,
0002000104,2000,0000140000,0002,S,CB002,,
0002000105,3000,0000140100,0001,TU,CB002,,
0002000106,1000,0000140000,0001,TU,,,
0002000107,2000,0000140000,0001,S,CB002,,
0002000108,2000,0000140100,0001,S,,,
0002000109,3000,0000140000,NT30,S,CB001,,
0002000110,3000,0000140100,Z030,,CB001,,
0002000111,2000,0000140000,0002,TU,,,
0002000111,3000,0000140100,NT30,,,,
0002000112,2000,0000140100,NT30,,CB002,,
0002000112,3000,0000140100,Z030,,CB001,,
0002000113,1000,0000140100,Z030,S,,,
0002000114,3000,0000140000,Z014,,,,
0002000115,2000,0000140100,NT30,,CB001,,
0002000116,3000,0000140100,0002,TU,CB002,,
0002000117,1000,0000140100,0001,,,,
0002000118,3000,0000140100,Z014,TU,CB001,,
0002000119,1000,0000140100,NT30,TU,CB002,,
0002000119,2000,0000140100,Z014,S,CB002,,
0002000120,2000,0000140000,NT30,TU,,,
0002000121,3000,0000140100,Z030,,CB002,,
0002000122,3000,0000140100,Z014,S,CB002,,
0002000123,3000,0000140000,0001,S,CB001,,
0002000124,2000,0000140100,0001,TU,CB002,,
0002000125,1000,0000140100,0002,,,,
0002000126,2000,0000140100,NT30,TU,,,
0002000127,1000,0000140000,0001,,CB002,,
0002000128,2000,0000140100,Z014,TU,CB001,,
0002000129,3000,0000140000,0001,TU,CB001,,
0002000130,2000,0000140000,0002,S,CB002,,
0002000130,1000,0000140100,Z014,,,,
0002000131,1000,0000140100,0001,TU,,,
0002000132,3000,0000140000,0001,,CB001,,
0002000133,1000,0000140100,0001,,CB001,,
0002000134,2000,0000140000,0001,,CB002,,
0002000135,2000,0000140100,NT30,,CB001,,
0002000136,2000,0000140000,Z030,,CB001,,
0002000137,1000,0000140100,Z030,,CB001,,
0002000138,3000,0000140100,0002,TU,CB002,,
0002000139,2000,0000140100,Z030,,,,
0002000139,1000,0000140000,Z030,,CB002,,
0002000140,3000,0000140100,Z014,S,CB002,,
0002000141,3000,0000140100,0002,,CB002,,
0002000142,2000,0000140000,0001,TU,CB001,,
0002000143,2000,0000140000,NT30,,CB001,,
0002000144,3000,0000140100,Z014,,,,
0002000145,3000,0000140100,NT30,TU,,,
0002000146,3000,0000140000,Z030,,,,
0002000147,3000,0000140100,Z030,S,CB002,,
0002000148,1000,0000140100,Z030,S,,,
0002000148,2000,0000140100,NT30,S,CB001,,
0002000149,2000,0000140000,0001,S,,,
0002000150,1000,0000140000,Z030,,,,
0002000151,3000,0000140000,Z014,TU,CB001,,
0002000152,2000,0000140100,Z014,TU,CB001,,
0002000153,3000,0000140100,Z014,,CB001,,
0002000154,1000,0000140000,NT30,,CB001,,
0002000155,3000,0000140000,Z014,TU,CB001,,
0002000156,2000,0000140000,Z014,,CB002,,
0002000156,3000,0000140100,Z014,,CB002,,
0002000157,3000,0000140000,0002,,CB001,,
0002000158,2000,0000140100,Z014,,CB001,,
0002000159,1000,0000140000,Z014,,CB001,,
0002000160,3000,0000140000,Z014,,CB001,,
0002000161,2000,0000140100,0002,,CB001,,
0002000161,3000,0000140000,0001,S,CB001,,
0002000162,3000,0000140000,Z030,TU,CB002,,
0002000163,1000,0000140000,0002,S,CB001,,
0002000164,1000,0000140100,Z014,TU,,,
0002000164,3000,0000140000,0001,,CB002,,
0002000165,2000,0000140100,NT30,,,,
0002000166,3000,0000140000,0001,S,CB002,,
0002000166,1000,0000140000,0002,,CB001,,
0002000167,1000,0000140000,Z014,TU,,,
0002000168,1000,0000140000,NT30,TU,CB002,,
0002000169,2000,0000140000,0002,,CB001,,
0002000170,1000,0000140000,0002,,,,
0002000170,3000,0000140000,Z014,S,CB002,,
0002000171,1000,0000140000,0001,S,CB002,,
0002000171,2000,0000140000,0002,,CB001,,
0002000172,2000,0000140100,0001,,,,
0002000173,3000,0000140000,0002,TU,CB001,,
0002000174,1000,0000140100,0001,TU,,,
0002000174,3000,0000140000,NT30,S,,,
0002000175,1000,0000140100,0001,,CB002,,
0002000176,1000,0000140000,Z014,S,CB001,,
0002000177,2000,0000140000,Z014,S,CB001,,
0002000178,1000,0000140100,0001,,CB001,,
0002000179,2000,0000140000,Z030,,CB002,,
0002000180,1000,0000140100,NT30,S,CB001,,
0002000181,2000,0000140100,0002,TU,,,
0002000181,1000,0000140000,0002,,CB002,,
0002000182,2000,0000140100,0001,,,,
0002000183,3000,0000140000,Z014,,CB002,,
0002000184,2000,0000140100,NT30,TU,CB002,,
0002000185,1000,0000140100,NT30,S,CB002,,
0002000186,2000,0000140000,Z030,S,CB002,,
0002000186,1000,0000140100,Z030,,CB001,,
0002000187,3000,0000140100,0002,,CB002,,
0002000188,2000,0000140100,0002,S,CB002,,
0002000189,3000,0000140000,NT30,S,,,
0002000189,2000,0000140100,0001,S,CB002,,
0002000190,2000,0000140100,Z014,S,CB002,,
0002000191,2000,0000140100,0001,TU,CB001,,
0002000192,2000,0000140100,Z030,,CB002,,
0002000193,2000,0000140000,Z014,,,,
0002000193,3000,0000140000,Z014,S,CB002,,
0002000194,3000,0000140000,Z030,TU,,,
0002000195,3000,0000140100,Z014,,CB001,,
0002000196,3000,0000140100,0002,S,,,
0002000197,2000,0000140100,0001,S,CB002,,
0002000198,3000,0000140000,NT30,S,CB001,,
0002000198,1000,0000140100,0001,S,CB001,,
0002000199,1000,0000140100,0002,S,CB001,,
0002000200,2000,0000140000,0001,,CB001,,
0002000201,2000,0000140000,NT30,TU,,,
0002000202,2000,0000140000,NT30,TU,,,
0002000203,2000,0000140000,Z014,TU,CB001,,
0002000204,1000,0000140000,0001,TU,,,
0002000205,3000,0000140100,0002,,CB001,,
0002000206,1000,0000140100,0002,TU,,,
0002000207,1000,0000140100,NT30,,CB001,,
0002000208,2000,0000140100,0001,,CB001,,
0002000209,2000,0000140100,Z014,,CB001,,
0002000210,2000,0000140000,0002,S,CB002,,
0002000210,1000,0000140100,0001,,CB001,,
0002000211,1000,0000140000,0002,TU,,,
0002000211,2000,0000140000,Z014,TU,CB001,,
0002000212,1000,0000140000,NT30,S,CB001,,
0002000213,3000,0000140100,0002,S,,,
0002000214,1000,0000140000,NT30,TU,,,
0002000215,3000,0000140000,0001,,CB001,,
0002000216,2000,0000140000,Z014,TU,,,
0002000217,3000,0000140000,Z014,,,,
0002000218,3000,0000140000,0002,S,,,
0002000219,3000,0000140000,NT30,TU,CB002,,
0002000220,1000,0000140000,0002,,CB002,,
0002000220,2000,0000140000,Z014,S,,,
0002000221,1000,0000140100,0002,,,,
0002000221,3000,0000140000,0001,,CB002,,
0002000222,3000,0000140100,Z014,TU,,,
0002000223,3000,0000140000,NT30,,,,
0002000223,1000,0000140100,Z014,TU,,,
0002000224,1000,0000140100,NT30,,,,
0002000224,3000,0000140000,Z030,TU,CB001,,
0002000225,2000,0000140000,Z014,,CB002,,
0002000226,3000,0000140000,0002,S,,,
0002000227,1000,0000140000,Z014,TU,CB001,,
0002000228,2000,0000140000,Z014,S,CB001,,
0002000229,3000,0000140100,0002,,,,
0002000229,1000,0000140000,Z014,,CB001,,
0002000230,1000,0000140100,0001,TU,CB002,,
0002000231,1000,0000140000,Z014,S,CB002,,
0002000232,3000,0000140000,Z014,TU,,,
0002000233,3000,0000140100,0002,TU,CB001,,
0002000234,1000,0000140000,Z030,,CB001,,
0002000234,3000,0000140100,0002,TU,,,
0002000235,3000,0000140000,NT30,TU,CB001,,
0002000236,2000,0000140100,Z030,S,CB001,,
0002000237,2000,0000140000,0002,S,CB001,,
0002000237,1000,0000140000,0001,S,CB002,,
0002000238,3000,0000140100,0001,S,CB001,,
0002000239,1000,0000140000,Z014,S,CB002,,
0002000240,3000,0000140100,0001,,,,
0002000241,1000,0000140100,Z030,,CB002,,
0002000242,1000,0000140000,Z014,S,CB001,,
0002000242,3000,0000140000,0002,S,,,
0002000243,1000,0000140100,NT30,S,,,
0002000244,2000,0000140100,Z014,,,,
0002000245,3000,0000140000,0002,TU,,,
0002000246,1000,0000140000,NT30,S,CB001,,
0002000247,2000,0000140000,NT30,,,,
0002000247,3000,0000140100,0002,S,CB002,,
0002000248,3000,0000140100,0001,S,CB002,,
0002000249,3000,0000140100,Z014,S,CB002,,
0002000250,1000,0000140000,NT30,S,CB001,,
0002000251,1000,0000140000,NT30,S,CB001,,
0002000252,1000,0000140000,NT30,TU,CB001,,
0002000252,3000,0000140000,Z030,S,CB001,,
0002000253,3000,0000140100,0002,TU,CB001,,
0002000253,1000,0000140000,NT30,,,,
0002000254,3000,0000140100,Z014,,CB002,,
0002000255,1000,0000140100,Z030,,CB002,,
0002000256,3000,0000140100,Z014,S,,,
0002000257,2000,0000140100,NT30,S,CB001,,
0002000257,3000,0000140000,NT30,TU,,,
0002000258,2000,0000140100,0001,S,,,
0002000259,2000,0000140100,NT30,,,,
0002000260,1000,0000140000,0001,TU,,,
0002000260,3000,0000140000,Z014,,CB002,,
0002000261,1000,0000140000,NT30,S,CB001,,
0002000261,2000,0000140000,Z030,TU,CB002,,
0002000262,1000,0000140000,Z014,S,CB002,,
0002000262,3000,0000140100,0001,S,,,
0002000263,1000,0000140000,Z014,,CB002,,
0002000264,2000,0000140000,0001,TU,CB002,,
0002000265,2000,0000140000,0001,,CB001,,
0002000266,2000,0000140000,0001,,,,
0002000266,3000,0000140100,Z014,,,,
0002000267,2000,0000140000,NT30,S,CB001,,
0002000268,2000,0000140100,0002,S,CB001,,
0002000268,3000,0000140000,Z030,S,,,
0002000269,1000,0000140000,NT30,TU,CB002,,
0002000270,3000,0000140100,Z030,S,CB001,,
0002000271,1000,0000140000,NT30,,,,
0002000271,2000,0000140000,0002,TU,CB002,,
0002000272,2000,0000140000,Z014,S,CB002,,
0002000272,3000,0000140100,Z014,S,CB002,,
0002000273,3000,0000140100,Z030,S,,,
0002000274,2000,0000140100,NT30,TU,CB002,,
0002000275,1000,0000140000,0001,TU,CB002,,
0002000275,3000,0000140100,NT30,S,CB001,,
0002000276,3000,0000140100,0001,S,,,
0002000276,1000,0000140000,NT30,S,CB002,,
0002000277,2000,0000140000,0001,S,,,
0002000278,2000,0000140100,0002,,,,
0002000279,3000,0000140000,NT30,,CB002,,
0002000280,1000,0000140100,0002,TU,CB001,,
0002000280,3000,0000140100,Z014,TU,CB002,,
0002000281,3000,0000140100,Z030,S,,,
0002000282,2000,0000140000,NT30,S,CB002,,
0002000283,2000,0000140100,Z030,TU,CB002,,
0002000284,3000,0000140100,Z014,S,CB001,,
0002000285,2000,0000140000,0001,TU,CB001,,
0002000286,2000,0000140000,0001,S,,,
0002000287,2000,0000140000,0002,,CB002,,
0002000287,3000,0000140100,0002,,CB001,,
0002000288,1000,0000140000,0001,TU,CB001,,
0002000289,2000,0000140100,NT30,TU,CB001,,
0002000290,1000,0000140100,NT30,,CB002,,
0002000291,1000,0000140100,Z014,,,,
0002000292,1000,0000140100,NT30,TU,,,
0002000292,2000,0000140000,0002,TU,CB002,,
0002000293,1000,0000140000,0002,,,,
0002000293,2000,0000140000,Z030,,CB002,,
0002000294,1000,0000140000,Z014,TU,CB002,,
0002000294,2000,0000140000,NT30,S,CB002,,
0002000295,2000,0000140100,Z014,,CB001,,
0002000296,3000,0000140000,0001,TU,CB002,,
0002000297,3000,0000140000,0001,,CB002,,
0002000298,1000,0000140100,Z014,,CB001,,
0002000298,3000,0000140000,0001,S,,,
0002000299,2000,0000140100,Z030,S,CB001,,
0002000299,3000,0000140100,0002,,,,
0002000300,2000,0000140000,0002,S,,,
0002000300,1000,0000140000,Z030,,CB002,,
0002000301,2000,0000140000,Z030,S,CB001,,
0002000301,1000,0000140000,Z030,TU,CB001,,
0002000302,2000,0000140000,0002,S,CB002,,
0002000303,3000,0000140100,0001,TU,CB002,,
0002000303,2000,0000140000,0001,,,,
0002000304,2000,0000140000,0002,TU,CB001,,
0002000305,2000,0000140000,Z030,S,CB001,,
0002000305,3000,0000140100,0001,TU,CB001,,
0002000306,1000,0000140000,0001,,CB001,,
0002000306,3000,0000140100,0002,S,CB001,,
0002000307,3000,0000140100,0002,S,,,
0002000307,2000,0000140100,Z014,,CB001,,
0002000308,2000,0000140000,Z030,,CB002,,
0002000309,1000,0000140000,0001,S,CB001,,
0002000309,2000,0000140000,Z014,TU,,,
0002000310,2000,0000140000,0001,S,,,
0002000311,1000,0000140100,Z014,,CB001,,
0002000312,3000,0000140000,0002,S,,,
0002000313,1000,0000140100,Z014,TU,CB002,,
0002000314,3000,0000140100,0002,,CB002,,
0002000315,3000,0000140100,Z030,S,CB002,,
0002000316,1000,0000140000,NT30,,CB001,,
0002000317,3000,0000140000,0002,S,CB001,,
0002000317,2000,0000140000,NT30,S,CB002,,
0002000318,3000,0000140100,Z030,S,,,
0002000319,3000,0000140000,NT30,,,,
0002000320,1000,0000140100,NT30,,,,
0002000321,1000,0000140000,Z014,S,,,
0002000322,1000,0000140000,0001,TU,CB002,,
0002000322,2000,0000140100,0001,S,CB002,,
0002000323,2000,0000140000,Z014,,CB001,,
0002000323,1000,0000140000,0002,TU,CB002,,
0002000324,2000,0000140100,Z014,,,,
0002000325,2000,0000140000,Z014,,,,
0002000325,3000,0000140100,Z014,S,CB001,,
0002000326,1000,0000140000,Z014,,CB002,,
0002000327,3000,0000140100,Z030,,,,
0002000328,3000,0000140100,Z014,S,,,
0002000329,2000,0000140000,Z014,TU,CB002,,
0002000329,1000,0000140000,0002,S,CB001,,
0002000330,1000,0000140100,NT30,,,,
0002000330,2000,0000140000,Z014,,CB001,,
0002000331,1000,0000140100,NT30,TU,,,
0002000331,3000,0000140000,Z030,TU,CB001,,
0002000332,3000,0000140100,0002,TU,CB002,,
0002000333,1000,0000140000,Z030,TU,CB002,,
0002000333,2000,0000140000,Z030,TU,CB002,,
0002000334,3000,0000140000,0001,TU,CB002,,
0002000334,1000,0000140100,Z030,,CB002,,
0002000335,2000,0000140000,Z030,,CB002,,
0002000336,2000,0000140100,NT30,TU,CB001,,
0002000337,1000,0000140100,Z030,TU,,,
0002000337,3000,0000140100,NT30,,CB001,,
0002000338,1000,0000140100,0002,TU,CB001,,
0002000339,1000,0000140100,Z014,TU,CB001,,
0002000340,2000,0000140100,Z030,TU,CB002,,
0002000341,3000,0000140100,0002,S,CB002,,
0002000342,2000,0000140000,Z014,S,CB002,,
0002000342,1000,0000140000,NT30,S,CB002,,
0002000343,3000,0000140100,Z014,TU,CB002,,
0002000344,3000,0000140000,Z030,S,CB001,,
0002000345,3000,0000140000,Z030,TU,CB002,,
0002000346,2000,0000140000,0001,,,,
0002000346,1000,0000140000,NT30,TU,,,
0002000347,2000,0000140100,0001,TU,CB002,,
0002000348,3000,0000140000,Z030,,CB002,,
0002000349,3000,0000140100,Z030,S,CB002,,
0002000350,1000,0000140100,Z030,TU,,,
0002000350,3000,0000140000,Z030,,CB002,,
0002000351,2000,0000140000,Z030,TU,,,
0002000352,2000,0000140100,NT30,TU,,,
0002000353,3000,0000140000,Z014,S,,,
0002000353,1000,0000140100,Z030,S,CB001,,
0002000354,3000,0000140100,0001,TU,CB002,,
0002000354,2000,0000140000,0001,TU,CB001,,
0002000355,1000,0000140000,0002,TU,CB001,,
0002000355,2000,0000140000,NT30,,CB001,,
0002000356,2000,0000140100,NT30,TU,,,
0002000357,2000,0000140100,0001,,,,
0002000358,3000,0000140100,0001,TU,CB002,,
0002000359,2000,0000140100,Z030,TU,CB002,,
0002000359,1000,0000140000,NT30,,,,
0002000360,1000,0000140100,0002,TU,CB002,,
0002000361,3000,0000140100,0001,TU,,,
0002000362,2000,0000140000,0002,,CB002,,
0002000363,2000,0000140000,Z014,TU,CB001,,
0002000364,3000,0000140100,0002,TU,CB002,,
0002000364,2000,0000140000,0002,,CB001,,
0002000365,1000,0000140100,0002,,CB002,,
0002000366,3000,0000140100,0001,TU,CB001,,
0002000367,2000,0000140000,0002,S,CB001,,
0002000368,3000,0000140000,0001,,CB001,,
0002000368,1000,0000140000,0001,,CB002,,
0002000369,2000,0000140100,0002,TU,CB002,,
0002000369,3000,0000140100,0001,S,CB001,,
0002000370,2000,0000140100,Z014,S,CB002,,
0002000371,2000,0000140000,Z014,S,,,
0002000372,1000,0000140100,0001,S,CB002,,
0002000373,1000,0000140000,Z014,S,,,
0002000373,2000,0000140100,Z014,TU,CB002,,
0002000374,1000,0000140000,0001,S,CB001,,
0002000375,2000,0000140000,0002,S,CB001,,
0002000376,2000,0000140100,Z030,TU,,,
0002000377,2000,0000140000,Z030,TU,,,
0002000378,1000,0000140000,Z030,S,,,
0002000379,2000,0000140000,Z014,,CB001,,
0002000380,2000,0000140100,0002,TU,,,
0002000381,1000,0000140000,NT30,TU,CB001,,
0002000382,3000,0000140100,Z014,TU,,,
0002000383,3000,0000140000,Z014,TU,CB002,,
0002000383,1000,0000140000,Z014,TU,CB002,,
0002000384,1000,0000140000,Z030,,CB002,,
0002000385,3000,0000140100,0001,S,,,
0002000386,1000,0000140000,0001,TU,CB002,,
0002000386,2000,0000140000,Z030,TU,CB002,,
0002000387,2000,0000140100,Z030,S,CB002,,
0002000388,1000,0000140100,NT30,,,,
0002000388,2000,0000140100,0002,TU,CB001,,
0002000389,1000,0000140000,0001,S,CB002,,
0002000390,2000,0000140000,Z014,S,,,
0002000391,2000,0000140100,NT30,TU,CB002,,
0002000391,3000,0000140000,0001,,CB001,,
0002000392,2000,0000140000,Z030,TU,CB001,,
0002000393,1000,0000140100,Z030,TU,CB001,,
0002000394,1000,0000140000,0001,S,CB002,,
0002000394,3000,0000140000,Z014,S,,,
0002000395,2000,0000140000,0001,S,,,
0002000396,2000,0000140100,0001,,CB001,,
0002000396,3000,0000140100,0001,S,,,
0002000397,3000,0000140100,Z030,,CB001,,
0002000398,3000,0000140100,0002,S,CB002,,
0002000399,3000,0000140100,NT30,S,CB002,,
0002000400,2000,0000140000,Z014,S,,,
0002000400,3000,0000140100,0002,TU,,,
0002000401,1000,0000140100,Z030,S,CB002,,
0002000402,1000,0000140000,Z014,S,,,
0002000402,2000,0000140000,0001,S,,,
0002000403,2000,0000140000,NT30,S,CB001,,
0002000404,3000,0000140000,0001,S,CB001,,
0002000404,2000,0000140000,0002,TU,CB001,,
0002000405,1000,0000140000,0002,S,CB001,,
0002000406,3000,0000140000,Z030,S,CB002,,
0002000407,3000,0000140000,0002,TU,CB002,,
0002000407,2000,0000140000,0001,S,CB002,,
0002000408,1000,0000140000,0001,S,CB002,,
0002000408,3000,0000140000,0001,S,CB002,,
0002000409,1000,0000140000,0001,,,,
0002000409,3000,0000140000,NT30,S,CB001,,
0002000410,1000,0000140000,0002,TU,,,
0002000411,1000,0000140000,0001,S,CB001,,
0002000412,2000,0000140000,NT30,TU,CB002,,
0002000413,2000,0000140000,Z030,S,CB002,,
0002000414,2000,0000140100,0001,TU,CB002,,
0002000415,3000,0000140100,Z014,,CB002,,
0002000415,1000,0000140000,Z014,TU,CB002,,
0002000416,3000,0000140000,Z014,S,CB001,,
0002000416,1000,0000140000,NT30,S,CB001,,
0002000417,3000,0000140100,Z030,S,CB001,,
0002000418,2000,0000140000,Z030,TU,CB002,,
0002000419,3000,0000140100,Z030,,CB001,,
0002000420,3000,0000140100,NT30,,CB001,,
0002000421,2000,0000140000,NT30,S,CB002,,
0002000422,2000,0000140100,Z014,TU,,,
0002000423,2000,0000140000,NT30,TU,,,
0002000423,3000,0000140000,Z030,TU,,,
0002000424,2000,0000140100,NT30,TU,CB001,,
0002000425,1000,0000140100,0002,TU,CB001,,
0002000426,1000,0000140000,0002,,CB002,,
0002000426,3000,0000140000,0002,S,CB002,,
0002000427,1000,0000140100,NT30,,CB001,,
0002000428,1000,0000140100,NT30,S,CB001,,
0002000429,2000,0000140000,Z030,S,CB002,,
0002000430,3000,0000140000,NT30,TU,,,
0002000430,2000,0000140100,Z014,S,,,
0002000431,1000,0000140100,NT30,,CB002,,
0002000431,2000,0000140000,Z014,TU,CB001,,
0002000432,2000,0000140100,Z030,TU,CB001,,
0002000433,1000,0000140000,NT30,,CB001,,
0002000434,1000,0000140100,0002,TU,CB001,,
0002000435,3000,0000140000,Z030,TU,,,
0002000435,1000,0000140000,Z030,S,,,
0002000436,1000,0000140100,Z030,TU,CB002,,
0002000436,2000,0000140100,0002,,CB002,,
0002000437,3000,0000140100,NT30,,CB001,,
0002000437,1000,0000140000,NT30,,CB001,,
0002000438,1000,0000140100,Z014,S,CB001,,
0002000438,3000,0000140000,NT30,,CB001,,
0002000439,1000,0000140100,0002,,,,
0002000440,1000,0000140100,Z014,TU,CB001,,
0002000441,1000,0000140000,Z014,,CB001,,
0002000441,3000,0000140100,Z014,S,CB001,,
0002000442,2000,0000140000,Z030,S,CB002,,
0002000443,3000,0000140100,Z030,S,CB001,,
0002000444,3000,0000140100,0001,TU,CB002,,
0002000445,3000,0000140100,Z014,TU,CB001,,
0002000446,2000,0000140000,0002,,CB001,,
0002000447,1000,0000140000,Z030,S,,,
0002000448,2000,0000140000,NT30,,CB001,,
0002000448,1000,0000140000,0002,S,CB001,,
0002000449,1000,0000140100,0002,TU,CB001,,
0002000450,1000,0000140000,Z014,,CB001,,
0002000451,1000,0000140100,Z014,,,,
0002000452,1000,0000140100,Z014,,,,
0002000453,3000,0000140000,Z030,S,,,
0002000454,3000,0000140000,NT30,TU,CB001,,
0002000455,1000,0000140100,Z014,S,,,
0002000455,3000,0000140100,0001,,CB001,,
0002000456,1000,0000140100,0002,TU,CB002,,
0002000457,3000,0000140000,NT30,S,CB002,,
0002000457,1000,0000140000,Z014,S,,,
0002000458,1000,0000140100,NT30,TU,CB002,,
0002000458,2000,0000140000,Z030,,,,
0002000459,3000,0000140100,Z030,S,CB002,,
0002000460,3000,0000140100,0002,S,CB001,,
0002000461,3000,0000140100,0001,TU,CB001,,
0002000462,3000,0000140000,Z030,,CB001,,
0002000463,2000,0000140000,Z014,,CB001,,
0002000464,1000,0000140100,Z030,,,,
0002000465,1000,0000140000,0001,S,CB002,,
0002000466,2000,0000140000,Z030,TU,,,
0002000466,1000,0000140000,0002,TU,,,
0002000467,1000,0000140000,0002,TU,,,
0002000468,1000,0000140000,0002,TU,,,
0002000469,1000,0000140100,Z030,TU,CB001,,
0002000469,3000,0000140000,0001,S,,,
0002000470,2000,0000140100,0002,S,,,
0002000471,2000,0000140100,Z014,S,,,
0002000472,1000,0000140100,Z014,TU,CB002,,
0002000473,1000,0000140100,0002,S,CB002,,
0002000474,1000,0000140000,0002,S,,,
0002000475,2000,0000140000,Z014,,,,
0002000476,3000,0000140100,0001,S,,,
0002000476,2000,0000140000,NT30,S,CB002,,
0002000477,1000,0000140100,0002,TU,CB002,,
0002000478,1000,0000140100,0002,,,,
0002000479,1000,0000140000,Z014,S,,,
0002000480,2000,0000140100,0001,TU,CB002,,
0002000480,3000,0000140100,NT30,TU,,,
0002000481,3000,0000140100,Z014,,CB001,,
0002000481,2000,0000140100,Z014,,,,
0002000482,3000,0000140100,0001,,CB002,,
0002000483,3000,0000140000,Z014,TU,CB001,,
0002000484,2000,0000140100,0002,TU,,,
0002000485,1000,0000140000,NT30,S,CB001,,
0002000485,2000,0000140100,0001,TU,CB002,,
0002000486,2000,0000140000,NT30,S,CB002,,
0002000487,2000,0000140100,0001,,,,
0002000488,1000,0000140000,0001,S,CB001,,
0002000489,3000,0000140000,NT30,S,CB002,,
0002000490,3000,0000140000,0001,TU,CB001,,
0002000490,1000,0000140100,Z014,,CB002,,
0002000491,2000,0000140000,0002,S,,,
0002000492,2000,0000140000,NT30,,,,
0002000493,3000,0000140000,0002,TU,CB002,,
0002000494,1000,0000140000,0001,S,,,
0002000495,1000,0000140100,0002,,CB002,,
0002000496,3000,0000140000,NT30,TU,CB001,,
0002000496,1000,0000140100,Z030,S,,,
0002000497,2000,0000140100,NT30,,CB001,,
0002000497,1000,0000140100,0002,S,CB002,,
0002000498,3000,0000140000,0001,,CB001,,
0002000499,1000,0000140100,0001,,CB002,,
0002000500,1000,0000140100,0002,TU,CB002,,
0002000501,1000,0000140100,0002,,CB001,,
0002000502,3000,0000140100,NT30,S,CB002,,
0002000503,1000,0000140000,Z030,S,CB001,,
0002000504,1000,0000140000,0002,,,,
0002000505,3000,0000140000,NT30,S,CB001,,
0002000506,1000,0000140000,0001,TU,CB002,,
0002000507,3000,0000140100,Z014,S,CB002,,
0002000508,3000,0000140000,0002,S,CB002,,
0002000509,2000,0000140100,Z014,TU,CB002,,
0002000510,3000,0000140100,NT30,,,,
0002000510,2000,0000140100,NT30,S,CB002,,
0002000511,1000,0000140000,Z014,TU,,,
0002000512,1000,0000140100,0001,TU,CB001,,
0002000513,3000,0000140100,0001,TU,CB002,,
0002000513,1000,0000140000,Z014,,CB001,,
0002000514,3000,0000140000,0001,S,CB001,,
0002000515,3000,0000140000,0002,TU,,,
0002000516,2000,0000140100,0002,,,,
0002000517,1000,0000140000,NT30,,CB002,,
0002000518,2000,0000140000,0002,,,,
0002000519,1000,0000140100,Z030,TU,CB001,,
0002000520,3000,0000140100,Z030,,,,
0002000521,1000,0000140000,Z030,S,CB002,,
0002000521,2000,0000140100,NT30,,,,
0002000522,1000,0000140100,Z030,,,,
0002000523,2000,0000140100,NT30,,CB002,,
0002000523,3000,0000140000,Z014,,,,
0002000524,3000,0000140100,0002,S,,,
0002000525,3000,0000140000,Z030,,CB001,,
0002000526,1000,0000140100,Z014,,,,
0002000526,3000,0000140000,0002,TU,CB002,,
0002000527,3000,0000140100,Z030,TU,CB002,,
0002000528,1000,0000140100,NT30,S,,,
0002000529,3000,0000140100,0002,TU,CB002,,
0002000530,1000,0000140100,Z030,S,CB001,,
0002000531,2000,0000140100,Z030,,,,
0002000532,3000,0000140000,NT30,TU,CB002,,
0002000533,3000,0000140100,Z030,TU,CB001,,
0002000534,2000,0000140100,0001,S,CB002,,
0002000534,1000,0000140100,0001,S,CB001,,
0002000535,2000,0000140000,0001,,,,
0002000536,3000,0000140100,0001,S,,,
0002000537,2000,0000140000,NT30,S,CB002,,
0002000538,3000,0000140000,NT30,,CB002,,
0002000539,2000,0000140100,Z030,S,,,
0002000540,3000,0000140100,0002,TU,CB002,,
0002000541,1000,0000140000,Z030,TU,CB002,,
0002000542,1000,0000140000,0002,S,,,
0002000543,3000,0000140100,0001,TU,CB001,,
0002000544,1000,0000140100,Z014,,,,
0002000545,2000,0000140000,Z030,TU,CB002,,
0002000545,3000,0000140100,NT30,TU,CB001,,
0002000546,3000,0000140000,Z030,TU,CB002,,
0002000547,3000,0000140000,0002,,CB001,,
0002000547,2000,0000140100,Z030,TU,,,
0002000548,1000,0000140000,NT30,TU,,,
0002000549,2000,0000140000,0002,,CB001,,
0002000550,3000,0000140100,0002,,,,
0002000551,2000,0000140100,NT30,TU,,,
0002000552,2000,0000140000,0002,S,CB002,,
0002000553,2000,0000140000,Z030,S,,,
0002000553,3000,0000140000,Z014,S,,,
0002000554,1000,0000140000,Z030,S,CB001,,
0002000555,2000,0000140100,0002,,CB002,,
0002000556,2000,0000140100,NT30,S,CB001,,
0002000557,3000,0000140000,0001,TU,CB002,,
0002000558,1000,0000140100,Z030,TU,CB002,,
0002000559,1000,0000140100,0001,S,CB001,,
0002000560,2000,0000140100,Z014,S,CB001,,
0002000561,2000,0000140000,0001,S,,,
0002000562,2000,0000140000,Z030,TU,CB001,,
0002000563,2000,0000140100,Z030,TU,CB001,,
0002000564,1000,0000140000,0002,TU,CB002,,
0002000565,3000,0000140100,0002,S,CB001,,
0002000566,1000,0000140000,0001,,CB002,,
0002000567,2000,0000140000,Z014,,CB002,,
0002000567,3000,0000140000,0002,TU,CB002,,
0002000568,1000,0000140100,Z030,,,,
0002000569,2000,0000140100,0002,S,CB002,,
0002000569,1000,0000140000,0002,S,CB002,,
0002000570,2000,0000140000,Z014,,,,
0002000571,3000,0000140000,0002,S,CB002,,
0002000572,1000,0000140100,Z030,S,CB001,,
0002000572,3000,0000140100,Z014,TU,,,
0002000573,3000,0000140000,NT30,S,,,
0002000574,1000,0000140000,0001,,,,
0002000575,2000,0000140100,0002,TU,,,
0002000576,3000,0000140100,NT30,S,CB002,,
0002000576,1000,0000140000,NT30,S,CB002,,
0002000577,3000,0000140000,0001,S,CB001,,
0002000578,1000,0000140000,Z014,S,,,
0002000579,3000,0000140100,NT30,S,,,
0002000579,2000,0000140000,0002,S,CB002,,
0002000580,2000,0000140000,0001,TU,CB001,,
0002000581,3000,0000140100,0001,,CB002,,
0002000581,2000,0000140100,Z030,,CB002,,
0002000582,1000,0000140100,0001,S,CB002,,
0002000583,3000,0000140000,0001,S,CB001,,
0002000584,2000,0000140000,Z030,TU,CB001,,
0002000584,1000,0000140000,0001,TU,CB002,,
0002000585,3000,0000140100,0002,,CB002,,
0002000586,1000,0000140100,Z014,,CB001,,
0002000587,1000,0000140100,0002,TU,,,
0002000587,3000,0000140100,Z030,TU,,,
0002000588,3000,0000140100,0002,,,,
0002000589,1000,0000140100,Z014,,,,
0002000590,3000,0000140100,Z030,S,CB002,,
0002000590,2000,0000140100,0002,,,,
0002000591,3000,0000140100,0001,S,,,
0002000592,3000,0000140100,0002,,CB002,,
0002000593,1000,0000140100,Z014,S,,,
0002000594,1000,0000140000,Z014,TU,,,
0002000595,3000,0000140100,Z014,TU,,,
0002000596,3000,0000140100,0002,S,CB002,,
0002000597,3000,0000140000,Z014,S,CB002,,
0002000597,1000,0000140100,0001,S,CB002,,
0002000598,1000,0000140100,Z030,,CB001,,
0002000598,2000,0000140100,Z030,S,CB002,,
0002000599,3000,0000140000,0001,,CB002,,
0002000599,1000,0000140100,NT30,TU,CB002,,
0002000600,2000,0000140000,0002,,CB001,,
0002000601,1000,0000140100,0001,S,,,
0002000602,3000,0000140100,0001,TU,,,
0002000602,1000,0000140000,0001,S,CB001,,
0002000603,2000,0000140000,0001,S,CB001,,
0002000604,2000,0000140000,0001,TU,CB001,,
0002000604,1000,0000140100,Z014,TU,,,
0002000605,1000,0000140000,0002,TU,CB002,,
0002000605,3000,0000140100,NT30,TU,CB001,,
0002000606,3000,0000140000,0002,,,,
0002000607,2000,0000140000,Z014,TU,CB002,,
0002000607,1000,0000140000,0002,S,,,
0002000608,1000,0000140000,0001,,CB002,,
0002000608,3000,0000140000,0002,S,,,
0002000609,1000,0000140000,0002,S,CB001,,
0002000609,3000,0000140100,0002,,CB001,,
0002000610,3000,0000140000,NT30,S,CB001,,
0002000611,1000,0000140000,0002,TU,,,
0002000612,3000,0000140100,Z030,TU,,,
0002000613,3000,0000140100,0001,S,CB001,,
0002000613,2000,0000140100,0002,,,,
0002000614,1000,0000140100,0001,TU,,,
0002000615,1000,0000140000,NT30,,CB001,,
0002000616,2000,0000140100,Z030,S,,,
0002000617,2000,0000140100,Z014,TU,CB001,,
0002000618,3000,0000140000,Z014,,,,
0002000619,2000,0000140100,NT30,S,CB001,,
0002000620,1000,0000140100,Z030,,CB001,,
0002000621,1000,0000140000,Z014,S,,,
0002000622,2000,0000140000,0002,,CB001,,
0002000623,3000,0000140100,0001,,CB002,,
0002000623,1000,0000140100,Z014,S,CB002,,
0002000624,2000,0000140100,NT30,S,CB002,,
0002000625,2000,0000140100,Z014,,CB001,,
0002000626,2000,0000140000,Z030,TU,CB002,,
0002000627,1000,0000140100,0001,TU,CB001,,
0002000628,1000,0000140000,0001,,CB001,,
0002000629,3000,0000140000,NT30,,CB001,,
0002000630,3000,0000140100,0002,S,,,
0002000631,3000,0000140100,Z014,TU,CB001,,
0002000631,2000,0000140100,0001,,,,
0002000632,2000,0000140100,0002,,CB001,,
0002000633,1000,0000140000,Z014,S,CB001,,
0002000633,3000,0000140000,Z014,S,CB001,,
0002000634,1000,0000140000,0001,,,,
0002000635,3000,0000140100,Z030,,CB001,,
0002000635,1000,0000140100,Z030,TU,CB001,,
0002000636,1000,0000140000,NT30,,CB002,,
0002000637,2000,0000140000,Z014,S,CB002,,
0002000638,3000,0000140000,NT30,S,CB002,,
0002000639,1000,0000140000,0002,TU,CB001,,
0002000640,3000,0000140000,0001,,CB001,,
0002000640,2000,0000140000,0001,S,CB001,,
0002000641,3000,0000140000,Z030,TU,CB002,,
0002000641,2000,0000140100,NT30,TU,CB001,,
0002000642,1000,0000140000,Z014,S,CB001,,
0002000643,2000,0000140000,Z014,,,,
0002000644,1000,0000140100,0002,S,CB001,,
0002000645,3000,0000140100,Z030,TU,,,
0002000646,3000,0000140100,Z030,S,CB002,,
0002000647,1000,0000140100,NT30,S,CB001,,
0002000648,2000,0000140100,0002,TU,CB002,,
0002000649,1000,0000140100,0002,TU,CB002,,
0002000650,3000,0000140000,NT30,S,CB002,,
0002000650,2000,0000140100,Z030,TU,,,
0002000651,3000,0000140000,Z014,,,,
0002000651,2000,0000140000,0002,,,,
0002000652,1000,0000140100,NT30,S,CB002,,
0002000653,3000,0000140000,NT30,,,,
0002000654,3000,0000140000,0001,S,CB002,,
0002000655,3000,0000140000,Z014,TU,CB001,,
0002000656,2000,0000140000,0002,,CB002,,
0002000657,2000,0000140000,Z030,TU,CB002,,
0002000658,1000,0000140000,NT30,TU,,,
0002000658,3000,0000140100,0001,,CB001,,
0002000659,2000,0000140000,0002,TU,,,
0002000660,2000,0000140000,0002,,,,
0002000661,2000,0000140100,Z030,TU,CB002,,
0002000661,3000,0000140000,Z014,,CB002,,
0002000662,3000,0000140000,0002,TU,CB002,,
0002000662,1000,0000140100,0002,S,CB001,,
0002000663,1000,0000140000,NT30,,CB002,,
0002000664,2000,0000140000,Z030,,CB001,,
0002000665,1000,0000140000,Z030,TU,CB001,,
0002000666,1000,0000140100,Z030,TU,CB001,,
0002000667,3000,0000140100,Z014,S,,,
0002000668,3000,0000140100,0002,S,CB001,,
0002000668,2000,0000140000,NT30,,CB002,,
0002000669,2000,0000140000,Z030,TU,CB002,,
0002000669,1000,0000140000,0001,,CB001,,
0002000670,2000,0000140100,Z030,S,CB002,,
0002000670,1000,0000140100,Z030,S,CB001,,
0002000671,1000,0000140000,0001,TU,CB001,,
0002000671,3000,0000140000,0002,S,CB001,,
0002000672,3000,0000140000,Z014,,CB001,,
0002000673,1000,0000140000,0002,,CB001,,
0002000673,3000,0000140100,0002,TU,,,
0002000674,2000,0000140100,0002,,CB001,,
0002000675,3000,0000140000,NT30,,CB001,,
0002000676,2000,0000140000,Z014,TU,CB002,,
0002000677,1000,0000140000,NT30,TU,,,
0002000677,2000,0000140000,Z014,,CB002,,
0002000678,3000,0000140100,0001,,CB002,,
0002000678,1000,0000140100,0002,,,,
0002000679,3000,0000140000,NT30,TU,,,
0002000679,2000,0000140000,0001,S,CB002,,
0002000680,1000,0000140100,NT30,TU,CB002,,
0002000681,1000,0000140000,Z030,TU,,,
0002000681,2000,0000140000,Z014,S,CB002,,
0002000682,2000,0000140100,0001,S,CB001,,
0002000683,3000,0000140100,0002,TU,CB002,,
0002000684,2000,0000140000,Z014,S,CB002,,
0002000685,3000,0000140000,Z014,,CB002,,
0002000686,2000,0000140000,Z014,S,CB001,,
0002000687,1000,0000140000,NT30,S,,,
0002000687,2000,0000140100,0001,S,CB001,,
0002000688,2000,0000140000,Z014,,CB002,,
0002000688,1000,0000140000,Z030,TU,CB002,,
0002000689,3000,0000140000,0001,,,,
0002000690,2000,0000140100,Z014,TU,CB002,,
0002000690,3000,0000140000,NT30,TU,CB001,,
0002000691,3000,0000140100,Z030,,,,
0002000691,2000,0000140100,NT30,,CB002,,
0002000692,3000,0000140100,0002,,,,
0002000693,2000,0000140100,0001,TU,CB002,,
0002000693,3000,0000140100,0001,,CB001,,
0002000694,3000,0000140000,0001,,CB002,,
0002000695,2000,0000140100,0001,S,CB001,,
0002000696,2000,0000140100,Z014,TU,,,
0002000696,3000,0000140100,Z030,S,,,
0002000697,3000,0000140100,NT30,S,CB001,,
0002000697,1000,0000140100,Z014,,,,
0002000698,1000,0000140100,Z014,,CB001,,
0002000699,1000,0000140000,0002,TU,CB002,,
0002000700,3000,0000140000,NT30,TU,CB001,,
0002000701,3000,0000140000,Z030,S,,,
0002000702,3000,0000140000,NT30,S,CB002,,
0002000703,3000,0000140100,NT30,S,CB001,,
0002000704,2000,0000140100,0001,TU,CB001,,
0002000704,1000,0000140100,Z030,,CB002,,
0002000705,2000,0000140000,NT30,TU,CB001,,
0002000706,1000,0000140100,0002,S,CB001,,
0002000707,1000,0000140000,NT30,S,CB001,,
0002000707,2000,0000140100,0002,S,CB002,,
0002000708,1000,0000140100,0002,TU,,,
0002000708,2000,0000140100,0002,TU,CB001,,
0002000709,2000,0000140000,0002,,CB002,,
0002000710,3000,0000140000,0001,,CB002,,
0002000711,1000,0000140100,Z030,S,CB001,,
0002000712,2000,0000140000,NT30,TU,CB001,,
0002000713,3000,0000140100,NT30,,CB001,,
0002000714,1000,0000140100,Z014,S,,,
0002000715,1000,0000140000,0002,TU,,,
0002000716,2000,0000140000,Z014,,CB001,,
0002000717,3000,0000140100,NT30,,CB001,,
0002000717,2000,0000140000,NT30,TU,,,
0002000718,2000,0000140100,Z014,S,CB002,,
0002000718,3000,0000140000,Z030,TU,CB002,,
0002000719,2000,0000140000,0002,,CB002,,
0002000720,2000,0000140000,0002,S,,,
0002000721,3000,0000140000,0002,S,CB002,,
0002000722,3000,0000140000,Z014,S,CB002,,
0002000723,2000,0000140100,Z014,S,CB002,,
0002000724,1000,0000140100,0001,,CB001,,
0002000725,1000,0000140000,0002,TU,,,
0002000726,3000,0000140100,0001,,CB001,,
0002000726,2000,0000140100,0002,,CB001,,
0002000727,3000,0000140000,0001,TU,CB002,,
0002000728,2000,0000140100,NT30,TU,,,
0002000729,2000,0000140000,NT30,TU,CB002,,
0002000730,2000,0000140000,Z014,,CB001,,
0002000731,2000,0000140100,NT30,,CB001,,
0002000732,1000,0000140100,0002,S,CB001,,
0002000733,1000,0000140000,Z030,TU,CB002,,
0002000734,3000,0000140000,Z014,TU,CB002,,
0002000735,1000,0000140000,NT30,S,,,
0002000736,3000,0000140100,Z014,S,CB002,,
0002000737,1000,0000140100,0002,,CB002,,
0002000738,1000,0000140000,Z030,S,CB001,,
0002000739,3000,0000140000,NT30,,CB002,,
0002000739,1000,0000140100,NT30,S,CB001,,
0002000740,2000,0000140000,Z014,TU,,,
0002000741,1000,0000140000,0001,S,CB002,,
0002000742,2000,0000140000,NT30,S,CB002,,
0002000743,3000,0000140100,0002,S,CB001,,
0002000744,1000,0000140100,Z014,TU,,,
0002000745,1000,0000140000,Z014,TU,CB001,,
0002000746,1000,0000140000,0001,S,CB001,,
0002000747,2000,0000140000,Z030,TU,,,
0002000748,1000,0000140000,0001,,,,
0002000749,1000,0000140100,Z014,TU,CB001,,
0002000750,2000,0000140100,0002,S,CB002,,
0002000751,3000,0000140000,0002,S,CB002,,
0002000752,2000,0000140100,0002,,CB001,,
0002000753,3000,0000140000,0001,S,CB002,,
0002000753,2000,0000140100,0001,S,CB001,,
0002000754,1000,0000140000,0002,S,CB002,,
0002000754,3000,0000140100,NT30,,CB001,,
0002000755,1000,0000140100,0002,TU,CB001,,
0002000755,3000,0000140100,Z030,,,,
0002000756,3000,0000140000,Z030,S,CB002,,
0002000757,2000,0000140100,0002,S,CB001,,
0002000758,3000,0000140100,0002,,,,
0002000758,2000,0000140100,Z030,TU,,,
0002000759,2000,0000140000,NT30,S,CB002,,
0002000760,1000,0000140000,0001,,CB001,,
0002000761,3000,0000140000,0002,,CB001,,
0002000761,2000,0000140100,Z014,TU,,,
0002000762,2000,0000140100,NT30,S,CB001,,
0002000763,3000,0000140000,NT30,S,CB002,,
0002000764,3000,0000140100,NT30,TU,CB002,,
0002000765,1000,0000140100,0002,TU,CB001,,
0002000766,3000,0000140100,0001,,CB002,,
0002000767,1000,0000140000,0001,TU,,,
0002000767,2000,0000140000,0001,,,,
0002000768,3000,0000140000,NT30,S,,,
0002000768,2000,0000140000,Z030,S,,,
0002000769,3000,0000140000,NT30,S,,,
0002000770,2000,0000140100,Z030,S,,,
0002000770,1000,0000140000,0002,,,,
0002000771,1000,0000140100,NT30,S,CB001,,
0002000772,2000,0000140000,NT30,S,CB001,,
0002000773,3000,0000140100,0002,TU,,,
0002000774,1000,0000140100,Z030,,,,
0002000775,1000,0000140000,NT30,,,,
0002000775,2000,0000140000,NT30,S,,,
0002000776,1000,0000140100,0002,TU,CB001,,
0002000777,1000,0000140000,Z030,,,,
0002000778,2000,0000140100,0001,TU,,,
0002000779,1000,0000140000,NT30,TU,CB002,,
0002000780,2000,0000140000,0002,,CB002,,
0002000781,1000,0000140000,Z030,TU,CB002,,
0002000781,3000,0000140000,0001,,,,
0002000782,2000,0000140000,0001,S,CB002,,
0002000783,1000,0000140000,Z014,S,CB001,,
0002000784,2000,0000140100,0001,,,,
0002000785,1000,0000140100,Z030,,CB002,,
0002000786,2000,0000140100,0001,,CB002,,
0002000787,3000,0000140000,Z014,TU,,,
0002000788,2000,0000140000,Z030,,CB002,,
0002000788,3000,0000140000,0001,S,CB001,,
0002000789,3000,0000140100,Z030,TU,,,
0002000790,3000,0000140000,Z014,TU,CB002,,
0002000791,1000,0000140000,0001,S,CB002,,
0002000792,1000,0000140100,Z030,S,,,
0002000793,3000,0000140000,Z030,S,,,
0002000794,3000,0000140000,0001,,CB002,,
0002000794,1000,0000140000,Z030,TU,,,
0002000795,1000,0000140000,0001,TU,CB002,,
0002000796,2000,0000140000,NT30,S,CB001,,
0002000797,3000,0000140000,NT30,TU,CB002,,
0002000798,2000,0000140000,NT30,S,CB002,,
0002000799,3000,0000140100,Z030,,CB001,,
0002000799,1000,0000140000,NT30,TU,CB001,,
0002000800,2000,0000140000,0001,,,,
0002000800,1000,0000140000,0001,TU,CB001,,
0002000801,2000,0000140100,Z014,,CB002,,
0002000802,1000,0000140000,0002,TU,CB001,,
0002000802,3000,0000140100,0002,S,,,
0002000803,3000,0000140000,NT30,,CB002,,
0002000804,2000,0000140000,0002,,CB001,,
0002000805,2000,0000140100,0001,TU,,,
0002000806,2000,0000140000,0001,,,,
0002000807,3000,0000140100,Z030,,CB001,,
0002000808,3000,0000140100,0001,TU,CB002,,
0002000809,3000,0000140000,0002,TU,CB001,,
0002000809,2000,0000140000,NT30,TU,,,
0002000810,3000,0000140100,NT30,,CB001,,
0002000811,3000,0000140100,Z030,S,CB001,,
0002000812,2000,0000140100,Z030,S,CB002,,
0002000813,2000,0000140000,Z030,S,,,
0002000814,3000,0000140100,0002,S,CB001,,
0002000815,1000,0000140100,Z014,,,,
0002000816,2000,0000140000,0002,,CB002,,
0002000816,3000,0000140100,0002,S,CB002,,
0002000817,1000,0000140100,NT30,,CB001,,
0002000818,1000,0000140000,0001,TU,,,
0002000819,1000,0000140000,NT30,TU,CB001,,
0002000820,3000,0000140000,Z030,S,CB002,,
0002000820,1000,0000140000,Z030,,,,
0002000821,1000,0000140000,0002,S,,,
0002000822,1000,0000140100,Z014,TU,,,
0002000823,2000,0000140000,0001,TU,CB002,,
0002000824,2000,0000140000,NT30,TU,,,
0002000824,3000,0000140000,Z030,,CB001,,
0002000825,1000,0000140100,0002,,,,
0002000825,2000,0000140000,Z014,,CB001,,
0002000826,3000,0000140000,0002,,,,
0002000827,3000,0000140000,Z030,S,CB002,,
0002000828,3000,0000140100,Z030,TU,,,
0002000829,1000,0000140100,0002,S,,,
0002000829,3000,0000140000,Z014,S,CB001,,
0002000830,3000,0000140000,NT30,TU,CB001,,
0002000831,3000,0000140000,Z030,,,,
0002000831,2000,0000140100,NT30,TU,CB002,,
0002000832,2000,0000140100,0002,TU,CB002,,
0002000833,3000,0000140100,NT30,S,CB001,,
0002000834,2000,0000140100,NT30,S,CB002,,
0002000835,3000,0000140100,NT30,,CB001,,
0002000836,3000,0000140000,Z030,TU,CB002,,
0002000837,2000,0000140100,Z014,,,,
0002000837,1000,0000140000,0002,,CB001,,
0002000838,3000,0000140100,0001,,,,
0002000839,2000,0000140000,0001,S,CB001,,
0002000839,3000,0000140100,NT30,S,,,
0002000840,1000,0000140100,0002,,CB001,,
0002000841,1000,0000140100,0002,,CB001,,
0002000842,2000,0000140000,Z030,S,,,
0002000843,2000,0000140100,Z014,S,CB001,,
0002000844,3000,0000140000,Z030,S,CB002,,
0002000845,2000,0000140000,Z030,TU,CB001,,
0002000846,3000,0000140100,Z014,TU,,,
0002000847,1000,0000140000,Z030,,CB002,,
0002000847,3000,0000140000,0001,S,,,
0002000848,3000,0000140100,Z030,,CB001,,
0002000849,2000,0000140000,NT30,TU,CB001,,
0002000850,2000,0000140000,Z030,S,CB002,,
0002000851,3000,0000140100,0002,S,CB001,,
0002000851,1000,0000140000,0002,TU,CB002,,
0002000852,2000,0000140100,Z014,TU,CB002,,
0002000853,1000,0000140000,0001,TU,CB002,,
0002000854,3000,0000140100,0001,S,CB001,,
0002000855,1000,0000140000,Z014,TU,CB001,,
0002000856,1000,0000140000,0002,,CB001,,
0002000857,2000,0000140100,0002,S,,,
0002000858,3000,0000140000,Z030,S,CB002,,
0002000859,2000,0000140000,Z030,S,,,
0002000860,2000,0000140100,Z014,,CB001,,
0002000861,2000,0000140100,0002,TU,,,
0002000862,3000,0000140100,0001,,CB002,,
0002000863,3000,0000140000,NT30,,,,
0002000863,2000,0000140000,Z014,S,,,
0002000864,1000,0000140100,NT30,,CB002,,
0002000865,1000,0000140100,NT30,TU,CB001,,
0002000865,3000,0000140100,0001,TU,,,
0002000866,3000,0000140100,0002,,,,
0002000866,2000,0000140000,0001,S,,,
0002000867,2000,0000140100,0001,S,CB001,,
0002000868,3000,0000140100,Z014,TU,CB002,,
0002000869,3000,0000140000,Z014,,CB002,,
0002000870,1000,0000140100,0001,TU,CB001,,
0002000870,3000,0000140000,Z030,TU,,,
0002000871,2000,0000140000,NT30,TU,CB001,,
0002000872,2000,0000140000,0001,TU,CB002,,
0002000873,2000,0000140100,Z014,TU,CB001,,
0002000874,1000,0000140100,0002,S,CB001,,
0002000875,1000,0000140000,NT30,TU,CB002,,
0002000876,1000,0000140100,Z030,,,,
0002000877,1000,0000140000,Z030,,,,
0002000878,1000,0000140000,Z030,TU,,,
0002000879,1000,0000140100,Z030,TU,,,
0002000880,2000,0000140000,0001,S,CB001,,
0002000881,3000,0000140000,Z014,S,CB001,,
0002000882,3000,0000140100,Z030,TU,CB001,,
0002000883,2000,0000140100,Z030,TU,CB002,,
0002000884,3000,0000140000,Z014,,,,
0002000884,1000,0000140000,0001,TU,CB002,,
0002000885,2000,0000140000,Z030,S,CB001,,
0002000886,2000,0000140000,Z030,TU,,,
0002000886,1000,0000140000,Z014,,CB001,,
0002000887,3000,0000140000,0002,TU,CB001,,
0002000887,1000,0000140100,Z014,,,,
0002000888,2000,0000140000,Z030,TU,CB001,,
0002000888,3000,0000140000,Z014,TU,CB001,,
0002000889,1000,0000140100,NT30,S,CB002,,
0002000890,2000,0000140000,0002,S,CB002,,
0002000891,2000,0000140100,0002,,CB001,,
0002000892,1000,0000140000,NT30,TU,CB002,,
0002000893,2000,0000140100,NT30,TU,,,
0002000894,3000,0000140100,Z014,S,CB001,,
0002000895,3000,0000140000,Z030,TU,,,
0002000896,1000,0000140100,Z014,TU,CB001,,
0002000897,3000,0000140000,NT30,TU,CB001,,
0002000898,1000,0000140100,Z030,,,,
0002000898,3000,0000140100,0002,TU,CB002,,
0002000899,2000,0000140100,0002,S,CB002,,
0002000900,3000,0000140000,0001,,CB002,,
