MATNR,SPRAS,MAKTX
000000000000100001,DE,Weststrand Zahnpasta 75ml
000000000000100001,EN,Weststrand Toothpaste 75ml
000000000000100002,DE,Nordsee Taschentücher 15x10
000000000000100002,EN,Nordsee Tissues 15x10
000000000000100003,DE,Waldbach Eiscreme Vanille 900ml
000000000000100004,DE,Morgentau Kidneybohnen 400g
000000000000100005,DE,Morgentau Magermilch 1L
000000000000100006,DE,Lindenhof Küchenrolle 4 Rollen
000000000000100006,EN,Lindenhof Kitchen roll 4 Rollen
000000000000100007,DE,Goldähre Kidneybohnen 400g
000000000000100007,EN,Goldähre Kidney beans 400g
000000000000100008,DE,Hansen Küchenrolle 4 Rollen
000000000000100008,EN,Hansen Kitchen roll 4 Rollen
000000000000100009,DE,Rotbuche Toastbrot 500g
000000000000100009,EN,Rotbuche Toast bread 500g
000000000000100010,DE,Umkarton Handseife
000000000000100010,EN,Outer case Hand soap
000000000000100011,DE,Umkarton Pils
000000000000100011,EN,Outer case Pilsner beer
000000000000100012,DE,Sonnenhof Toastbrot 750g
000000000000100012,EN,Sonnenhof Toast bread 750g
000000000000100013,DE,Nordsee Katzenfutter Fisch 400g
000000000000100014,DE,Fruchtgummi lose
000000000000100015,DE,"Nordsee Mineralwasser still 6x0,5L"
000000000000100015,EN,"Nordsee Still mineral water 6x0,5L"
000000000000100016,DE,"Nordsee Mineralwasser still 1,5L"
000000000000100016,EN,"Nordsee Still mineral water 1,5L"
000000000000100017,DE,"Sonnenhof Vollmilch 3,5% 0,5L"
000000000000100017,EN,"Sonnenhof Whole milk 3.5% 0,5L"
000000000000100018,DE,Feldmann Bonbon Waldfrucht 150g
000000000000100019,DE,Goldähre Croissant 4 St
000000000000100019,EN,Goldähre Croissant 4 St
000000000000100020,DE,Umkarton Schlagsahne
000000000000100020,EN,Outer case Whipping cream
000000000000100021,DE,"Goldähre Mineralwasser still 6x0,5L"
000000000000100021,EN,"Goldähre Still mineral water 6x0,5L"
000000000000100022,DE,Lindenhof Butterkeks 200g
000000000000100023,DE,Seeblick Zahnpasta 75ml
000000000000100023,EN,Seeblick Toothpaste 75ml
000000000000100024,DE,Alpenrose Hundefutter Rind 400g
000000000000100025,DE,Almtal Kidneybohnen 400g
000000000000100025,EN,Almtal Kidney beans 400g
000000000000100026,DE,Waldbach Spülmittel 500ml
000000000000100027,DE,Nordsee Bonbon Waldfrucht 150g
000000000000100028,DE,Gutsherr Speisequark 250g
000000000000100028,EN,Gutsherr Quark 250g
000000000000100029,DE,Hansen Kidneybohnen 400g
000000000000100029,EN,Hansen Kidney beans 400g
000000000000100030,DE,Umkarton Duschgel
000000000000100031,DE,Feldmann Speisequark 500g
000000000000100032,DE,Seeblick Toastbrot 750g
000000000000100032,EN,Seeblick Toast bread 750g
000000000000100033,DE,Umkarton Hundefutter Rind
000000000000100033,EN,Outer case Dog food beef
000000000000100034,DE,"Feldmann Mineralwasser still 1,5L"
000000000000100034,EN,"Feldmann Still mineral water 1,5L"
000000000000100035,DE,Morgentau Erbsen 400g
000000000000100035,EN,Morgentau Peas 400g
000000000000100036,DE,Dienstleistung Croissant
000000000000100036,EN,Service Croissant
000000000000100037,DE,Dienstleistung Bonbon Waldfrucht
000000000000100037,EN,Service Forest fruit sweets
000000000000100038,DE,Seeblick Mais 300g
000000000000100038,EN,Seeblick Sweetcorn 300g
000000000000100039,DE,"Waldbach Waschpulver 1,35kg"
000000000000100039,EN,"Waldbach Washing powder 1,35kg"
000000000000100040,DE,Alpenrose Kidneybohnen 400g
000000000000100040,EN,Alpenrose Kidney beans 400g
000000000000100041,DE,Morgentau Toastbrot 750g
000000000000100041,EN,Morgentau Toast bread 750g
000000000000100042,DE,Dienstleistung Speisequark
000000000000100043,DE,Hansen Hundefutter Rind 400g
000000000000100044,DE,Gutsherr Mais 300g
000000000000100044,EN,Gutsherr Sweetcorn 300g
000000000000100045,DE,"Nordsee Waschpulver 1,35kg"
000000000000100045,EN,"Nordsee Washing powder 1,35kg"
000000000000100046,DE,Umkarton Toilettenpapier
000000000000100047,DE,Nordsee Fruchtgummi 200g
000000000000100047,EN,Nordsee Fruit gums 200g
000000000000100048,DE,Umkarton Toilettenpapier
000000000000100048,EN,Outer case Toilet paper
000000000000100049,DE,Kristall Apfelsaft 1L
000000000000100049,EN,Kristall Apple juice 1L
000000000000100050,DE,"Weststrand Eistee Pfirsich 1,5L"
000000000000100051,DE,Alpenrose Pizza Salami 350g
000000000000100051,EN,Alpenrose Salami pizza 350g
000000000000100052,DE,Goldähre Küchenrolle 4 Rollen
000000000000100052,EN,Goldähre Kitchen roll 4 Rollen
000000000000100053,DE,"Lindenhof Vollmilch 3,5% 1L"
000000000000100053,EN,Lindenhof Whole milk 3.5% 1L
000000000000100054,DE,Feldmann Küchenrolle 4 Rollen
000000000000100054,EN,Feldmann Kitchen roll 4 Rollen
000000000000100055,DE,Umkarton Zahnpasta
000000000000100055,EN,Outer case Toothpaste
000000000000100056,DE,Umkarton Eistee Pfirsich
000000000000100056,EN,Outer case Iced tea peach
000000000000100057,DE,Bergquell Toilettenpapier 10 Rollen
000000000000100058,DE,"Seeblick Waschpulver 1,35kg"
000000000000100059,DE,Morgentau Toilettenpapier 10 Rollen
000000000000100059,EN,Morgentau Toilet paper 10 Rollen
000000000000100060,DE,Sonnenhof Gemüsemischung 750g
000000000000100060,EN,Sonnenhof Mixed vegetables 750g
000000000000100061,DE,zzz alt
000000000000100062,DE,Hansen Orangensaft 1L
000000000000100062,EN,Hansen Orange juice 1L
000000000000100063,DE,Bergquell Zwieback 225g
000000000000100063,EN,Bergquell Rusk 225g
000000000000100064,DE,Alpenrose Taschentücher 15x10
000000000000100064,EN,Alpenrose Tissues 15x10
000000000000100065,DE,Morgentau Erbsen 400g
000000000000100066,DE,Lachsfilet lose
000000000000100067,DE,Lindenhof Hundefutter Rind 400g
000000000000100068,DE,Waldbach Katzenfutter Fisch 400g
000000000000100068,EN,Waldbach Cat food fish 400g
000000000000100069,DE,Almtal Eiscreme Vanille 900ml
000000000000100070,DE,Feldmann Handseife 500ml
000000000000100070,EN,Feldmann Hand soap 500ml
000000000000100071,DE,Nordsee Bonbon Waldfrucht 150g
000000000000100071,EN,Nordsee Forest fruit sweets 150g
000000000000100072,DE,Morgentau Fruchtgummi 200g
000000000000100072,EN,Morgentau Fruit gums 200g
000000000000100073,DE,Umkarton Zahnpasta
000000000000100073,EN,Outer case Toothpaste
000000000000100074,DE,Rotbuche Butterkeks 200g
000000000000100074,EN,Rotbuche Butter biscuits 200g
000000000000100075,DE,Bergquell Pommes frites 1kg
000000000000100075,EN,Bergquell French fries 1kg
000000000000100076,DE,Almtal Taschentücher 15x10
000000000000100077,DE,Kristall Fruchtgummi 200g
000000000000100077,EN,Kristall Fruit gums 200g
000000000000100078,DE,Hansen Shampoo 300ml
000000000000100078,EN,Hansen Shampoo 300ml
000000000000100079,DE,Butterkeks lose
000000000000100079,EN,Butter biscuits bulk
000000000000100080,DE,Feldmann Allzweckreiniger 750ml
000000000000100081,DE,"Bergquell Mineralwasser still 6x0,5L"
000000000000100082,DE,Kristall Katzenfutter Fisch 400g
000000000000100082,EN,Kristall Cat food fish 400g
000000000000100083,DE,Bergquell Toilettenpapier 10 Rollen
000000000000100083,EN,Bergquell Toilet paper 10 Rollen
000000000000100084,DE,Rotbuche Hundefutter Rind 400g
000000000000100084,EN,Rotbuche Dog food beef 400g
000000000000100085,DE,Goldähre Küchenrolle 4 Rollen
000000000000100085,EN,Goldähre Kitchen roll 4 Rollen
000000000000100086,DE,"Waldbach Cola 1,5L"
000000000000100086,EN,"Waldbach Cola 1,5L"
000000000000100087,DE,Rotbuche Eiscreme Vanille 900ml
000000000000100088,DE,Umkarton Speisequark
000000000000100089,DE,Weststrand Tomaten gehackt 400g
000000000000100089,EN,Weststrand Chopped tomatoes 400g
000000000000100090,DE,Rotbuche Eiscreme Vanille 900ml
000000000000100090,EN,Rotbuche Vanilla ice cream 900ml
000000000000100091,DE,Hansen Müllbeutel 60L 10 St
000000000000100091,EN,Hansen Bin bags 60L 10 St
000000000000100092,DE,Bergquell Katzenfutter Fisch 400g
000000000000100092,EN,Bergquell Cat food fish 400g
000000000000100093,DE,Waldbach Hundefutter Rind 400g
000000000000100094,DE,Umkarton Orangensaft
000000000000100095,DE,Handseife lose
000000000000100095,EN,Hand soap bulk
000000000000100096,DE,Rotbuche Taschentücher 15x10
000000000000100097,DE,Kristall Lachsfilet 200g
000000000000100097,EN,Kristall Salmon fillet 200g
000000000000100098,DE,Kristall Croissant 4 St
000000000000100098,EN,Kristall Croissant 4 St
000000000000100099,DE,Gutsherr Thunfisch 185g
000000000000100099,EN,Gutsherr Tuna 185g
000000000000100100,DE,Almtal Taschentücher 15x10
000000000000100100,EN,Almtal Tissues 15x10
000000000000100101,DE,Morgentau Apfelsaft 1L
000000000000100101,EN,Morgentau Apple juice 1L
000000000000100102,DE,Waldbach Croissant 4 St
000000000000100103,DE,Umkarton Katzenfutter Fisch
000000000000100103,EN,Outer case Cat food fish
000000000000100104,DE,Weststrand Pommes frites 1kg
000000000000100104,EN,Weststrand French fries 1kg
000000000000100105,DE,Lindenhof Schokolade Vollmilch 200g
000000000000100105,EN,Lindenhof Milk chocolate 200g
000000000000100106,DE,Umkarton Küchenrolle
000000000000100106,EN,Outer case Kitchen roll
000000000000100107,DE,Rotbuche Vollkornbrot 500g
000000000000100107,EN,Rotbuche Wholemeal bread 500g
000000000000100108,DE,Allzweckreiniger lose
000000000000100108,EN,All-purpose cleaner bulk
000000000000100109,DE,"Almtal Waschpulver 1,35kg"
000000000000100109,EN,"Almtal Washing powder 1,35kg"
000000000000100110,DE,Umkarton Allzweckreiniger
000000000000100110,EN,Outer case All-purpose cleaner
000000000000100111,DE,Gutsherr Gemüsemischung 750g
000000000000100111,EN,Gutsherr Mixed vegetables 750g
000000000000100112,DE,Hansen Shampoo 300ml
000000000000100113,DE,Sonnenhof Pommes frites 1kg
000000000000100113,EN,Sonnenhof French fries 1kg
000000000000100114,DE,"Sonnenhof Waschpulver 1,35kg"
000000000000100114,EN,"Sonnenhof Washing powder 1,35kg"
000000000000100115,DE,Weststrand Pizza Salami 350g
000000000000100115,EN,Weststrand Salami pizza 350g
000000000000100116,DE,Speisequark lose
000000000000100116,EN,Quark bulk
000000000000100117,DE,Kristall Brötchen 6 St
000000000000100117,EN,Kristall Bread rolls 6 St
000000000000100118,DE,Kristall Küchenrolle 4 Rollen
000000000000100119,DE,Weststrand Lachsfilet 200g
000000000000100119,EN,Weststrand Salmon fillet 200g
000000000000100120,DE,Kristall Erbsen 400g
000000000000100120,EN,Kristall Peas 400g
000000000000100121,DE,Seeblick Hundefutter Rind 400g
000000000000100121,EN,Seeblick Dog food beef 400g
000000000000100122,DE,Lindenhof Shampoo 300ml
000000000000100122,EN,Lindenhof Shampoo 300ml
000000000000100123,DE,Rotbuche Müllbeutel 60L 10 St
000000000000100123,EN,Rotbuche Bin bags 60L 10 St
000000000000100124,DE,Nordsee Spülmittel 500ml
000000000000100124,EN,Nordsee Washing-up liquid 500ml
000000000000100125,DE,Alpenrose Shampoo 300ml
000000000000100125,EN,Alpenrose Shampoo 300ml
000000000000100126,DE,Umkarton Vollkornbrot
000000000000100126,EN,Outer case Wholemeal bread
000000000000100127,DE,Rotbuche Orangensaft 1L
000000000000100128,DE,Seeblick Bonbon Waldfrucht 150g
000000000000100128,EN,Seeblick Forest fruit sweets 150g
000000000000100129,DE,Morgentau Eiscreme Vanille 900ml
000000000000100129,EN,Morgentau Vanilla ice cream 900ml
000000000000100130,DE,Umkarton Vollkornbrot
000000000000100130,EN,Outer case Wholemeal bread
000000000000100131,DE,Umkarton Taschentücher
000000000000100132,DE,Weststrand Müllbeutel 60L 10 St
000000000000100132,EN,Weststrand Bin bags 60L 10 St
000000000000100133,DE,Morgentau Hundefutter Rind 400g
000000000000100133,EN,Morgentau Dog food beef 400g
000000000000100134,DE,Waldbach Shampoo 300ml
000000000000100134,EN,Waldbach Shampoo 300ml
000000000000100135,DE,Almtal Schlagsahne 200g
000000000000100135,EN,Almtal Whipping cream 200g
000000000000100136,DE,Kristall Handseife 500ml
000000000000100136,EN,Kristall Hand soap 500ml
000000000000100137,DE,Küchenrolle lose
000000000000100137,EN,Kitchen roll bulk
000000000000100138,DE,Kristall Shampoo 300ml
000000000000100138,EN,Kristall Shampoo 300ml
000000000000100139,DE,Waldbach Schokolade Vollmilch 100g
000000000000100139,EN,Waldbach Milk chocolate 100g
000000000000100140,DE,Hundefutter Rind lose
000000000000100140,EN,Dog food beef bulk
000000000000100141,DE,Gutsherr Tomaten gehackt 400g
000000000000100141,EN,Gutsherr Chopped tomatoes 400g
000000000000100142,DE,Almtal Apfelsaft 1L
000000000000100142,EN,Almtal Apple juice 1L
000000000000100143,DE,Almtal Toilettenpapier 10 Rollen
000000000000100143,EN,Almtal Toilet paper 10 Rollen
000000000000100144,DE,Seeblick Pizza Salami 350g
000000000000100144,EN,Seeblick Salami pizza 350g
000000000000100145,DE,Umkarton Küchenrolle
000000000000100145,EN,Outer case Kitchen roll
000000000000100146,DE,Weststrand Shampoo 300ml
000000000000100146,EN,Weststrand Shampoo 300ml
000000000000100147,DE,Waldbach Katzenfutter Fisch 400g
000000000000100148,DE,Umkarton Mais
000000000000100149,DE,Almtal Schokolade Vollmilch 100g
000000000000100149,EN,Almtal Milk chocolate 100g
000000000000100150,DE,Goldähre Pommes frites 1kg
000000000000100151,DE,Hansen Spülmittel 500ml
000000000000100152,DE,Bergquell Magermilch 1L
000000000000100152,EN,Bergquell Skimmed milk 1L
000000000000100153,DE,Bergquell Schokolade Vollmilch 200g
000000000000100153,EN,Bergquell Milk chocolate 200g
000000000000100154,DE,Almtal Müllbeutel 60L 10 St
000000000000100155,DE,Waldbach Bonbon Waldfrucht 150g
000000000000100155,EN,Waldbach Forest fruit sweets 150g
000000000000100156,DE,Dienstleistung Schlagsahne
000000000000100157,DE,Sonnenhof Müllbeutel 60L 10 St
000000000000100157,EN,Sonnenhof Bin bags 60L 10 St
000000000000100158,DE,Goldähre Hundefutter Rind 400g
000000000000100159,DE,Nordsee Spülmittel 500ml
000000000000100159,EN,Nordsee Washing-up liquid 500ml
000000000000100160,DE,Bergquell Toilettenpapier 10 Rollen
000000000000100161,DE,Umkarton Katzenfutter Fisch
000000000000100162,DE,Rotbuche Schnittkäse 200g
000000000000100162,EN,Rotbuche Sliced cheese 200g
000000000000100163,DE,Sonnenhof Magermilch 1L
000000000000100163,EN,Sonnenhof Skimmed milk 1L
000000000000100164,DE,Umkarton Croissant
000000000000100164,EN,Outer case Croissant
000000000000100165,DE,MORGENTAU GEMÜSEMISCHUNG 750G
000000000000100165,EN,Morgentau Mixed vegetables 750g
000000000000100166,DE,Almtal Taschentücher 15x10
000000000000100167,DE,Morgentau Shampoo 300ml
000000000000100167,EN,Morgentau Shampoo 300ml
000000000000100168,DE,Dienstleistung Erbsen
000000000000100169,DE,Alpenrose Shampoo 300ml
000000000000100169,EN,Alpenrose Shampoo 300ml
000000000000100170,DE,"Gutsherr Mineralwasser still 6x0,5L"
000000000000100170,EN,"Gutsherr Still mineral water 6x0,5L"
000000000000100171,DE,Waldbach Brötchen 6 St
000000000000100171,EN,Waldbach Bread rolls 6 St
000000000000100172,DE,Vollkornbrot lose
000000000000100172,EN,Wholemeal bread bulk
000000000000100173,DE,Morgentau Taschentücher 15x10
000000000000100173,EN,Morgentau Tissues 15x10
000000000000100174,DE,Kristall Fruchtgummi 200g
000000000000100174,EN,Kristall Fruit gums 200g
000000000000100175,DE,Morgentau Hundefutter Rind 400g
000000000000100175,EN,Morgentau Dog food beef 400g
000000000000100176,DE,Rotbuche Müllbeutel 60L 10 St
000000000000100176,EN,Rotbuche Bin bags 60L 10 St
000000000000100177,DE,Weststrand Thunfisch 185g
000000000000100177,EN,Weststrand Tuna 185g
000000000000100178,DE,"Sonnenhof Waschpulver 1,35kg"
000000000000100178,EN,"Sonnenhof Washing powder 1,35kg"
000000000000100179,DE,Morgentau Spülmittel 500ml
000000000000100179,EN,Morgentau Washing-up liquid 500ml
000000000000100180,DE,"Sonnenhof Pils 6x0,33L"
000000000000100181,DE,Weststrand Shampoo 300ml
000000000000100181,EN,Weststrand Shampoo 300ml
000000000000100182,DE,Dienstleistung Zahnpasta
000000000000100183,DE,Seeblick Pizza Salami 350g
000000000000100183,EN,Seeblick Salami pizza 350g
000000000000100184,DE,"Morgentau Vollmilch 3,5% 0,5L"
000000000000100185,DE,Waldbach Küchenrolle 4 Rollen
000000000000100185,EN,Waldbach Kitchen roll 4 Rollen
000000000000100186,DE,Umkarton Mais
000000000000100187,DE,Cola lose
000000000000100187,EN,Cola bulk
000000000000100188,DE,Sonnenhof Shampoo 300ml
000000000000100188,EN,Sonnenhof Shampoo 300ml
000000000000100189,DE,Taschentücher lose
000000000000100189,EN,Tissues bulk
000000000000100190,DE,Goldähre Croissant 4 St
000000000000100191,DE,Dienstleistung Pommes frites
000000000000100191,EN,Service French fries
000000000000100192,DE,"Gutsherr Cola 1,5L"
000000000000100192,EN,"Gutsherr Cola 1,5L"
000000000000100193,DE,Waldbach Spülmittel 500ml
000000000000100193,EN,Waldbach Washing-up liquid 500ml
000000000000100194,DE,Lindenhof Gemüsemischung 750g
000000000000100194,EN,Lindenhof Mixed vegetables 750g
000000000000100195,DE,Feldmann Handseife 500ml
000000000000100195,EN,Feldmann Hand soap 500ml
000000000000100196,DE,Alpenrose Vollkornbrot 500g
000000000000100197,DE,Feldmann Katzenfutter Fisch 400g
000000000000100197,EN,Feldmann Cat food fish 400g
000000000000100198,DE,Dienstleistung Handseife
000000000000100198,EN,Service Hand soap
000000000000100199,DE,Thunfisch lose
000000000000100199,EN,Tuna bulk
000000000000100200,DE,Lindenhof Erbsen 400g
000000000000100200,EN,Lindenhof Peas 400g
000000000000100201,DE,"ALMTAL MINERALWASSER STILL 1,5L"
000000000000100201,EN,"Almtal Still mineral water 1,5L"
000000000000100202,DE,Rotbuche Kidneybohnen 400g
000000000000100203,DE,Weststrand Mais 300g
000000000000100203,EN,Weststrand Sweetcorn 300g
000000000000100204,DE,Umkarton Küchenrolle
000000000000100204,EN,Outer case Kitchen roll
000000000000100205,DE,Weststrand Duschgel 250ml
000000000000100205,EN,Weststrand Shower gel 250ml
000000000000100206,DE,Weststrand Allzweckreiniger 750ml
000000000000100206,EN,Weststrand All-purpose cleaner 750ml
000000000000100207,DE,Taschentücher lose
000000000000100207,EN,Tissues bulk
000000000000100208,DE,Rotbuche Gemüsemischung 750g
000000000000100208,EN,Rotbuche Mixed vegetables 750g
000000000000100209,DE,Feldmann Apfelsaft 1L
000000000000100209,EN,Feldmann Apple juice 1L
000000000000100210,DE,Morgentau Taschentücher 15x10
000000000000100210,EN,Morgentau Tissues 15x10
000000000000100211,DE,Gutsherr Zahnpasta 75ml
000000000000100212,DE,Bergquell Pommes frites 1kg
000000000000100212,EN,Bergquell French fries 1kg
000000000000100213,DE,Umkarton Pizza Salami
000000000000100214,DE,Toastbrot lose
000000000000100214,EN,Toast bread bulk
000000000000100215,DE,Goldähre Katzenfutter Fisch 400g
000000000000100215,EN,Goldähre Cat food fish 400g
000000000000100216,DE,Umkarton Bonbon Waldfrucht
000000000000100217,DE,Bergquell Pizza Salami 350g
000000000000100217,EN,Bergquell Salami pizza 350g
000000000000100218,DE,Nordsee Spülmittel 500ml
000000000000100218,EN,Nordsee Washing-up liquid 500ml
000000000000100219,DE,Nordsee Mais 300g
000000000000100219,EN,Nordsee Sweetcorn 300g
000000000000100220,DE,Seeblick Croissant 4 St
000000000000100220,EN,Seeblick Croissant 4 St
000000000000100221,DE,Hansen Hundefutter Rind 400g
000000000000100222,DE,"Lindenhof Vollmilch 3,5% 0,5L"
000000000000100222,EN,"Lindenhof Whole milk 3.5% 0,5L"
000000000000100223,DE,Rotbuche Allzweckreiniger 750ml
000000000000100223,EN,Rotbuche All-purpose cleaner 750ml
000000000000100224,DE,Sonnenhof Katzenfutter Fisch 400g
000000000000100224,EN,Sonnenhof Cat food fish 400g
000000000000100225,DE,Lindenhof Schokolade Vollmilch 200g
000000000000100225,EN,Lindenhof Milk chocolate 200g
000000000000100226,DE,Kristall Bonbon Waldfrucht 150g
000000000000100226,EN,Kristall Forest fruit sweets 150g
000000000000100227,DE,Kristall Pommes frites 1kg
000000000000100228,DE,Seeblick Handseife 500ml
000000000000100228,EN,Seeblick Hand soap 500ml
000000000000100229,DE,Umkarton Allzweckreiniger
000000000000100229,EN,Outer case All-purpose cleaner
000000000000100230,DE,Brötchen lose
000000000000100231,DE,Umkarton Bonbon Waldfrucht
000000000000100232,DE,Küchenrolle lose
000000000000100233,DE,Weststrand Pizza Salami 350g
000000000000100234,DE,Lindenhof Erbsen 400g
000000000000100234,EN,Lindenhof Peas 400g
000000000000100235,DE,Kristall Magermilch 1L
000000000000100235,EN,Kristall Skimmed milk 1L
000000000000100236,DE,Lindenhof Pommes frites 1kg
000000000000100236,EN,Lindenhof French fries 1kg
000000000000100237,DE,Gutsherr Toilettenpapier 10 Rollen
000000000000100238,DE,Lindenhof Orangensaft 1L
000000000000100238,EN,Lindenhof Orange juice 1L
000000000000100239,DE,Feldmann Hundefutter Rind 400g
000000000000100239,EN,Feldmann Dog food beef 400g
000000000000100240,DE,Umkarton Eiscreme Vanille
000000000000100241,DE,Umkarton Butterkeks
000000000000100241,EN,Outer case Butter biscuits
000000000000100242,DE,Seeblick Mais 300g
000000000000100242,EN,Seeblick Sweetcorn 300g
000000000000100243,DE,Bergquell Schnittkäse 400g
000000000000100243,EN,Bergquell Sliced cheese 400g
000000000000100244,DE,xxx
000000000000100245,DE,Lindenhof Zahnpasta 75ml
000000000000100246,DE,Waldbach Toastbrot 750g
000000000000100246,EN,Waldbach Toast bread 750g
000000000000100247,DE,Goldähre Küchenrolle 4 Rollen
000000000000100247,EN,Goldähre Kitchen roll 4 Rollen
000000000000100248,DE,Lindenhof Handseife 500ml
000000000000100248,EN,Lindenhof Hand soap 500ml
000000000000100249,DE,Lindenhof Speisequark 500g
000000000000100249,EN,Lindenhof Quark 500g
000000000000100250,DE,Goldähre Toilettenpapier 10 Rollen
000000000000100250,EN,Goldähre Toilet paper 10 Rollen
000000000000100251,DE,Dienstleistung Katzenfutter Fisch
000000000000100251,EN,Service Cat food fish
000000000000100252,DE,"Goldähre Waschpulver 1,35kg"
000000000000100252,EN,"Goldähre Washing powder 1,35kg"
000000000000100253,DE,Weststrand Küchenrolle 4 Rollen
000000000000100254,DE,Seeblick Katzenfutter Fisch 400g
000000000000100254,EN,Seeblick Cat food fish 400g
000000000000100255,DE,Rotbuche Croissant 4 St
000000000000100255,EN,Rotbuche Croissant 4 St
000000000000100256,DE,Umkarton Bonbon Waldfrucht
000000000000100256,EN,Outer case Forest fruit sweets
000000000000100257,DE,Feldmann Duschgel 250ml
000000000000100257,EN,Feldmann Shower gel 250ml
000000000000100258,DE,Gutsherr Butter mildgesäuert 250g
000000000000100259,DE,Seeblick Allzweckreiniger 750ml
000000000000100260,DE,Almtal Handseife 500ml
000000000000100260,EN,Almtal Hand soap 500ml
000000000000100261,DE,Morgentau Kidneybohnen 400g
000000000000100261,EN,Morgentau Kidney beans 400g
000000000000100262,DE,Seeblick Toastbrot 750g
000000000000100263,DE,Waldbach Küchenrolle 4 Rollen
000000000000100263,EN,Waldbach Kitchen roll 4 Rollen
000000000000100264,DE,Dienstleistung Taschentücher
000000000000100265,DE,Morgentau Taschentücher 15x10
000000000000100265,EN,Morgentau Tissues 15x10
000000000000100266,DE,Goldähre Toilettenpapier 10 Rollen
000000000000100267,DE,Allzweckreiniger lose
000000000000100267,EN,All-purpose cleaner bulk
000000000000100268,DE,Goldähre Apfelsaft 1L
000000000000100269,DE,Gutsherr Butterkeks 200g
000000000000100269,EN,Gutsherr Butter biscuits 200g
000000000000100270,DE,Weststrand Küchenrolle 4 Rollen
000000000000100271,DE,Goldähre Fruchtgummi 200g
000000000000100272,DE,Umkarton Tomaten gehackt
000000000000100272,EN,Outer case Chopped tomatoes
000000000000100273,DE,"Waldbach Eistee Pfirsich 1,5L"
000000000000100273,EN,"Waldbach Iced tea peach 1,5L"
000000000000100274,DE,Butterkeks lose
000000000000100274,EN,Butter biscuits bulk
000000000000100275,DE,Seeblick Duschgel 250ml
000000000000100275,EN,Seeblick Shower gel 250ml
000000000000100276,DE,"Rotbuche Waschpulver 1,35kg"
000000000000100276,EN,"Rotbuche Washing powder 1,35kg"
000000000000100277,DE,Nordsee Thunfisch 185g
000000000000100277,EN,Nordsee Tuna 185g
000000000000100278,DE,Sonnenhof Croissant 4 St
000000000000100278,EN,Sonnenhof Croissant 4 St
000000000000100279,DE,"Kristall Waschpulver 1,35kg"
000000000000100279,EN,"Kristall Washing powder 1,35kg"
000000000000100280,DE,Nordsee Schokolade Vollmilch 100g
000000000000100281,DE,Umkarton Thunfisch
000000000000100281,EN,Outer case Tuna
000000000000100282,DE,"Lindenhof Waschpulver 1,35kg"
000000000000100282,EN,"Lindenhof Washing powder 1,35kg"
000000000000100283,DE,Bonbon Waldfrucht lose
000000000000100283,EN,Forest fruit sweets bulk
000000000000100284,DE,Weststrand Magermilch 1L
000000000000100284,EN,Weststrand Skimmed milk 1L
000000000000100285,DE,Hansen Fruchtgummi 200g
000000000000100285,EN,Hansen Fruit gums 200g
000000000000100286,DE,Alpenrose Küchenrolle 4 Rollen
000000000000100287,DE,Umkarton Toastbrot
000000000000100287,EN,Outer case Toast bread
000000000000100288,DE,Nordsee Schokolade Vollmilch 200g
000000000000100289,DE,Weststrand Katzenfutter Fisch 400g
000000000000100289,EN,Weststrand Cat food fish 400g
000000000000100290,DE,Gutsherr Kidneybohnen 400g
000000000000100290,EN,Gutsherr Kidney beans 400g
000000000000100291,DE,Feldmann Hundefutter Rind 400g
000000000000100292,DE,Lindenhof Bonbon Waldfrucht 150g
000000000000100292,EN,Lindenhof Forest fruit sweets 150g
000000000000100293,DE,Rotbuche Pommes frites 1kg
000000000000100293,EN,Rotbuche French fries 1kg
000000000000100294,DE,Gutsherr Butterkeks 200g
000000000000100294,EN,Gutsherr Butter biscuits 200g
000000000000100295,DE,Waldbach Spülmittel 500ml
000000000000100296,DE,Lindenhof Mais 300g
000000000000100296,EN,Lindenhof Sweetcorn 300g
000000000000100297,DE,Hansen Butterkeks 200g
000000000000100297,EN,Hansen Butter biscuits 200g
000000000000100298,DE,Morgentau Hundefutter Rind 400g
000000000000100299,DE,Sonnenhof Vollkornbrot 500g
000000000000100299,EN,Sonnenhof Wholemeal bread 500g
000000000000100300,DE,Kristall Gemüsemischung 750g
000000000000100301,DE,"Waldbach Vollmilch 3,5% 0,5L"
000000000000100301,EN,"Waldbach Whole milk 3.5% 0,5L"
000000000000100302,DE,Lindenhof Butter mildgesäuert 250g
000000000000100302,EN,Lindenhof Butter mildly soured 250g
000000000000100303,DE,"Bergquell Waschpulver 1,35kg"
000000000000100304,DE,Morgentau Erbsen 400g
000000000000100304,EN,Morgentau Peas 400g
000000000000100305,DE,Umkarton Pizza Salami
000000000000100305,EN,Outer case Salami pizza
000000000000100306,DE,Mais lose
000000000000100306,EN,Sweetcorn bulk
000000000000100307,DE,Morgentau Spülmittel 500ml
000000000000100307,EN,Morgentau Washing-up liquid 500ml
000000000000100308,DE,Dienstleistung Shampoo
000000000000100308,EN,Service Shampoo
000000000000100309,DE,Gutsherr Katzenfutter Fisch 400g
000000000000100310,DE,Hansen Toilettenpapier 10 Rollen
000000000000100310,EN,Hansen Toilet paper 10 Rollen
000000000000100311,DE,Bergquell Fruchtgummi 200g
000000000000100312,DE,"Waldbach Vollmilch 3,5% 0,5L"
000000000000100312,EN,"Waldbach Whole milk 3.5% 0,5L"
000000000000100313,DE,Bergquell Taschentücher 15x10
000000000000100313,EN,Bergquell Tissues 15x10
000000000000100314,DE,Kristall Toilettenpapier 10 Rollen
000000000000100314,EN,Kristall Toilet paper 10 Rollen
000000000000100315,DE,Seeblick Joghurt Natur 500g
000000000000100316,DE,Rotbuche Eiscreme Vanille 900ml
000000000000100316,EN,Rotbuche Vanilla ice cream 900ml
000000000000100317,DE,Weststrand Schlagsahne 200g
000000000000100317,EN,Weststrand Whipping cream 200g
000000000000100318,DE,Bergquell Katzenfutter Fisch 400g
000000000000100318,EN,Bergquell Cat food fish 400g
000000000000100319,DE,Dienstleistung Hundefutter Rind
000000000000100319,EN,Service Dog food beef
000000000000100320,DE,Allzweckreiniger lose
000000000000100320,EN,All-purpose cleaner bulk
000000000000100321,DE,Bergquell Croissant 4 St
000000000000100322,DE,Lindenhof Hundefutter Rind 400g
000000000000100323,DE,Rotbuche Küchenrolle 4 Rollen
000000000000100324,DE,Waldbach Tomaten gehackt 400g
000000000000100325,DE,"Feldmann Pils 6x0,33L"
000000000000100325,EN,"Feldmann Pilsner beer 6x0,33L"
000000000000100326,DE,Hansen Butterkeks 200g
000000000000100326,EN,Hansen Butter biscuits 200g
000000000000100327,DE,Goldähre Schokolade Vollmilch 200g
000000000000100328,DE,Kristall Zahnpasta 75ml
000000000000100328,EN,Kristall Toothpaste 75ml
000000000000100329,DE,"Nordsee Mineralwasser still 1,5L"
000000000000100329,EN,"Nordsee Still mineral water 1,5L"
000000000000100330,DE,Nordsee Küchenrolle 4 Rollen
000000000000100330,EN,Nordsee Kitchen roll 4 Rollen
000000000000100331,DE,Hansen Apfelsaft 1L
000000000000100331,EN,Hansen Apple juice 1L
000000000000100332,DE,"Feldmann Eistee Pfirsich 1,5L"
000000000000100332,EN,"Feldmann Iced tea peach 1,5L"
000000000000100333,DE,Lindenhof Joghurt Natur 150g
000000000000100333,EN,Lindenhof Plain yoghurt 150g
000000000000100334,DE,"Sonnenhof Eistee Pfirsich 1,5L"
000000000000100335,DE,Feldmann Küchenrolle 4 Rollen
000000000000100335,EN,Feldmann Kitchen roll 4 Rollen
000000000000100336,DE,Umkarton Cola
000000000000100336,EN,Outer case Cola
000000000000100337,DE,Nordsee Croissant 4 St
000000000000100337,EN,Nordsee Croissant 4 St
000000000000100338,DE,Hansen Butterkeks 200g
000000000000100338,EN,Hansen Butter biscuits 200g
000000000000100339,DE,Waldbach Duschgel 250ml
000000000000100339,EN,Waldbach Shower gel 250ml
000000000000100340,DE,ALPENROSE HUNDEFUTTER RIND 400G
000000000000100340,EN,Alpenrose Dog food beef 400g
000000000000100341,DE,Seeblick Zahnpasta 75ml
000000000000100342,DE,Umkarton Handseife
000000000000100342,EN,Outer case Hand soap
000000000000100343,DE,Umkarton Butterkeks
000000000000100344,DE,Kristall Küchenrolle 4 Rollen
000000000000100344,EN,Kristall Kitchen roll 4 Rollen
000000000000100345,DE,Umkarton Thunfisch
000000000000100346,DE,Umkarton Toastbrot
000000000000100346,EN,Outer case Toast bread
000000000000100347,DE,Hansen Kidneybohnen 400g
000000000000100347,EN,Hansen Kidney beans 400g
000000000000100348,DE,"Kristall Waschpulver 1,35kg"
000000000000100348,EN,"Kristall Washing powder 1,35kg"
000000000000100349,DE,Kristall Butterkeks 200g
000000000000100349,EN,Kristall Butter biscuits 200g
000000000000100350,DE,Almtal Fruchtgummi 200g
000000000000100350,EN,Almtal Fruit gums 200g
000000000000100351,DE,Toilettenpapier lose
000000000000100351,EN,Toilet paper bulk
000000000000100352,DE,Gutsherr Thunfisch 185g
000000000000100353,DE,Gutsherr Vollkornbrot 500g
000000000000100353,EN,Gutsherr Wholemeal bread 500g
000000000000100354,DE,Umkarton Schokolade Vollmilch
000000000000100354,EN,Outer case Milk chocolate
000000000000100355,DE,Lindenhof Toilettenpapier 10 Rollen
000000000000100355,EN,Lindenhof Toilet paper 10 Rollen
000000000000100356,DE,"Weststrand Cola 6x0,33L"
000000000000100356,EN,"Weststrand Cola 6x0,33L"
000000000000100357,DE,"Feldmann Waschpulver 1,35kg"
000000000000100357,EN,"Feldmann Washing powder 1,35kg"
000000000000100358,DE,Waldbach Küchenrolle 4 Rollen
000000000000100359,DE,Weststrand Joghurt Natur 150g
000000000000100359,EN,Weststrand Plain yoghurt 150g
000000000000100360,DE,Seeblick Mais 300g
000000000000100360,EN,Seeblick Sweetcorn 300g
000000000000100361,DE,Feldmann Erbsen 400g
000000000000100362,DE,Morgentau Bonbon Waldfrucht 150g
000000000000100363,DE,Weststrand Vollkornbrot 500g
000000000000100363,EN,Weststrand Wholemeal bread 500g
000000000000100364,DE,Rotbuche Butter mildgesäuert 250g
000000000000100364,EN,Rotbuche Butter mildly soured 250g
000000000000100365,DE,"Gutsherr Eistee Pfirsich 1,5L"
000000000000100365,EN,"Gutsherr Iced tea peach 1,5L"
000000000000100366,DE,Katzenfutter Fisch lose
000000000000100367,DE,Seeblick Speisequark 500g
000000000000100367,EN,Seeblick Quark 500g
000000000000100368,DE,Bergquell Schnittkäse 200g
000000000000100369,DE,Goldähre Schnittkäse 200g
000000000000100369,EN,Goldähre Sliced cheese 200g
000000000000100370,DE,Bergquell Spülmittel 500ml
000000000000100370,EN,Bergquell Washing-up liquid 500ml
000000000000100371,DE,Dummy
000000000000100371,EN,Weststrand Salami pizza 350g
000000000000100372,DE,Umkarton Mais
000000000000100372,EN,Outer case Sweetcorn
000000000000100373,DE,Bergquell Pizza Salami 350g
000000000000100373,EN,Bergquell Salami pizza 350g
000000000000100374,DE,Morgentau Butter mildgesäuert 250g
000000000000100374,EN,Morgentau Butter mildly soured 250g
000000000000100375,DE,Nordsee Fruchtgummi 200g
000000000000100375,EN,Nordsee Fruit gums 200g
000000000000100376,DE,Umkarton Fruchtgummi
000000000000100377,DE,Feldmann Tomaten gehackt 400g
000000000000100378,DE,Dienstleistung Thunfisch
000000000000100378,EN,Service Tuna
000000000000100379,DE,"Nordsee Mineralwasser still 6x0,5L"
000000000000100379,EN,"Nordsee Still mineral water 6x0,5L"
000000000000100380,DE,Sonnenhof Zahnpasta 75ml
000000000000100380,EN,Sonnenhof Toothpaste 75ml
000000000000100381,DE,Nordsee Orangensaft 1L
000000000000100381,EN,Nordsee Orange juice 1L
000000000000100382,DE,Waldbach Hundefutter Rind 400g
000000000000100382,EN,Waldbach Dog food beef 400g
000000000000100383,DE,Sonnenhof Croissant 4 St
000000000000100383,EN,Sonnenhof Croissant 4 St
000000000000100384,DE,Nordsee Handseife 500ml
000000000000100384,EN,Nordsee Hand soap 500ml
000000000000100385,DE,Bergquell Vollkornbrot 500g
000000000000100385,EN,Bergquell Wholemeal bread 500g
000000000000100386,DE,Bergquell Schnittkäse 200g
000000000000100386,EN,Bergquell Sliced cheese 200g
000000000000100387,DE,Waldbach Toilettenpapier 10 Rollen
000000000000100387,EN,Waldbach Toilet paper 10 Rollen
000000000000100388,DE,Seeblick Bonbon Waldfrucht 150g
000000000000100389,DE,Nordsee Mais 300g
000000000000100389,EN,Nordsee Sweetcorn 300g
000000000000100390,DE,"Weststrand Waschpulver 1,35kg"
000000000000100390,EN,"Weststrand Washing powder 1,35kg"
000000000000100391,DE,Alpenrose Schlagsahne 200g
000000000000100392,DE,Apfelsaft lose
000000000000100392,EN,Apple juice bulk
000000000000100393,DE,Morgentau Lachsfilet 200g
000000000000100393,EN,Morgentau Salmon fillet 200g
000000000000100394,DE,Waldbach Kidneybohnen 400g
000000000000100394,EN,Waldbach Kidney beans 400g
000000000000100395,DE,Waldbach Toilettenpapier 10 Rollen
000000000000100396,DE,Lindenhof Hundefutter Rind 400g
000000000000100396,EN,Lindenhof Dog food beef 400g
000000000000100397,DE,Dienstleistung Fruchtgummi
000000000000100397,EN,Service Fruit gums
000000000000100398,DE,"Seeblick Pils 6x0,33L"
000000000000100398,EN,"Seeblick Pilsner beer 6x0,33L"
000000000000100399,DE,Seeblick Hundefutter Rind 400g
000000000000100399,EN,Seeblick Dog food beef 400g
000000000000100400,DE,Bergquell Vollkornbrot 500g
000000000000100401,DE,Hansen Mais 300g
000000000000100402,DE,Nordsee Schokolade Vollmilch 100g
000000000000100403,DE,Alpenrose Thunfisch 185g
000000000000100404,DE,Alpenrose Shampoo 300ml
000000000000100404,EN,Alpenrose Shampoo 300ml
000000000000100405,DE,Nordsee Katzenfutter Fisch 400g
000000000000100405,EN,Nordsee Cat food fish 400g
000000000000100406,DE,Umkarton Vollkornbrot
000000000000100406,EN,Outer case Wholemeal bread
000000000000100407,DE,Seeblick Allzweckreiniger 750ml
000000000000100407,EN,Seeblick All-purpose cleaner 750ml
000000000000100408,DE,Pommes frites lose
000000000000100408,EN,French fries bulk
000000000000100409,DE,Alpenrose Joghurt Natur 150g
000000000000100410,DE,Dienstleistung Mais
000000000000100410,EN,Service Sweetcorn
000000000000100411,DE,Weststrand Vollkornbrot 500g
000000000000100412,DE,Weststrand Mais 300g
000000000000100412,EN,Weststrand Sweetcorn 300g
000000000000100413,DE,Seeblick Toastbrot 500g
000000000000100413,EN,Seeblick Toast bread 500g
000000000000100414,DE,KRISTALL CROISSANT 4 ST
000000000000100414,EN,Kristall Croissant 4 St
000000000000100415,DE,Nordsee Pommes frites 1kg
000000000000100415,EN,Nordsee French fries 1kg
000000000000100416,DE,"Weststrand Mineralwasser still 1,5L"
000000000000100416,EN,"Weststrand Still mineral water 1,5L"
000000000000100417,DE,"Almtal Waschpulver 1,35kg"
000000000000100418,DE,Weststrand Zahnpasta 75ml
000000000000100418,EN,Weststrand Toothpaste 75ml
000000000000100419,DE,Dienstleistung Cola
000000000000100420,DE,Hansen Brötchen 6 St
000000000000100421,DE,Nordsee Thunfisch 185g
000000000000100422,DE,Nordsee Butter mildgesäuert 250g
000000000000100422,EN,Nordsee Butter mildly soured 250g
000000000000100423,DE,Waldbach Vollkornbrot 500g
000000000000100423,EN,Waldbach Wholemeal bread 500g
000000000000100424,DE,Hansen Gemüsemischung 750g
000000000000100424,EN,Hansen Mixed vegetables 750g
000000000000100425,DE,Kristall Butter mildgesäuert 250g
000000000000100425,EN,Kristall Butter mildly soured 250g
000000000000100426,DE,Bergquell Hundefutter Rind 400g
000000000000100426,EN,Bergquell Dog food beef 400g
000000000000100427,DE,Almtal Croissant 4 St
000000000000100427,EN,Almtal Croissant 4 St
000000000000100428,DE,Weststrand Shampoo 300ml
000000000000100428,EN,Weststrand Shampoo 300ml
000000000000100429,DE,Seeblick Shampoo 300ml
000000000000100430,DE,Morgentau Katzenfutter Fisch 400g
000000000000100430,EN,Morgentau Cat food fish 400g
000000000000100431,DE,Umkarton Spülmittel
000000000000100431,EN,Outer case Washing-up liquid
000000000000100432,DE,Lindenhof Katzenfutter Fisch 400g
000000000000100432,EN,Lindenhof Cat food fish 400g
000000000000100433,DE,Goldähre Shampoo 300ml
000000000000100433,EN,Goldähre Shampoo 300ml
000000000000100434,DE,Weststrand Küchenrolle 4 Rollen
000000000000100434,EN,Weststrand Kitchen roll 4 Rollen
000000000000100435,DE,Umkarton Speisequark
000000000000100435,EN,Outer case Quark
000000000000100436,DE,Toastbrot lose
000000000000100436,EN,Toast bread bulk
000000000000100437,DE,Morgentau Taschentücher 15x10
000000000000100437,EN,Morgentau Tissues 15x10
000000000000100438,DE,Feldmann Hundefutter Rind 400g
000000000000100438,EN,Feldmann Dog food beef 400g
000000000000100439,DE,Kristall Müllbeutel 60L 10 St
000000000000100440,DE,Gutsherr Taschentücher 15x10
000000000000100440,EN,Gutsherr Tissues 15x10
000000000000100441,DE,Umkarton Pommes frites
000000000000100441,EN,Outer case French fries
000000000000100442,DE,Hansen Duschgel 250ml
000000000000100443,DE,Kristall Zwieback 225g
000000000000100443,EN,Kristall Rusk 225g
000000000000100444,DE,Bergquell Taschentücher 15x10
000000000000100444,EN,Bergquell Tissues 15x10
000000000000100445,DE,Alpenrose Hundefutter Rind 400g
000000000000100445,EN,Alpenrose Dog food beef 400g
000000000000100446,DE,Kristall Gemüsemischung 750g
000000000000100447,DE,Feldmann Fruchtgummi 200g
000000000000100447,EN,Feldmann Fruit gums 200g
000000000000100448,DE,Seeblick Kidneybohnen 400g
000000000000100448,EN,Seeblick Kidney beans 400g
000000000000100449,DE,Hundefutter Rind lose
000000000000100450,DE,"Almtal Waschpulver 1,35kg"
000000000000100450,EN,"Almtal Washing powder 1,35kg"
000000000000100451,DE,Dienstleistung Toilettenpapier
000000000000100452,DE,Taschentücher lose
000000000000100452,EN,Tissues bulk
000000000000100453,DE,Feldmann Erbsen 400g
000000000000100453,EN,Feldmann Peas 400g
000000000000100454,DE,Goldähre Allzweckreiniger 750ml
000000000000100454,EN,Goldähre All-purpose cleaner 750ml
000000000000100455,DE,Seeblick Brötchen 6 St
000000000000100455,EN,Seeblick Bread rolls 6 St
000000000000100456,DE,Gutsherr Taschentücher 15x10
000000000000100457,DE,Gutsherr Schokolade Vollmilch 200g
000000000000100457,EN,Gutsherr Milk chocolate 200g
000000000000100458,DE,Almtal Katzenfutter Fisch 400g
000000000000100459,DE,"Sonnenhof Waschpulver 1,35kg"
000000000000100460,DE,Spülmittel lose
000000000000100461,DE,100461
000000000000100462,DE,Dienstleistung Handseife
000000000000100462,EN,Service Hand soap
000000000000100463,DE,Gutsherr Müllbeutel 60L 10 St
000000000000100463,EN,Gutsherr Bin bags 60L 10 St
000000000000100464,DE,Seeblick Vollkornbrot 500g
000000000000100465,DE,Almtal Kidneybohnen 400g
000000000000100465,EN,Almtal Kidney beans 400g
000000000000100466,DE,Umkarton Küchenrolle
000000000000100466,EN,Outer case Kitchen roll
000000000000100467,DE,Tomaten gehackt lose
000000000000100467,EN,Chopped tomatoes bulk
000000000000100468,DE,Weststrand Shampoo 300ml
000000000000100468,EN,Weststrand Shampoo 300ml
000000000000100469,DE,Bergquell Katzenfutter Fisch 400g
000000000000100469,EN,Bergquell Cat food fish 400g
000000000000100470,DE,Taschentücher lose
000000000000100470,EN,Tissues bulk
000000000000100471,DE,Gutsherr Fruchtgummi 200g
000000000000100472,DE,Umkarton Küchenrolle
000000000000100472,EN,Outer case Kitchen roll
000000000000100473,DE,Weststrand Joghurt Natur 500g
000000000000100473,EN,Weststrand Plain yoghurt 500g
000000000000100474,DE,Alpenrose Erbsen 400g
000000000000100474,EN,Alpenrose Peas 400g
000000000000100475,DE,Morgentau Speisequark 500g
000000000000100476,DE,Hansen Lachsfilet 200g
000000000000100477,DE,Umkarton Zwieback
000000000000100477,EN,Outer case Rusk
000000000000100478,DE,Feldmann Küchenrolle 4 Rollen
000000000000100479,DE,Alpenrose Schlagsahne 200g
000000000000100480,DE,Kristall Lachsfilet 200g
000000000000100481,DE,Bergquell Hundefutter Rind 400g
000000000000100481,EN,Bergquell Dog food beef 400g
000000000000100482,DE,WALDBACH PIZZA SALAMI 350G
000000000000100483,DE,Bergquell Speisequark 250g
000000000000100483,EN,Bergquell Quark 250g
000000000000100484,DE,Bergquell Toilettenpapier 10 Rollen
000000000000100485,DE,Duschgel lose
000000000000100485,EN,Shower gel bulk
000000000000100486,DE,Thunfisch lose
000000000000100486,EN,Tuna bulk
000000000000100487,DE,TEST
000000000000100487,EN,Almtal Salami pizza 350g
000000000000100488,DE,Umkarton Kidneybohnen
000000000000100488,EN,Outer case Kidney beans
000000000000100489,DE,Dienstleistung Müllbeutel 60L
000000000000100489,EN,Service Bin bags 60L
000000000000100490,DE,100490
000000000000100490,EN,Bergquell Apple juice 1L
000000000000100491,DE,Alpenrose Magermilch 1L
000000000000100492,DE,Hundefutter Rind lose
000000000000100492,EN,Dog food beef bulk
000000000000100493,DE,Lindenhof Spülmittel 500ml
000000000000100493,EN,Lindenhof Washing-up liquid 500ml
000000000000100494,DE,Goldähre Duschgel 250ml
000000000000100495,DE,Waldbach Orangensaft 1L
000000000000100495,EN,Waldbach Orange juice 1L
000000000000100496,DE,Waldbach Schokolade Vollmilch 100g
000000000000100496,EN,Waldbach Milk chocolate 100g
000000000000100497,DE,Mais lose
000000000000100497,EN,Sweetcorn bulk
000000000000100498,DE,Umkarton Mais
000000000000100498,EN,Outer case Sweetcorn
000000000000100499,DE,Morgentau Duschgel 250ml
000000000000100500,DE,Bonbon Waldfrucht lose
000000000000100501,DE,Rotbuche Shampoo 300ml
000000000000100501,EN,Rotbuche Shampoo 300ml
000000000000100502,DE,Dienstleistung Tomaten gehackt
000000000000100502,EN,Service Chopped tomatoes
000000000000100503,DE,Seeblick Toastbrot 750g
000000000000100503,EN,Seeblick Toast bread 750g
000000000000100504,DE,"Alpenrose Mineralwasser still 6x0,5L"
000000000000100504,EN,"Alpenrose Still mineral water 6x0,5L"
000000000000100505,DE,Hansen Speisequark 500g
000000000000100506,DE,Weststrand Tomaten gehackt 400g
000000000000100506,EN,Weststrand Chopped tomatoes 400g
000000000000100507,DE,Morgentau Eiscreme Vanille 900ml
000000000000100507,EN,Morgentau Vanilla ice cream 900ml
000000000000100508,DE,Almtal Bonbon Waldfrucht 150g
000000000000100508,EN,Almtal Forest fruit sweets 150g
000000000000100509,DE,Morgentau Croissant 4 St
000000000000100509,EN,Morgentau Croissant 4 St
000000000000100510,DE,Gutsherr Schnittkäse 400g
000000000000100510,EN,Gutsherr Sliced cheese 400g
000000000000100511,DE,Waldbach Vollkornbrot 500g
000000000000100512,DE,Goldähre Katzenfutter Fisch 400g
000000000000100512,EN,Goldähre Cat food fish 400g
000000000000100513,DE,"Feldmann Waschpulver 1,35kg"
000000000000100514,DE,Alpenrose Bonbon Waldfrucht 150g
000000000000100514,EN,Alpenrose Forest fruit sweets 150g
000000000000100515,DE,Rotbuche Katzenfutter Fisch 400g
000000000000100515,EN,Rotbuche Cat food fish 400g
000000000000100516,DE,Feldmann Speisequark 500g
000000000000100517,DE,TBD
000000000000100517,EN,Goldähre Whipping cream 200g
000000000000100518,DE,Seeblick Butterkeks 200g
000000000000100518,EN,Seeblick Butter biscuits 200g
000000000000100519,DE,Lindenhof Vollkornbrot 500g
000000000000100519,EN,Lindenhof Wholemeal bread 500g
000000000000100520,DE,Waldbach Tomaten gehackt 400g
000000000000100520,EN,Waldbach Chopped tomatoes 400g
000000000000100521,DE,Goldähre Mais 300g
000000000000100521,EN,Goldähre Sweetcorn 300g
000000000000100522,DE,Hansen Vollkornbrot 500g
000000000000100522,EN,Hansen Wholemeal bread 500g
000000000000100523,DE,Umkarton Croissant
000000000000100523,EN,Outer case Croissant
000000000000100524,DE,Morgentau Zahnpasta 75ml
000000000000100524,EN,Morgentau Toothpaste 75ml
000000000000100525,DE,Umkarton Magermilch
000000000000100525,EN,Outer case Skimmed milk
000000000000100526,DE,Küchenrolle lose
000000000000100527,DE,Umkarton Butterkeks
000000000000100528,DE,Weststrand Katzenfutter Fisch 400g
000000000000100529,DE,Schokolade Vollmilch lose
000000000000100529,EN,Milk chocolate bulk
000000000000100530,DE,Bergquell Gemüsemischung 750g
000000000000100530,EN,Bergquell Mixed vegetables 750g
000000000000100531,DE,"Lindenhof Pils 6x0,33L"
000000000000100531,EN,"Lindenhof Pilsner beer 6x0,33L"
000000000000100532,DE,Waldbach Croissant 4 St
000000000000100532,EN,Waldbach Croissant 4 St
000000000000100533,DE,Feldmann Duschgel 250ml
000000000000100534,DE,Goldähre Zwieback 225g
000000000000100534,EN,Goldähre Rusk 225g
000000000000100535,DE,Dienstleistung Mais
000000000000100536,DE,Hansen Pizza Salami 350g
000000000000100536,EN,Hansen Salami pizza 350g
000000000000100537,DE,Kristall Müllbeutel 60L 10 St
000000000000100537,EN,Kristall Bin bags 60L 10 St
000000000000100538,DE,Waldbach Schokolade Vollmilch 200g
000000000000100539,DE,Toilettenpapier lose
000000000000100540,DE,Morgentau Duschgel 250ml
000000000000100541,DE,Bergquell Handseife 500ml
000000000000100542,DE,"Sonnenhof Mineralwasser still 6x0,5L"
000000000000100542,EN,"Sonnenhof Still mineral water 6x0,5L"
000000000000100543,DE,Morgentau Thunfisch 185g
000000000000100543,EN,Morgentau Tuna 185g
000000000000100544,DE,Waschpulver lose
000000000000100544,EN,Washing powder bulk
000000000000100545,DE,Nordsee Shampoo 300ml
000000000000100545,EN,Nordsee Shampoo 300ml
000000000000100546,DE,Dienstleistung Erbsen
000000000000100547,DE,Morgentau Katzenfutter Fisch 400g
000000000000100547,EN,Morgentau Cat food fish 400g
000000000000100548,DE,Sonnenhof Toilettenpapier 10 Rollen
000000000000100548,EN,Sonnenhof Toilet paper 10 Rollen
000000000000100549,DE,Almtal Zwieback 225g
000000000000100549,EN,Almtal Rusk 225g
000000000000100550,DE,Nordsee Hundefutter Rind 400g
000000000000100551,DE,"Rotbuche Waschpulver 1,35kg"
000000000000100551,EN,"Rotbuche Washing powder 1,35kg"
000000000000100552,DE,Gutsherr Pommes frites 1kg
000000000000100552,EN,Gutsherr French fries 1kg
000000000000100553,DE,Umkarton Speisequark
000000000000100553,EN,Outer case Quark
000000000000100554,DE,Morgentau Taschentücher 15x10
000000000000100554,EN,Morgentau Tissues 15x10
000000000000100555,DE,Waldbach Toilettenpapier 10 Rollen
000000000000100555,EN,Waldbach Toilet paper 10 Rollen
000000000000100556,DE,Bergquell Toastbrot 750g
000000000000100557,DE,Schnittkäse lose
000000000000100557,EN,Sliced cheese bulk
000000000000100558,DE,Mais lose
000000000000100559,DE,Sonnenhof Katzenfutter Fisch 400g
000000000000100559,EN,Sonnenhof Cat food fish 400g
000000000000100560,DE,Umkarton Katzenfutter Fisch
000000000000100560,EN,Outer case Cat food fish
000000000000100561,DE,Dienstleistung Butter mildgesäuert
000000000000100561,EN,Service Butter mildly soured
000000000000100562,DE,Umkarton Cola
000000000000100562,EN,Outer case Cola
000000000000100563,DE,Rotbuche Toilettenpapier 10 Rollen
000000000000100564,DE,Dienstleistung Apfelsaft
000000000000100565,DE,Bergquell Katzenfutter Fisch 400g
000000000000100565,EN,Bergquell Cat food fish 400g
000000000000100566,DE,Sonnenhof Pizza Salami 350g
000000000000100567,DE,Seeblick Handseife 500ml
000000000000100567,EN,Seeblick Hand soap 500ml
000000000000100568,DE,Umkarton Cola
000000000000100568,EN,Outer case Cola
000000000000100569,DE,Umkarton Pils
000000000000100569,EN,Outer case Pilsner beer
000000000000100570,DE,Rotbuche Zahnpasta 75ml
000000000000100570,EN,Rotbuche Toothpaste 75ml
000000000000100571,DE,Alpenrose Zahnpasta 75ml
000000000000100572,DE,Rotbuche Tomaten gehackt 400g
000000000000100572,EN,Rotbuche Chopped tomatoes 400g
000000000000100573,DE,Umkarton Fruchtgummi
000000000000100573,EN,Outer case Fruit gums
000000000000100574,DE,"Rotbuche Cola 6x0,33L"
000000000000100574,EN,"Rotbuche Cola 6x0,33L"
000000000000100575,DE,BERGQUELL KIDNEYBOHNEN 400G
000000000000100576,DE,Almtal Magermilch 1L
000000000000100576,EN,Almtal Skimmed milk 1L
000000000000100577,DE,Feldmann Toastbrot 750g
000000000000100578,DE,Hansen Magermilch 1L
000000000000100579,DE,Kristall Lachsfilet 200g
000000000000100580,DE,Kristall Pizza Salami 350g
000000000000100580,EN,Kristall Salami pizza 350g
000000000000100581,DE,Almtal Butterkeks 200g
000000000000100581,EN,Almtal Butter biscuits 200g
000000000000100582,DE,Umkarton Shampoo
000000000000100583,DE,Küchenrolle lose
000000000000100583,EN,Kitchen roll bulk
000000000000100584,DE,Bergquell Katzenfutter Fisch 400g
000000000000100584,EN,Bergquell Cat food fish 400g
000000000000100585,DE,Seeblick Butterkeks 200g
000000000000100585,EN,Seeblick Butter biscuits 200g
000000000000100586,DE,Bergquell Katzenfutter Fisch 400g
000000000000100586,EN,Bergquell Cat food fish 400g
000000000000100587,DE,Alpenrose Schokolade Vollmilch 200g
000000000000100587,EN,Alpenrose Milk chocolate 200g
000000000000100588,DE,"Lindenhof Waschpulver 1,35kg"
000000000000100588,EN,"Lindenhof Washing powder 1,35kg"
000000000000100589,DE,Feldmann Müllbeutel 60L 10 St
000000000000100589,EN,Feldmann Bin bags 60L 10 St
000000000000100590,DE,"Almtal Mineralwasser still 1,5L"
000000000000100591,DE,Umkarton Fruchtgummi
000000000000100591,EN,Outer case Fruit gums
000000000000100592,DE,Morgentau Butter mildgesäuert 250g
000000000000100593,DE,Feldmann Duschgel 250ml
000000000000100594,DE,Bonbon Waldfrucht lose
000000000000100594,EN,Forest fruit sweets bulk
000000000000100595,DE,Kristall Taschentücher 15x10
000000000000100596,DE,Thunfisch lose
000000000000100596,EN,Tuna bulk
000000000000100597,DE,Morgentau Katzenfutter Fisch 400g
000000000000100598,DE,Waldbach Kidneybohnen 400g
000000000000100598,EN,Waldbach Kidney beans 400g
000000000000100599,DE,Weststrand Bonbon Waldfrucht 150g
000000000000100600,DE,Material
000000000000100600,EN,"Morgentau Whole milk 3.5% 0,5L"
000000000000100601,DE,Umkarton Waschpulver
000000000000100601,EN,Outer case Washing powder
000000000000100602,DE,Waldbach Butter mildgesäuert 250g
000000000000100603,DE,Nordsee Zwieback 225g
000000000000100603,EN,Nordsee Rusk 225g
000000000000100604,DE,Rotbuche Toastbrot 500g
000000000000100604,EN,Rotbuche Toast bread 500g
000000000000100605,DE,Umkarton Schnittkäse
000000000000100605,EN,Outer case Sliced cheese
000000000000100606,DE,Dienstleistung Butterkeks
000000000000100606,EN,Service Butter biscuits
000000000000100607,DE,Dienstleistung Handseife
000000000000100608,DE,neu
000000000000100609,DE,Umkarton Tomaten gehackt
000000000000100609,EN,Outer case Chopped tomatoes
000000000000100610,DE,Seeblick Bonbon Waldfrucht 150g
000000000000100610,EN,Seeblick Forest fruit sweets 150g
000000000000100611,DE,Almtal Schokolade Vollmilch 200g
000000000000100611,EN,Almtal Milk chocolate 200g
000000000000100612,DE,Sonnenhof Katzenfutter Fisch 400g
000000000000100613,DE,Dienstleistung Apfelsaft
000000000000100613,EN,Service Apple juice
000000000000100614,DE,Bergquell Magermilch 1L
000000000000100615,DE,Hansen Pizza Salami 350g
000000000000100615,EN,Hansen Salami pizza 350g
000000000000100616,DE,Kristall Erbsen 400g
000000000000100617,DE,Waldbach Fruchtgummi 200g
000000000000100617,EN,Waldbach Fruit gums 200g
000000000000100618,DE,Umkarton Eiscreme Vanille
000000000000100618,EN,Outer case Vanilla ice cream
000000000000100619,DE,Gemüsemischung lose
000000000000100619,EN,Mixed vegetables bulk
000000000000100620,DE,Morgentau Butterkeks 200g
000000000000100620,EN,Morgentau Butter biscuits 200g
000000000000100621,DE,Waldbach Orangensaft 1L
000000000000100621,EN,Waldbach Orange juice 1L
000000000000100622,DE,Morgentau Zwieback 225g
000000000000100622,EN,Morgentau Rusk 225g
000000000000100623,DE,Sonnenhof Butterkeks 200g
000000000000100623,EN,Sonnenhof Butter biscuits 200g
000000000000100624,DE,Morgentau Mais 300g
000000000000100625,DE,Bergquell Katzenfutter Fisch 400g
000000000000100625,EN,Bergquell Cat food fish 400g
000000000000100626,DE,"Kristall Waschpulver 1,35kg"
000000000000100626,EN,"Kristall Washing powder 1,35kg"
000000000000100627,DE,Nordsee Butterkeks 200g
000000000000100627,EN,Nordsee Butter biscuits 200g
000000000000100628,DE,Hundefutter Rind lose
000000000000100628,EN,Dog food beef bulk
000000000000100629,DE,Almtal Küchenrolle 4 Rollen
000000000000100630,DE,Seeblick Allzweckreiniger 750ml
000000000000100630,EN,Seeblick All-purpose cleaner 750ml
000000000000100631,DE,Weststrand Spülmittel 500ml
000000000000100631,EN,Weststrand Washing-up liquid 500ml
000000000000100632,DE,Spülmittel lose
000000000000100632,EN,Washing-up liquid bulk
000000000000100633,DE,Lindenhof Mais 300g
000000000000100633,EN,Lindenhof Sweetcorn 300g
000000000000100634,DE,Bergquell Kidneybohnen 400g
000000000000100635,DE,Umkarton Allzweckreiniger
000000000000100636,DE,Bergquell Hundefutter Rind 400g
000000000000100636,EN,Bergquell Dog food beef 400g
000000000000100637,DE,Umkarton Fruchtgummi
000000000000100637,EN,Outer case Fruit gums
000000000000100638,DE,Sonnenhof Brötchen 6 St
000000000000100638,EN,Sonnenhof Bread rolls 6 St
000000000000100639,DE,Bergquell Toastbrot 750g
000000000000100640,DE,Hansen Shampoo 300ml
000000000000100640,EN,Hansen Shampoo 300ml
000000000000100641,DE,"Alpenrose Waschpulver 1,35kg"
000000000000100641,EN,"Alpenrose Washing powder 1,35kg"
000000000000100642,DE,Taschentücher lose
000000000000100642,EN,Tissues bulk
000000000000100643,DE,Umkarton Gemüsemischung
000000000000100644,DE,Kristall Handseife 500ml
000000000000100644,EN,Kristall Hand soap 500ml
000000000000100645,DE,Dienstleistung Cola
000000000000100645,EN,Service Cola
000000000000100646,DE,Hansen Duschgel 250ml
000000000000100646,EN,Hansen Shower gel 250ml
000000000000100647,DE,Bonbon Waldfrucht lose
000000000000100648,DE,Weststrand Erbsen 400g
000000000000100649,DE,"Sonnenhof Cola 1,5L"
000000000000100649,EN,"Sonnenhof Cola 1,5L"
000000000000100650,DE,Umkarton Katzenfutter Fisch
000000000000100651,DE,Lindenhof Toastbrot 750g
000000000000100651,EN,Lindenhof Toast bread 750g
000000000000100652,DE,"Rotbuche Waschpulver 1,35kg"
000000000000100652,EN,"Rotbuche Washing powder 1,35kg"
000000000000100653,DE,Gutsherr Zwieback 225g
000000000000100653,EN,Gutsherr Rusk 225g
000000000000100654,DE,Nordsee Butterkeks 200g
000000000000100654,EN,Nordsee Butter biscuits 200g
000000000000100655,DE,"Lindenhof Vollmilch 3,5% 1L"
000000000000100655,EN,Lindenhof Whole milk 3.5% 1L
000000000000100656,DE,Nordsee Zahnpasta 75ml
000000000000100656,EN,Nordsee Toothpaste 75ml
000000000000100657,DE,Feldmann Küchenrolle 4 Rollen
000000000000100657,EN,Feldmann Kitchen roll 4 Rollen
000000000000100658,DE,Weststrand Brötchen 6 St
000000000000100658,EN,Weststrand Bread rolls 6 St
000000000000100659,DE,Umkarton Lachsfilet
000000000000100659,EN,Outer case Salmon fillet
000000000000100660,DE,Weststrand Schokolade Vollmilch 200g
000000000000100660,EN,Weststrand Milk chocolate 200g
000000000000100661,DE,Gutsherr Handseife 500ml
000000000000100661,EN,Gutsherr Hand soap 500ml
000000000000100662,DE,Weststrand Taschentücher 15x10
000000000000100662,EN,Weststrand Tissues 15x10
000000000000100663,DE,Goldähre Bonbon Waldfrucht 150g
000000000000100663,EN,Goldähre Forest fruit sweets 150g
000000000000100664,DE,Sonnenhof Pommes frites 1kg
000000000000100665,DE,Rotbuche Magermilch 1L
000000000000100665,EN,Rotbuche Skimmed milk 1L
000000000000100666,DE,Waldbach Vollkornbrot 500g
000000000000100666,EN,Waldbach Wholemeal bread 500g
000000000000100667,DE,Almtal Duschgel 250ml
000000000000100667,EN,Almtal Shower gel 250ml
000000000000100668,DE,"Umkarton Vollmilch 3,5%"
000000000000100668,EN,Outer case Whole milk 3.5%
000000000000100669,DE,Umkarton Bonbon Waldfrucht
000000000000100670,DE,"Goldähre Cola 6x0,33L"
000000000000100670,EN,"Goldähre Cola 6x0,33L"
000000000000100671,DE,100671
000000000000100672,DE,Shampoo lose
000000000000100672,EN,Shampoo bulk
000000000000100673,DE,Umkarton Katzenfutter Fisch
000000000000100673,EN,Outer case Cat food fish
000000000000100674,DE,HANSEN KIDNEYBOHNEN 400G
000000000000100674,EN,Hansen Kidney beans 400g
000000000000100675,DE,Hansen Schnittkäse 400g
000000000000100675,EN,Hansen Sliced cheese 400g
000000000000100676,DE,Umkarton Shampoo
000000000000100677,DE,Sonnenhof Tomaten gehackt 400g
000000000000100677,EN,Sonnenhof Chopped tomatoes 400g
000000000000100678,DE,Katzenfutter Fisch lose
000000000000100679,DE,Alpenrose Schokolade Vollmilch 200g
000000000000100679,EN,Alpenrose Milk chocolate 200g
000000000000100680,DE,Rotbuche Toilettenpapier 10 Rollen
000000000000100680,EN,Rotbuche Toilet paper 10 Rollen
000000000000100681,DE,Umkarton Toastbrot
000000000000100682,DE,Lindenhof Müllbeutel 60L 10 St
000000000000100682,EN,Lindenhof Bin bags 60L 10 St
000000000000100683,DE,Morgentau Brötchen 6 St
000000000000100683,EN,Morgentau Bread rolls 6 St
000000000000100684,DE,Morgentau Erbsen 400g
000000000000100684,EN,Morgentau Peas 400g
000000000000100685,DE,Waldbach Toilettenpapier 10 Rollen
000000000000100685,EN,Waldbach Toilet paper 10 Rollen
000000000000100686,DE,Kristall Toilettenpapier 10 Rollen
000000000000100686,EN,Kristall Toilet paper 10 Rollen
000000000000100687,DE,Bergquell Orangensaft 1L
000000000000100687,EN,Bergquell Orange juice 1L
000000000000100688,DE,Lachsfilet lose
000000000000100689,DE,Rotbuche Zwieback 225g
000000000000100689,EN,Rotbuche Rusk 225g
000000000000100690,DE,Rotbuche Joghurt Natur 500g
000000000000100690,EN,Rotbuche Plain yoghurt 500g
000000000000100691,DE,Weststrand Mais 300g
000000000000100692,DE,Sonnenhof Pommes frites 1kg
000000000000100693,DE,Bergquell Duschgel 250ml
000000000000100693,EN,Bergquell Shower gel 250ml
000000000000100694,DE,Kristall Brötchen 6 St
000000000000100694,EN,Kristall Bread rolls 6 St
000000000000100695,DE,Nordsee Brötchen 6 St
000000000000100696,DE,100696
000000000000100697,DE,Waldbach Eiscreme Vanille 900ml
000000000000100698,DE,Bergquell Taschentücher 15x10
000000000000100698,EN,Bergquell Tissues 15x10
000000000000100699,DE,Bergquell Schokolade Vollmilch 100g
000000000000100699,EN,Bergquell Milk chocolate 100g
000000000000100700,DE,Kristall Magermilch 1L
000000000000100700,EN,Kristall Skimmed milk 1L
000000000000100701,DE,Morgentau Eiscreme Vanille 900ml
000000000000100701,EN,Morgentau Vanilla ice cream 900ml
000000000000100702,DE,Weststrand Croissant 4 St
000000000000100703,DE,Bergquell Joghurt Natur 500g
000000000000100703,EN,Bergquell Plain yoghurt 500g
000000000000100704,DE,Kristall Duschgel 250ml
000000000000100704,EN,Kristall Shower gel 250ml
000000000000100705,DE,Rotbuche Butterkeks 200g
000000000000100705,EN,Rotbuche Butter biscuits 200g
000000000000100706,DE,Goldähre Spülmittel 500ml
000000000000100706,EN,Goldähre Washing-up liquid 500ml
000000000000100707,DE,Gutsherr Schlagsahne 200g
000000000000100708,DE,Brötchen lose
000000000000100708,EN,Bread rolls bulk
000000000000100709,DE,Bergquell Brötchen 6 St
000000000000100709,EN,Bergquell Bread rolls 6 St
000000000000100710,DE,Feldmann Butterkeks 200g
000000000000100710,EN,Feldmann Butter biscuits 200g
000000000000100711,DE,Almtal Kidneybohnen 400g
000000000000100712,DE,Nordsee Erbsen 400g
000000000000100712,EN,Nordsee Peas 400g
000000000000100713,DE,Almtal Schnittkäse 200g
000000000000100713,EN,Almtal Sliced cheese 200g
000000000000100714,DE,"Lindenhof Waschpulver 1,35kg"
000000000000100714,EN,"Lindenhof Washing powder 1,35kg"
000000000000100715,DE,Lindenhof Schokolade Vollmilch 200g
000000000000100715,EN,Lindenhof Milk chocolate 200g
000000000000100716,DE,Hansen Toastbrot 750g
000000000000100716,EN,Hansen Toast bread 750g
000000000000100717,DE,"Feldmann Waschpulver 1,35kg"
000000000000100717,EN,"Feldmann Washing powder 1,35kg"
000000000000100718,DE,Almtal Hundefutter Rind 400g
000000000000100718,EN,Almtal Dog food beef 400g
000000000000100719,DE,Dienstleistung Schokolade Vollmilch
000000000000100719,EN,Service Milk chocolate
000000000000100720,DE,Seeblick Taschentücher 15x10
000000000000100721,DE,Sonnenhof Schokolade Vollmilch 200g
000000000000100721,EN,Sonnenhof Milk chocolate 200g
000000000000100722,DE,Bergquell Küchenrolle 4 Rollen
000000000000100722,EN,Bergquell Kitchen roll 4 Rollen
000000000000100723,DE,Umkarton Joghurt Natur
000000000000100723,EN,Outer case Plain yoghurt
000000000000100724,DE,Dienstleistung Fruchtgummi
000000000000100724,EN,Service Fruit gums
000000000000100725,DE,Bergquell Schnittkäse 200g
000000000000100725,EN,Bergquell Sliced cheese 200g
000000000000100726,DE,Lindenhof Handseife 500ml
000000000000100726,EN,Lindenhof Hand soap 500ml
000000000000100727,DE,Lindenhof Katzenfutter Fisch 400g
000000000000100728,DE,Lindenhof Bonbon Waldfrucht 150g
000000000000100728,EN,Lindenhof Forest fruit sweets 150g
000000000000100729,DE,Seeblick Katzenfutter Fisch 400g
000000000000100729,EN,Seeblick Cat food fish 400g
000000000000100730,DE,Gemüsemischung lose
000000000000100730,EN,Mixed vegetables bulk
000000000000100731,DE,Bergquell Katzenfutter Fisch 400g
000000000000100731,EN,Bergquell Cat food fish 400g
000000000000100732,DE,Alpenrose Allzweckreiniger 750ml
000000000000100732,EN,Alpenrose All-purpose cleaner 750ml
000000000000100733,DE,Morgentau Katzenfutter Fisch 400g
000000000000100734,DE,"Seeblick Eistee Pfirsich 1,5L"
000000000000100735,DE,Rotbuche Thunfisch 185g
000000000000100735,EN,Rotbuche Tuna 185g
000000000000100736,DE,Almtal Toilettenpapier 10 Rollen
000000000000100737,DE,Sonnenhof Hundefutter Rind 400g
000000000000100737,EN,Sonnenhof Dog food beef 400g
000000000000100738,DE,Umkarton Waschpulver
000000000000100738,EN,Outer case Washing powder
000000000000100739,DE,Waldbach Croissant 4 St
000000000000100739,EN,Waldbach Croissant 4 St
000000000000100740,DE,Butter mildgesäuert lose
000000000000100741,DE,Umkarton Zahnpasta
000000000000100741,EN,Outer case Toothpaste
000000000000100742,DE,Sonnenhof Spülmittel 500ml
000000000000100742,EN,Sonnenhof Washing-up liquid 500ml
000000000000100743,DE,Goldähre Allzweckreiniger 750ml
000000000000100743,EN,Goldähre All-purpose cleaner 750ml
000000000000100744,DE,Gutsherr Gemüsemischung 750g
000000000000100744,EN,Gutsherr Mixed vegetables 750g
000000000000100745,DE,Weststrand Magermilch 1L
000000000000100745,EN,Weststrand Skimmed milk 1L
000000000000100746,DE,Magermilch lose
000000000000100746,EN,Skimmed milk bulk
000000000000100747,DE,Hansen Taschentücher 15x10
000000000000100748,DE,Dienstleistung Thunfisch
000000000000100748,EN,Service Tuna
000000000000100749,DE,Hansen Allzweckreiniger 750ml
000000000000100749,EN,Hansen All-purpose cleaner 750ml
000000000000100750,DE,Rotbuche Toastbrot 500g
000000000000100750,EN,Rotbuche Toast bread 500g
000000000000100751,DE,Hansen Mais 300g
000000000000100751,EN,Hansen Sweetcorn 300g
000000000000100752,DE,Dienstleistung Speisequark
000000000000100752,EN,Service Quark
000000000000100753,DE,Waldbach Duschgel 250ml
000000000000100753,EN,Waldbach Shower gel 250ml
000000000000100754,DE,Dienstleistung Eistee Pfirsich
000000000000100754,EN,Service Iced tea peach
000000000000100755,DE,Lindenhof Orangensaft 1L
000000000000100755,EN,Lindenhof Orange juice 1L
000000000000100756,DE,.
000000000000100756,EN,Weststrand Hand soap 500ml
000000000000100757,DE,Weststrand Küchenrolle 4 Rollen
000000000000100757,EN,Weststrand Kitchen roll 4 Rollen
000000000000100758,DE,Sonnenhof Vollkornbrot 500g
000000000000100759,DE,Seeblick Handseife 500ml
000000000000100759,EN,Seeblick Hand soap 500ml
000000000000100760,DE,Duschgel lose
000000000000100760,EN,Shower gel bulk
000000000000100761,DE,Waldbach Brötchen 6 St
000000000000100761,EN,Waldbach Bread rolls 6 St
000000000000100762,DE,"Seeblick Vollmilch 3,5% 0,5L"
000000000000100762,EN,"Seeblick Whole milk 3.5% 0,5L"
000000000000100763,DE,Eistee Pfirsich lose
000000000000100763,EN,Iced tea peach bulk
000000000000100764,DE,"Vollmilch 3,5% lose"
000000000000100765,DE,Weststrand Kidneybohnen 400g
000000000000100766,DE,"Waldbach Cola 1,5L"
000000000000100766,EN,"Waldbach Cola 1,5L"
000000000000100767,DE,Almtal Thunfisch 185g
000000000000100767,EN,Almtal Tuna 185g
000000000000100768,DE,Seeblick Küchenrolle 4 Rollen
000000000000100768,EN,Seeblick Kitchen roll 4 Rollen
000000000000100769,DE,Goldähre Taschentücher 15x10
000000000000100769,EN,Goldähre Tissues 15x10
000000000000100770,DE,Goldähre Hundefutter Rind 400g
000000000000100770,EN,Goldähre Dog food beef 400g
000000000000100771,DE,Bergquell Hundefutter Rind 400g
000000000000100771,EN,Bergquell Dog food beef 400g
000000000000100772,DE,Kristall Pommes frites 1kg
000000000000100773,DE,Dienstleistung Fruchtgummi
000000000000100773,EN,Service Fruit gums
000000000000100774,DE,Umkarton Handseife
000000000000100774,EN,Outer case Hand soap
000000000000100775,DE,Weststrand Handseife 500ml
000000000000100775,EN,Weststrand Hand soap 500ml
000000000000100776,DE,"Lindenhof Cola 6x0,33L"
000000000000100776,EN,"Lindenhof Cola 6x0,33L"
000000000000100777,DE,Alpenrose Vollkornbrot 500g
000000000000100778,DE,Weststrand Toastbrot 750g
000000000000100778,EN,Weststrand Toast bread 750g
000000000000100779,DE,"Morgentau Mineralwasser still 1,5L"
000000000000100780,DE,Almtal Küchenrolle 4 Rollen
000000000000100780,EN,Almtal Kitchen roll 4 Rollen
000000000000100781,DE,Goldähre Bonbon Waldfrucht 150g
000000000000100781,EN,Goldähre Forest fruit sweets 150g
000000000000100782,DE,"Rotbuche Eistee Pfirsich 1,5L"
000000000000100782,EN,"Rotbuche Iced tea peach 1,5L"
000000000000100783,DE,Alpenrose Bonbon Waldfrucht 150g
000000000000100783,EN,Alpenrose Forest fruit sweets 150g
000000000000100784,DE,"Kristall Waschpulver 1,35kg"
000000000000100785,DE,Pommes frites lose
000000000000100785,EN,French fries bulk
000000000000100786,DE,Weststrand Katzenfutter Fisch 400g
000000000000100786,EN,Weststrand Cat food fish 400g
000000000000100787,DE,Mais lose
000000000000100787,EN,Sweetcorn bulk
000000000000100788,DE,Bergquell Pommes frites 1kg
000000000000100788,EN,Bergquell French fries 1kg
000000000000100789,DE,"Bergquell Waschpulver 1,35kg"
000000000000100789,EN,"Bergquell Washing powder 1,35kg"
000000000000100790,DE,"Almtal Mineralwasser still 1,5L"
000000000000100791,DE,Goldähre Shampoo 300ml
000000000000100791,EN,Goldähre Shampoo 300ml
000000000000100792,DE,Nordsee Toilettenpapier 10 Rollen
000000000000100793,DE,Bergquell Duschgel 250ml
000000000000100793,EN,Bergquell Shower gel 250ml
000000000000100794,DE,Kristall Tomaten gehackt 400g
000000000000100794,EN,Kristall Chopped tomatoes 400g
000000000000100795,DE,Lindenhof Toastbrot 500g
000000000000100795,EN,Lindenhof Toast bread 500g
000000000000100796,DE,Tomaten gehackt lose
000000000000100797,DE,Nordsee Toastbrot 500g
000000000000100797,EN,Nordsee Toast bread 500g
000000000000100798,DE,Toilettenpapier lose
000000000000100798,EN,Toilet paper bulk
000000000000100799,DE,Seeblick Duschgel 250ml
000000000000100799,EN,Seeblick Shower gel 250ml
000000000000100800,DE,Hansen Spülmittel 500ml
000000000000100801,DE,Lindenhof Handseife 500ml
000000000000100802,DE,Umkarton Eiscreme Vanille
000000000000100803,DE,Shampoo lose NEU
000000000000100804,DE,Umkarton Thunfisch NEU
000000000000100805,DE,Goldähre Küchenrolle 4 Rollen NEU
000000000000100806,DE,Lindenhof Jogrhurt Natur 150g
000000000000100807,DE,Toastbrot Sonnenhof 750g
000000000000100808,DE,APFELSAFT LOSE
000000000000100809,DE,Vollkornbrot Seeblick 500g
000000000000100810,DE,Weststrand Tomaten grehackt 400g
000000000000100811,DE,Kristall Pizza Salami 350gr
000000000000100812,DE,Fisch Katzenfutter lose
000000000000100813,DE,Seeblick Zahnpasta 75ml
000000000000100814,DE,Shampoo Weststrand 300ml
000000000000100815,DE,Kristall Erbsen 400gr
000000000000100816,DE,KRISTALL TOILETTENPAPIER 10 ROLLEN
000000000000100817,DE,Hansen Gemüsemischungr 750g
000000000000100818,DE,Hundefutter Rind lose
000000000000100819,DE,Morgentau Taschentücher 15x10
000000000000100820,DE,SPÜLMITTEL LOSE
000000000000100821,DE,Morgentau Shampoo 300ml
000000000000100822,DE,"Mineralwasser Nordsee still 1,5L"
000000000000100823,DE,Goldähre Katzenfutter Fisch 400gr
000000000000100824,DE,Gutsherr Handseife 500ml NEU
000000000000100825,DE,"GOLDÄHRE WASCHPULVER 1,35KG"
000000000000100826,DE,Umkarton Zahnpasta NEU
000000000000100827,DE,UMKARTON GEMÜSEMISCHUNG
