MATNR,MTART,MBRSH,MATKL,MEINS,BISMT,EAN11,NUMTP,BRGEW,NTGEW,GEWEI,MSTAE,LVORM,ERSDA,ERNAM
000000000000100001,FERT,H,WG-KOER,ST,ALT878626,4002195928035,HE,1.212,0.975,KG,,X,2026-12-02,T.BRANDT
000000000000100002,HAWA,H,WG-PAPI,ST,,4094848736203,HE,0.567,0.545,KG,,X,2012-01-05,A.NOWAK
000000000000100003,HAWA,H,WG-TK,ST,,4088705300324,HE,10.773,10.367,KG,,X,2009-10-07,BATCHUSER
000000000000100004,HAWA,H,WG-KONS,ST,ALT479870,4015057537573,HE,11.228,10.067,KG,,X,2022-03-09,A.NOWAK
000000000000100005,HALB,H,WG-MOPRO,ST,ALT696412,4048014965942,HE,9.437,8.576,KG,,X,2020-11-03,M.HOFFMANN
000000000000100006,HAWA,H,WG-PAPI,ST,ALT187616,4055011603005,HE,8.088,6.926,KG,,X,2012-05-03,A.NOWAK
000000000000100007,HAWA,H,WG-KONS,ST,ALT758603,4025125669624,HE,9.507,7.915,KG,,X,2024-02-14,A.NOWAK
000000000000100008,HAWA,H,WG-PAPI,,ALT818406,4072083695622,HE,10.885,10.038,KG,,,2011-05-02,BATCHUSER
000000000000100009,HAWA,H,WG-BACK,ST,ALT485782,4063513560382,HE,11.041,9.389,KG,,X,2013-02-20,BATCHUSER
000000000000100010,VERP,H,WG-VERP,ST,ALT310505,4080478416530,HE,5.761,5.141,KG,,X,2026-08-14,BATCHUSER
000000000000100011,VERP,H,WG-VERP,ST,ALT157497,4088498030095,HE,5.674,5.384,KG,,X,2019-04-17,M.HOFFMANN
000000000000100012,HALB,H,WG-BACK,ST,,4020075745282,HE,11.693,10.094,KG,,,2026-05-18,A.NOWAK
000000000000100013,HAWA,H,WG-TIER,ST,,4042462130884,HE,2.956,2.812,KG,,X,2015-09-03,BATCHUSER
000000000000100014,ROH,H,WG-ROH,ST,,4002160151864,HE,7.520,6.934,KG,,,2013-08-27,T.BRANDT
000000000000100015,HAWA,H,WG-GETR,ST,ALT764728,4089139004178,HE,5.685,4.743,KG,,,2026-04-23,BATCHUSER
000000000000100016,NLAG,H,WG-GETR,ST,,4007984107165,HE,,,,,,2014-09-13,S.KELLER
000000000000100017,FERT,H,WG-MOPRO,ST,,4029661829016,HE,0.950,0.873,KG,,,2014-07-01,T.BRANDT
000000000000100018,HAWA,H,WG-SUES,ST,,4097188206696,HE,7.426,6.413,KG,,,2016-02-06,T.BRANDT
000000000000100019,HAWA,H,WG-BACK,ST,,4094962937821,HE,6.297,5.652,KG,,,2020-03-12,S.KELLER
000000000000100020,VERP,H,WG-VERP,ST,,4069749875931,HE,6.473,6.229,KG,,,2013-04-21,M.HOFFMANN
000000000000100021,HAWA,H,WG-GETR,ST,,4001322790934,HE,8.406,7.934,KG,,,2022-07-28,A.NOWAK
000000000000100022,HAWA,H,WG-SUES,ST,,4005490638241,HE,4.782,4.001,KG,,,2018-05-10,A.NOWAK
000000000000100023,NLAG,H,WG-KOER,ST,,4047023589354,HE,,,,,,2012-05-02,M.HOFFMANN
000000000000100024,HAWA,H,WG-TIER,ST,,4049809192505,HE,10.351,9.722,KG,,,2019-10-25,M.HOFFMANN
000000000000100025,NLAG,H,WG-KONS,ST,ALT484774,4056347388284,HE,,,,,,2011-04-19,A.NOWAK
000000000000100026,HAWA,H,WG-HAUS,ST,ALT553346,4023428114780,HE,8.734,8.376,KG,,,2026-05-14,T.BRANDT
000000000000100027,HAWA,H,WG-SUES,ST,,4022454763115,HE,4.249,3.828,KG,,,2021-09-19,A.NOWAK
000000000000100028,NLAG,H,WG-MOPRO,ST,,4084185842330,HE,,,,,,2025-08-10,T.BRANDT
000000000000100029,FERT,H,WG-KONS,ST,ALT604580,4033224281715,HE,7.716,7.342,KG,,,2018-07-06,A.NOWAK
000000000000100030,VERP,H,WG-VERP,ST,,4036681877149,HE,3.399,3.224,KG,,,2020-03-19,BATCHUSER
000000000000100031,HAWA,H,WG-MOPRO,ST,,4077790088569,HE,7.943,6.443,KG,,,2019-04-27,BATCHUSER
000000000000100032,FERT,H,WG-BACK,ST,ALT452460,4082540419494,HE,2.864,3.016,KG,,,2014-11-01,A.NOWAK
000000000000100033,VERP,H,WG-VERP,ST,,4003862340730,HE,1.439,1.192,KG,,,2018-05-04,S.KELLER
000000000000100034,HAWA,H,WG-GETR,ST,,4067706155263,HE,10.135,8.892,KG,,,2009-02-03,BATCHUSER
000000000000100035,HAWA,H,WG-KONS,ST,,4032990641051,HE,3.786,3.042,KG,,,2026-11-05,BATCHUSER
000000000000100036,DIEN,H,WG-DIEN,ST,ALT959564,,,,,,,,2020-03-15,M.HOFFMANN
000000000000100037,DIEN,H,WG-DIEN,ST,ALT987984,,,,,,,,2012-06-04,T.BRANDT
000000000000100038,HAWA,H,WG-KONS,ST,,4068929234520,HE,9.310,8.205,KG,,,2012-08-02,BATCHUSER
000000000000100039,HAWA,H,WG-HAUS,ST,,4081610205036,HE,10.068,9.522,KG,,,2009-11-19,BATCHUSER
000000000000100040,HAWA,H,WG-KONS,ST,,4082603715600,HE,2.800,2.560,KG,,,2022-03-06,A.NOWAK
000000000000100041,HAWA,H,WG-BACK,ST,,4006379157945,HE,0.000,0.000,KG,,,2024-05-24,M.HOFFMANN
000000000000100042,DIEN,H,WG-DIEN,ST,,,,,,,,,2020-06-21,S.KELLER
000000000000100043,HAWA,H,WG-TIER,ST,,4005168862053,HE,3.548,2.843,,,,2020-01-10,M.HOFFMANN
000000000000100044,HAWA,H,WG-KONS,ST,,4027932338397,HE,8.636,7.498,KG,,,2021-02-22,S.KELLER
000000000000100045,HAWA,H,WG-HAUS,ST,,4044082747183,HE,9.887,8.559,KG,,,2024-04-02,A.NOWAK
000000000000100046,VERP,H,WG-VERP,ST,,4023130399789,HE,4.459,3.976,KG,,,2021-10-12,A.NOWAK
000000000000100047,HAWA,H,WG-SUES,ST,ALT504529,4069180358437,HE,1.333,1.165,KG,,,2016-08-26,T.BRANDT
000000000000100048,VERP,H,WG-VERP,ST,,4090827311188,HE,7.732,7.247,KG,,,2010-09-02,M.HOFFMANN
000000000000100049,HAWA,H,WG-GETR,ST,,4038450251396,HE,4.802,4.442,KG,,,2012-02-05,S.KELLER
000000000000100050,HAWA,H,WG-GETR,ST,,4048232211401,HE,0.446,0.363,KG,,,2024-12-06,M.HOFFMANN
000000000000100051,HAWA,H,WG-TK,ST,,4001106896234,HE,2.477,1.982,KG,,,2021-02-02,T.BRANDT
000000000000100052,HAWA,H,WG-PAPI,ST,,4065840052240,HE,4.813,4.567,KG,,,2026-09-12,M.HOFFMANN
000000000000100053,HAWA,H,WG-MOPRO,ST,,4050294597089,HE,9.425,7.882,KG,,,2023-05-01,T.BRANDT
000000000000100054,HAWA,H,WG-PAPI,ST,,4083888751338,HE,8.390,7.312,KG,,,2026-12-02,T.BRANDT
000000000000100055,VERP,H,WG-VERP,ST,ALT291627,4031233087045,HE,9.106,7.712,KG,,,2023-03-02,S.KELLER
000000000000100056,VERP,H,WG-VERP,ST,,4025580121842,HE,0.183,0.164,KG,,,2026-10-27,T.BRANDT
000000000000100057,NLAG,H,WG-PAPI,ST,ALT405515,4075059629614,HE,,,,,,2026-09-06,BATCHUSER
000000000000100058,HAWA,H,WG-HAUS,ST,,4054413711967,HE,7.742,6.561,KG,,,2010-03-01,A.NOWAK
000000000000100059,HAWA,H,WG-PAPI,ST,ALT164641,4061364537249,HE,9.024,7.721,KG,,,2017-08-25,BATCHUSER
000000000000100060,HAWA,H,WG-TK,ST,,4009211486517,HE,11.406,10.045,KG,,,2024-07-22,M.HOFFMANN
000000000000100061,FERT,H,WG-GETR,ST,,4076789669369,HE,7.402,6.714,KG,,,2023-04-09,A.NOWAK
000000000000100062,FERT,H,WG-GETR,ST,ALT899616,4033829272736,HE,1.823,1.701,KG,,,2011-01-15,S.KELLER
000000000000100063,HAWA,H,WG-BACK,ST,ALT874087,4094020416145,HE,4.581,4.396,KG,,,2019-10-03,S.KELLER
000000000000100064,HAWA,H,WG-PAPI,ST,,4072622211610,HE,1.587,1.355,KG,,,2025-08-26,M.HOFFMANN
000000000000100065,HAWA,H,WG-KONS,ST,,4058332769245,HE,11.682,10.020,KG,,,2026-08-02,BATCHUSER
000000000000100066,ROH,H,WG-ROH,ST,,4035923225076,HE,4.093,3.904,KG,,,2013-08-04,M.HOFFMANN
000000000000100067,HAWA,H,WG-TIER,ST,,4041165225811,HE,1.668,1.346,KG,,,2012-01-08,T.BRANDT
000000000000100068,HAWA,H,WG-TIER,ST,,4002419637682,HE,2.817,2.631,KG,,,2020-02-01,T.BRANDT
000000000000100069,HAWA,H,WG-TK,ST,,4007628720675,HE,1.398,1.339,KG,,,2022-01-01,A.NOWAK
000000000000100070,FERT,H,WG-KOER,ST,,4039908125382,HE,0.541,0.452,KG,,,2018-02-10,S.KELLER
000000000000100071,HAWA,H,WG-SUES,ST,,4011429222566,HE,5.899,5.540,KG,,,2017-12-12,A.NOWAK
000000000000100072,HAWA,H,WG-SUES,ST,ALT231177,4006143097989,HE,11.382,10.125,KG,,,2009-12-08,S.KELLER
000000000000100073,VERP,H,WG-VERP,ST,,4026191452653,HE,11.250,9.281,KG,,,2024-07-24,BATCHUSER
000000000000100074,HAWA,H,WG-SUES,ST,,4075518704876,HE,3.664,2.987,KG,,,2015-03-01,M.HOFFMANN
000000000000100075,HAWA,H,WG-TK,ST,,4046650422171,HE,4.509,3.818,KG,,,2022-11-18,A.NOWAK
000000000000100076,HAWA,H,WG-PAPI,ST,,4086969850234,HE,8.835,7.632,KG,,,2020-06-01,T.BRANDT
000000000000100077,HAWA,H,WG-SUES,ST,,4011761544579,HE,9.811,12.049,KG,,,2015-02-19,S.KELLER
000000000000100078,HAWA,H,WG-KOER,ST,ALT414746,4012348372356,HE,7.656,7.094,KG,,,2025-12-20,M.HOFFMANN
000000000000100079,ROH,H,WG-ROH,ST,ALT871651,4010053967621,HE,4.803,4.658,KG,,,2016-07-25,S.KELLER
000000000000100080,NLAG,H,,ST,,4046305980032,HE,,,,,,2012-11-08,T.BRANDT
000000000000100081,HAWA,H,WG-GETR,ST,ALT218170,4088959757417,HE,7.157,6.730,KG,,,2009-06-18,M.HOFFMANN
000000000000100082,HALB,H,WG-TIER,ST,,4074369155226,HE,10.584,9.018,KG,,,2018-07-02,BATCHUSER
000000000000100083,HAWA,H,WG-PAPI,ST,ALT610819,4079888966179,HE,8.313,7.577,KG,,,2009-01-28,S.KELLER
000000000000100084,HAWA,H,WG-TIER,ST,ALT446036,4095559796081,HE,1.589,1.400,KG,,,2025-08-28,S.KELLER
000000000000100085,HAWA,H,WG-PAPI,ST,,4043922443117,HE,6.457,6.027,KG,,,2022-11-06,M.HOFFMANN
000000000000100086,HAWA,H,WG-GETR,ST,ALT233386,4062820811699,HE,0.919,0.818,KG,,,2018-01-11,BATCHUSER
000000000000100087,HAWA,H,WG-TK,ST,,4085298389040,HE,1.177,1.136,KG,,,2009-08-06,M.HOFFMANN
000000000000100088,VERP,H,WG-VERP,ST,,4072373696322,HE,7.392,7.118,KG,,,2025-10-14,M.HOFFMANN
000000000000100089,HAWA,H,WG-KONS,ST,,4037410197590,HE,7.048,6.020,KG,,,2026-10-07,M.HOFFMANN
000000000000100090,HAWA,H,WG-TK,ST,ALT471470,4009982991968,HE,6.141,5.501,KG,,,2013-01-08,A.NOWAK
000000000000100091,XXXX,H,WG-HAUS,ST,ALT873695,4043053731732,HE,9.440,8.547,KG,,,2015-06-12,M.HOFFMANN
000000000000100092,HAWA,H,WG-TIER,ST,,4071474322444,HE,4.766,4.260,KG,,,2011-10-03,S.KELLER
000000000000100093,HAWA,H,WG-TIER,ST,,4079535729515,HE,6.314,5.840,KG,,,2022-12-16,M.HOFFMANN
000000000000100094,VERP,H,WG-VERP,ST,,4022798299035,HE,6.556,5.884,KG,,,2021-05-23,M.HOFFMANN
000000000000100095,ROH,H,WG-ROH,ST,,4046598479824,HE,2.279,1.944,KG,,,2019-09-09,A.NOWAK
000000000000100096,HAWA,H,WG-PAPI,ST,,4018338096875,HE,3.564,2.926,KG,,,2023-02-01,A.NOWAK
000000000000100097,HAWA,H,WG-TK,ST,,4008577716153,HE,7.539,6.926,KG,,,2025-04-19,S.KELLER
000000000000100098,HAWA,H,WG-BACK,ST,,4049217910463,HE,8.526,7.437,KG,,,2026-02-26,S.KELLER
000000000000100099,HAWA,H,WG-KONS,ST,,4003190221916,HE,6.787,6.015,KG,,,2026-03-06,S.KELLER
000000000000100100,HAWA,H,WG-PAPI,ST,,4070790969135,HE,11.499,10.989,KG,,,2010-08-12,M.HOFFMANN
000000000000100101,HALB,H,WG-GETR,ST,,4079865254602,HE,10.434,9.765,KG,,,2020-02-06,S.KELLER
000000000000100102,HAWA,H,WG-BACK,ST,,4024585071268,HE,11.560,10.232,KG,,,2012-08-01,M.HOFFMANN
000000000000100103,VERP,H,WG-VERP,ST,ALT351099,4002497259721,HE,2.080,1.949,KG,,,2016-03-05,T.BRANDT
000000000000100104,HAWA,H,WG-TK,ST,,4060809561801,HE,5.774,4.677,KG,01,,2017-09-10,M.HOFFMANN
000000000000100105,FERT,H,WG-SUES,ST,ALT564367,4014337999797,HE,7.904,7.467,KG,,,2026-11-14,BATCHUSER
000000000000100106,VERP,H,WG-VERP,ST,,4090246501382,HE,11.093,9.296,KG,,,2018-03-14,S.KELLER
000000000000100107,NLAG,H,WG-BACK,PCS,ALT828399,4036025456597,HE,,,,,,2014-02-01,M.HOFFMANN
000000000000100108,ROH,H,WG-ROH,ST,,4027971613394,HE,6.701,6.481,KG,,,2017-11-20,T.BRANDT
000000000000100109,HAWA,H,WG-HAUS,ST,ALT625591,4098658773991,HE,6.550,5.745,KG,,,2019-06-22,T.BRANDT
000000000000100110,VERP,H,WG-VERP,ST,,4097476627899,HE,0.262,0.251,KG,,,2017-10-21,BATCHUSER
000000000000100111,HAWA,H,WG-TK,ST,ALT708291,4023505496471,HE,6.329,5.393,KG,,,2015-10-08,T.BRANDT
000000000000100112,HAWA,H,WG-KOER,ST,,4087230427933,HE,7.572,6.266,KG,,,2017-06-28,A.NOWAK
000000000000100113,HAWA,H,WG-TK,ST,ALT867802,4026206533100,HE,0.289,0.242,KG,,,2022-10-19,A.NOWAK
000000000000100114,HAWA,H,WG-HAUS,ST,ALT332291,4029779646161,HE,7.721,6.731,KG,,,2016-12-23,S.KELLER
000000000000100115,HAWA,H,WG-TK,ST,,4046996633514,HE,0.283,0.230,KG,,,2025-12-04,T.BRANDT
000000000000100116,ROH,H,WG-ROH,ST,,4004004198622,HE,1.441,1.236,KG,,,2020-03-15,T.BRANDT
000000000000100117,HAWA,H,WG-BACK,ST,ALT386986,4070584772453,HE,11.987,10.647,KG,,,2012-01-21,BATCHUSER
000000000000100118,HAWA,H,WG-PAPI,ST,,4012068740904,HE,1.493,1.411,KG,,,2026-06-08,BATCHUSER
000000000000100119,HAWA,H,WG-TK,ST,,4008450622564,HE,2.071,1.961,KG,,,2020-09-27,T.BRANDT
000000000000100120,HAWA,H,WG-KONS,ST,,4015546577271,HE,1.593,1.323,KG,,,2020-05-09,M.HOFFMANN
000000000000100121,HAWA,H,WG-TIER,ST,,4037106967094,HE,1.553,1.325,KG,,,2020-11-04,BATCHUSER
000000000000100122,HAWA,H,WG-KOER,ST,,4024458300815,HE,10.129,8.462,KG,,,2022-12-16,S.KELLER
000000000000100123,HAWA,H,WG-HAUS,ST,ALT534266,4051696356908,HE,3.096,2.729,KG,,,2021-02-05,T.BRANDT
000000000000100124,HAWA,H,WG-HAUS,ST,ALT915907,4064359264441,HE,2.699,2.388,KG,,,2013-04-14,BATCHUSER
000000000000100125,HAWA,H,WG-KOER,ST,,4005121079023,HE,2.744,2.627,KG,,,2020-12-08,S.KELLER
000000000000100126,VERP,H,WG-VERP,ST,ALT211464,4043918327933,HE,6.133,5.746,KG,,,2026-11-09,A.NOWAK
000000000000100127,HAWA,H,WG-GETR,ST,,4018262277616,HE,10.665,9.930,KG,,,2010-03-12,T.BRANDT
000000000000100128,HALB,H,WG-SUES,ST,,4041894376235,HE,5.322,4.804,KG,,,2016-02-08,S.KELLER
000000000000100129,HAWA,H,WG-TK,ST,,4019958392095,HE,9.978,8.484,KG,,,2015-03-14,S.KELLER
000000000000100130,VERP,H,WG-VERP,ST,ALT636777,4053650411161,HE,10.286,8.865,KG,,,2018-08-07,M.HOFFMANN
000000000000100131,VERP,H,WG-VERP,ST,,4084545877521,HE,3.900,3.607,KG,,,2011-12-23,A.NOWAK
000000000000100132,HAWA,H,WG-HAUS,ST,ALT425296,4034655551354,HE,4.178,3.954,KG,,,2022-10-21,A.NOWAK
000000000000100133,HAWA,H,WG-TIER,ST,ALT872527,4013590427382,HE,6.996,5.998,KG,,,2013-10-14,T.BRANDT
000000000000100134,HAWA,H,WG-KOER,ST,ALT806937,4037782765519,HE,7.583,7.150,KG,,,2016-06-11,BATCHUSER
000000000000100135,HAWA,H,WG-MOPRO,ST,,4080932356235,HE,7.396,6.460,KG,,,2011-06-25,S.KELLER
000000000000100136,HALB,H,WG-KOER,ST,,4037592082349,HE,4.727,4.328,KG,,,2018-12-23,T.BRANDT
000000000000100137,ROH,H,WG-ROH,ST,ALT245156,4019684283063,HE,9.984,9.392,KG,,,2015-03-06,BATCHUSER
000000000000100138,HAWA,H,WG-KOER,ST,,4052549721980,HE,6.730,5.845,KG,,,2025-12-08,T.BRANDT
000000000000100139,HAWA,H,WG-SUES,ST,,4043633277476,HE,3.892,3.126,KG,,,2017-05-09,BATCHUSER
000000000000100140,ROH,H,WG-ROH,ST,ALT807137,4019524452888,HE,7.076,5.714,KG,,,2016-11-07,BATCHUSER
000000000000100141,HAWA,H,WG-KONS,ST,,4030212812708,HE,0.000,0.000,KG,,,2022-12-12,S.KELLER
000000000000100142,HAWA,H,WG-GETR,ST,,4071193428458,HE,8.930,7.862,KG,,,2021-03-01,S.KELLER
000000000000100143,FERT,H,WG-PAPI,ST,ALT437430,4057345908405,HE,1.484,1.437,KG,,,2022-11-20,T.BRANDT
000000000000100144,HALB,H,WG-TK,ST,,4034822430772,HE,2.007,1.897,KG,,,2021-03-14,BATCHUSER
000000000000100145,VERP,H,WG-VERP,ST,ALT108617,4066477001939,HE,11.884,11.105,KG,,,2015-04-03,T.BRANDT
000000000000100146,HAWA,H,WG-KOER,ST,,4012675751930,HE,11.265,10.030,KG,,,2017-03-23,A.NOWAK
000000000000100147,HAWA,H,WG-TIER,ST,,4040560309768,HE,11.920,9.939,KG,,,2017-12-03,S.KELLER
000000000000100148,VERP,H,WG-VERP,ST,,4097325644640,HE,3.682,3.327,KG,,,2024-11-15,M.HOFFMANN
000000000000100149,HAWA,H,WG-SUES,ST,ALT746781,4087705738496,HE,1.910,1.693,KG,,,2017-06-03,A.NOWAK
000000000000100150,HAWA,H,WG-TK,ST,,4060279583631,HE,9.140,7.817,KG,,,2017-09-27,A.NOWAK
000000000000100151,HAWA,H,WG-HAUS,ST,,4094415955938,HE,4.284,3.918,KG,,,2021-03-03,T.BRANDT
000000000000100152,FERT,H,WG-MOPRO,ST,,4049427463445,HE,3.413,2.763,KG,,,2022-01-07,A.NOWAK
000000000000100153,HAWA,H,WG-SUES,ST,ALT387790,4078633937419,HE,4.381,3.862,KG,,,2020-02-27,S.KELLER
000000000000100154,HAWA,H,WG-HAUS,ST,,4081627601821,HE,3.789,3.038,KG,,,2019-04-14,T.BRANDT
000000000000100155,NLAG,H,WG-SUES,ST,ALT497976,4052575189532,HE,,,,,,2023-01-05,BATCHUSER
000000000000100156,DIEN,H,WG-DIEN,ST,,,,,,,,,2013-04-27,T.BRANDT
000000000000100157,FERT,H,WG-HAUS,ST,,4023762714431,HE,10.851,9.242,KG,,,2013-10-01,BATCHUSER
000000000000100158,HALB,H,WG-TIER,ST,ALT235224,4097468696452,HE,8.942,8.341,KG,,,2023-07-02,S.KELLER
000000000000100159,HAWA,H,WG-HAUS,ST,ALT780628,4050142311775,HE,0.454,0.396,KG,,,2021-04-18,BATCHUSER
000000000000100160,HAWA,H,WG-PAPI,ST,,4021219064634,HE,9.430,7.971,KG,,,2013-09-20,S.KELLER
000000000000100161,VERP,H,WG-VERP,ST,,4001916769872,HE,8.142,7.397,KG,,,2024-03-23,T.BRANDT
000000000000100162,HAWA,H,WG-MOPRO,ST,,4001465127864,HE,9.081,8.129,KG,,,2024-02-14,A.NOWAK
000000000000100163,HAWA,H,WG-MOPRO,ST,ALT751472,4047829239064,HE,0.451,0.372,KG,,,2009-07-03,T.BRANDT
000000000000100164,VERP,H,WG-VERP,ST,,4061810483342,HE,9.563,8.031,,,,2013-10-15,T.BRANDT
000000000000100165,HAWA,H,WG-TK,ST,ALT399497,4098477727748,HE,0.809,0.734,KG,,,2015-03-18,T.BRANDT
000000000000100166,HAWA,H,WG-PAPI,ST,,4027269795993,HE,5.262,4.338,KG,,,2011-05-01,A.NOWAK
000000000000100167,HAWA,H,WG-KOER,ST,,4032111536716,HE,11.583,10.771,KG,,,2020-03-12,A.NOWAK
000000000000100168,DIEN,H,WG-DIEN,ST,ALT750475,,,,,,,,2010-07-28,S.KELLER
000000000000100169,HAWA,H,WG-KOER,,,4080177094671,HE,7.454,6.407,KG,,,2015-08-06,A.NOWAK
000000000000100170,HAWA,H,WG-GETR,ST,ALT563421,4077913144332,HE,9.167,8.064,KG,,,2017-06-28,S.KELLER
000000000000100171,HAWA,H,WG-BACK,ST,,4032704689027,HE,7.593,6.208,KG,,,2026-01-18,T.BRANDT
000000000000100172,ROH,H,WG-ROH,ST,,4048122541540,HE,1.647,1.451,KG,,,2025-11-10,S.KELLER
000000000000100173,HAWA,H,WG-PAPI,ST,ALT186247,4063426204892,HE,9.348,7.892,KG,,,2013-08-26,S.KELLER
000000000000100174,NLAG,H,WG-SUES,ST,,4089854317454,HE,,,,,,2022-10-23,A.NOWAK
000000000000100175,HAWA,H,WG-TIER,PCS,,4025743839515,HE,5.696,4.564,KG,,,2018-01-15,T.BRANDT
000000000000100176,HAWA,H,WG-HAUS,ST,ALT392024,4016947392852,HE,9.066,7.682,KG,,,2025-03-22,A.NOWAK
000000000000100177,HAWA,H,WG-KONS,ST,ALT788729,4097517453135,HE,7.059,6.681,KG,,,2019-12-12,BATCHUSER
000000000000100178,HAWA,H,WG-HAUS,ST,,4060462969600,HE,1.415,1.352,KG,,,2021-04-09,A.NOWAK
000000000000100179,HAWA,H,WG-HAUS,ST,ALT367246,4003291604588,HE,3.935,3.177,KG,,,2024-05-05,BATCHUSER
000000000000100180,HAWA,H,WG-GETR,ST,,4097568366064,HE,1.665,1.411,KG,,,2026-09-05,T.BRANDT
000000000000100181,HAWA,H,WG-KOER,ST,,4036926184063,HE,7.229,6.553,KG,,,2025-09-19,T.BRANDT
000000000000100182,DIEN,H,WG-DIEN,ST,,,,,,,,,2012-09-24,M.HOFFMANN
000000000000100183,HAWA,H,WG-TK,ST,,4033689333547,HE,2.741,2.197,KG,,,2012-10-07,M.HOFFMANN
000000000000100184,HAWA,H,WG-MOPRO,ST,ALT331940,4033670233818,HE,1.937,1.713,KG,,,2009-11-22,S.KELLER
000000000000100185,HAWA,H,WG-PAPI,ST,,4075527634126,HE,4.808,4.108,KG,,,2022-02-04,T.BRANDT
000000000000100186,VERP,H,WG-VERP,ST,ALT597271,4029822205321,HE,11.729,10.004,KG,,,2024-03-01,S.KELLER
000000000000100187,ROH,H,WG-ROH,ST,ALT490589,4095841117488,HE,11.198,9.359,KG,,,2019-07-08,A.NOWAK
000000000000100188,HAWA,H,,ST,,4032206147117,HE,0.979,0.868,KG,,,2021-01-11,M.HOFFMANN
000000000000100189,ROH,H,WG-ROH,ST,,4008329817053,HE,1.565,1.262,KG,,,2009-07-14,T.BRANDT
000000000000100190,HAWA,H,WG-BACK,ST,,4057049957105,HE,0.979,0.946,KG,,,2010-04-01,A.NOWAK
000000000000100191,DIEN,H,WG-DIEN,ST,,,,,,,,,2022-07-01,M.HOFFMANN
000000000000100192,HAWA,H,WG-GETR,ST,,4028547035978,HE,11.250,9.155,KG,,,2022-09-07,BATCHUSER
000000000000100193,HAWA,H,WG-HAUS,ST,,4074432690258,HE,3.815,3.460,KG,,,2018-07-02,T.BRANDT
000000000000100194,HAWA,H,WG-TK,ST,,4026436512050,HE,3.442,3.154,KG,,,2023-01-18,M.HOFFMANN
000000000000100195,FERT,H,WG-KOER,ST,ALT492765,4028575202458,HE,8.829,8.109,KG,,,2021-08-27,BATCHUSER
000000000000100196,NLAG,H,WG-BACK,ST,,4041610964111,HE,,,,,,2020-05-07,S.KELLER
000000000000100197,HAWA,H,WG-TIER,ST,ALT275277,4079749980085,HE,7.953,7.654,KG,,,2012-05-10,BATCHUSER
000000000000100198,DIEN,H,WG-DIEN,ST,,,,,,,,,2011-01-11,S.KELLER
000000000000100199,ROH,H,WG-ROH,ST,,4030381011315,HE,8.147,7.432,KG,,,2015-06-09,A.NOWAK
000000000000100200,HAWA,H,WG-KONS,ST,,4005588359041,HE,6.569,6.270,KG,,,2023-02-03,A.NOWAK
000000000000100201,HAWA,H,WG-GETR,,,4083919792361,HE,8.710,7.524,KG,,,2016-07-27,M.HOFFMANN
000000000000100202,HAWA,H,WG-KONS,ST,,4026516586131,HE,1.646,1.480,KG,,,2026-01-14,BATCHUSER
000000000000100203,HAWA,H,WG-KONS,ST,,4086461666784,HE,11.840,10.967,KG,,,2025-12-02,T.BRANDT
000000000000100204,VERP,H,WG-VERP,ST,,4031089782637,HE,11.744,9.909,KG,,,2019-03-24,BATCHUSER
000000000000100205,HALB,H,WG-KOER,ST,,4083676317708,HE,0.278,0.230,KG,,,2023-03-07,M.HOFFMANN
000000000000100206,HAWA,H,WG-HAUS,ST,ALT378406,4095598674838,HE,6.794,5.546,KG,,,2011-06-05,M.HOFFMANN
000000000000100207,ROH,H,WG-ROH,ST,,4001913431185,HE,11.437,10.714,KG,,,2012-03-18,S.KELLER
000000000000100208,HAWA,H,WG-TK,ST,ALT519997,4086226064008,HE,10.641,9.924,KG,,,2016-04-06,BATCHUSER
000000000000100209,HAWA,H,WG-GETR,ST,,4059712727107,HE,2.508,2.420,KG,,,2009-01-12,BATCHUSER
000000000000100210,HAWA,H,WG-PAPI,ST,,4026634847015,HE,11.985,10.520,KG,,,2019-08-24,M.HOFFMANN
000000000000100211,HAWA,H,WG-KOER,ST,,4038181568541,HE,6.602,5.901,KG,,,2020-03-15,S.KELLER
000000000000100212,HAWA,H,WG-TK,ST,ALT735825,4083728219134,HE,4.162,3.746,KG,,,2017-08-05,T.BRANDT
000000000000100213,VERP,H,WG-VERP,ST,ALT484994,4086481583023,HE,7.796,6.265,,,,2021-11-21,M.HOFFMANN
000000000000100214,ROH,H,WG-ROH,ST,ALT590539,4024510978464,HE,2.033,1.875,KG,,,2017-03-16,T.BRANDT
000000000000100215,HAWA,H,WG-TIER,ST,,4016153679686,HE,7.234,6.730,KG,,,2015-05-07,S.KELLER
000000000000100216,VERP,H,WG-VERP,ST,,4096150190209,HE,11.690,9.997,KG,,,2018-12-20,BATCHUSER
000000000000100217,HAWA,H,WG-TK,ST,ALT217993,4025993573818,HE,9.556,7.719,KG,,,2017-12-21,M.HOFFMANN
000000000000100218,FERT,H,WG-HAUS,ST,,4093749963558,HE,1.995,1.889,KG,,,2026-04-27,BATCHUSER
000000000000100219,NLAG,H,WG-KONS,ST,ALT230394,4026629545544,HE,,,,,,2019-07-23,S.KELLER
000000000000100220,HAWA,H,WG-BACK,ST,ALT414591,4093249519033,HE,11.340,9.348,KG,,,2018-03-04,M.HOFFMANN
000000000000100221,HAWA,H,WG-TIER,ST,,4048203507762,HE,2.261,2.052,KG,,,2017-08-28,BATCHUSER
000000000000100222,HAWA,H,WG-MOPRO,ST,,4067392721285,HE,8.643,7.813,KG,,,2025-04-24,T.BRANDT
000000000000100223,HAWA,H,WG-HAUS,ST,,4031166963164,HE,11.980,10.896,KG,,,2019-10-22,T.BRANDT
000000000000100224,HAWA,H,WG-TIER,ST,,4055437113805,HE,11.677,10.738,KG,,,2021-06-09,M.HOFFMANN
000000000000100225,HAWA,H,WG-SUES,ST,ALT912973,4069150086254,HE,10.226,9.087,KG,,,2023-12-14,BATCHUSER
000000000000100226,HAWA,H,WG-SUES,ST,,4097807546783,HE,3.959,3.243,KG,,,2019-03-18,S.KELLER
000000000000100227,HAWA,H,WG-TK,ST,,4027800449446,HE,2.801,2.350,KG,,,2011-11-21,A.NOWAK
000000000000100228,HAWA,H,WG-KOER,ST,,4074419753884,HE,8.202,6.751,KG,,,2009-08-28,S.KELLER
000000000000100229,VERP,H,WG-VERP,ST,,4026936659255,HE,1.596,1.306,KG,,,2024-06-22,BATCHUSER
000000000000100230,ROH,H,WG-ROH,ST,,4060101683997,HE,7.032,5.867,KG,,,2023-07-23,M.HOFFMANN
000000000000100231,VERP,H,WG-VERP,ST,,4052468723287,HE,5.551,4.987,KG,,,2025-05-25,A.NOWAK
000000000000100232,ROH,H,WG-ROH,ST,,4028618994746,HE,5.000,4.127,KG,,,2009-09-19,BATCHUSER
000000000000100233,HAWA,H,WG-TK,ST,,4021007576127,HE,8.422,6.997,KG,,,2015-08-28,S.KELLER
000000000000100234,HAWA,H,WG-KONS,ST,ALT250555,4075566291656,HE,2.847,2.739,KG,,,2022-02-13,T.BRANDT
000000000000100235,NLAG,H,WG-MOPRO,ST,ALT959027,4035884564986,HE,,,,,,2013-09-19,S.KELLER
000000000000100236,HAWA,H,WG-TK,ST,,4092077150869,HE,5.148,4.747,KG,,,2021-04-15,A.NOWAK
000000000000100237,HAWA,H,WG-PAPI,ST,ALT791730,4030791756806,HE,4.950,4.499,KG,,,2016-12-10,S.KELLER
000000000000100238,HAWA,H,WG-GETR,ST,ALT288521,4075604737740,HE,5.905,7.656,KG,,,2016-09-28,M.HOFFMANN
000000000000100239,HAWA,H,WG-TIER,ST,ALT249566,4020415609984,HE,11.058,9.894,KG,,,2024-10-10,A.NOWAK
000000000000100240,VERP,H,WG-VERP,ST,,4061013760936,HE,8.206,7.206,KG,,,2010-07-24,BATCHUSER
000000000000100241,VERP,H,WG-VERP,ST,,4007856352013,HE,8.431,7.198,KG,,,2014-02-19,S.KELLER
000000000000100242,NLAG,H,WG-KONS,ST,,4073058501122,HE,,,,,,2014-11-19,M.HOFFMANN
000000000000100243,HAWA,H,WG-MOPRO,PCS,ALT572004,4010775617521,HE,2.567,2.183,KG,,,2022-11-11,A.NOWAK
000000000000100244,HAWA,H,,ST,,4046696500253,HE,1.532,1.255,KG,,,2012-12-02,S.KELLER
000000000000100245,FERT,H,WG-KOER,ST,,4015258977840,HE,1.928,1.629,KG,,,2018-11-08,S.KELLER
000000000000100246,FERT,H,WG-BACK,ST,,4018438959445,HE,8.055,7.459,KG,,,2021-05-07,A.NOWAK
000000000000100247,HALB,H,WG-PAPI,ST,,4080932585406,HE,0.098,0.082,KG,,,2016-09-23,BATCHUSER
000000000000100248,HAWA,H,WG-KOER,ST,ALT350364,4017928317864,HE,1.526,1.458,KG,,,2024-02-12,BATCHUSER
000000000000100249,HAWA,H,WG-MOPRO,ST,ALT325980,4000149585773,HE,5.304,4.345,KG,,,2025-06-06,BATCHUSER
000000000000100250,HAWA,H,WG-PAPI,ST,,4074707717321,HE,6.187,5.328,KG,,,2016-04-24,M.HOFFMANN
000000000000100251,DIEN,H,WG-DIEN,ST,,,,,,,,,2017-12-09,S.KELLER
000000000000100252,HAWA,H,WG-HAUS,ST,,4001376758188,HE,11.158,9.069,KG,,,2010-06-09,M.HOFFMANN
000000000000100253,HAWA,H,WG-PAPI,ST,,4074685494825,HE,3.615,3.033,KG,,,2020-06-13,T.BRANDT
000000000000100254,HAWA,H,WG-TIER,ST,,4014168745365,HE,4.336,3.825,KG,,,2020-02-15,S.KELLER
000000000000100255,HAWA,H,WG-BACK,ST,,4026642864110,HE,2.222,1.978,KG,02,,2009-12-13,T.BRANDT
000000000000100256,VERP,H,WG-VERP,ST,,4008414608634,HE,1.615,1.560,KG,,,2023-11-24,BATCHUSER
000000000000100257,HAWA,H,WG-KOER,ST,,4022385525875,HE,2.355,2.225,KG,,,2021-09-20,BATCHUSER
000000000000100258,FERT,H,WG-MOPRO,ST,ALT994748,4084145850788,HE,6.404,6.168,KG,,,2020-01-26,T.BRANDT
000000000000100259,HAWA,H,WG-HAUS,ST,,4037417199481,HE,9.327,7.624,KG,,,2017-09-22,S.KELLER
000000000000100260,HAWA,H,WG-KOER,ST,ALT878466,4088713037569,HE,9.478,9.117,KG,,,2019-01-13,T.BRANDT
000000000000100261,HAWA,H,WG-KONS,ST,ALT919283,4081679034592,HE,7.590,7.019,KG,,,2023-08-12,T.BRANDT
000000000000100262,HAWA,H,WG-BACK,ST,ALT237570,4042136931779,HE,3.677,3.195,KG,,,2020-10-07,BATCHUSER
000000000000100263,NLAG,H,WG-PAPI,ST,ALT153612,4068186605415,HE,,,,,,2009-08-09,BATCHUSER
000000000000100264,DIEN,H,WG-DIEN,ST,,,,,,,,,2020-09-18,M.HOFFMANN
000000000000100265,HAWA,H,WG-PAPI,ST,,4084287193491,HE,6.328,5.697,KG,,,2012-11-23,BATCHUSER
000000000000100266,HAWA,H,WG-PAPI,ST,ALT710698,4042957044160,HE,4.857,4.426,KG,,,2023-08-12,BATCHUSER
000000000000100267,ROH,H,WG-ROH,ST,,4047454973234,HE,4.566,3.785,KG,,,2014-10-21,T.BRANDT
000000000000100268,HAWA,H,WG-GETR,ST,,4062593541366,HE,0.441,0.412,KG,,,2012-12-28,A.NOWAK
000000000000100269,HALB,H,WG-SUES,ST,,4004742717475,HE,4.238,3.862,KG,,,2016-03-11,S.KELLER
000000000000100270,HAWA,H,WG-PAPI,ST,ALT539121,4092648279708,HE,3.036,2.669,KG,,,2009-07-08,A.NOWAK
000000000000100271,HAWA,H,WG-SUES,ST,,4093315932629,HE,5.674,5.361,KG,,,2017-10-27,A.NOWAK
000000000000100272,VERP,H,WG-VERP,ST,,4068420598640,HE,3.914,3.383,KG,,,2011-09-25,A.NOWAK
000000000000100273,HAWA,H,WG-GETR,ST,,4034630332251,HE,7.445,5.979,KG,,,2010-11-04,S.KELLER
000000000000100274,ROH,H,WG-ROH,ST,,4090933739494,HE,4.208,4.068,KG,,,2011-12-26,A.NOWAK
000000000000100275,HAWA,H,WG-KOER,ST,ALT537610,4052378968358,HE,11.946,9.701,KG,,,2019-06-25,M.HOFFMANN
000000000000100276,HAWA,H,WG-HAUS,ST,,4065781489891,HE,10.456,9.367,KG,,,2019-07-16,A.NOWAK
000000000000100277,HAWA,H,WG-KONS,ST,,4057363795353,HE,0.848,0.706,KG,,,2026-04-07,M.HOFFMANN
000000000000100278,HAWA,H,WG-BACK,ST,,4098260525810,HE,0.000,0.000,KG,,,2015-11-28,BATCHUSER
000000000000100279,HAWA,H,WG-HAUS,ST,ALT963168,4068666607366,HE,11.597,10.293,KG,,,2017-02-20,A.NOWAK
000000000000100280,HAWA,H,WG-SUES,ST,ALT591802,4083744672326,HE,7.135,6.183,KG,,,2010-03-19,A.NOWAK
000000000000100281,VERP,H,WG-VERP,ST,,4066391185258,HE,9.832,8.693,KG,,,2012-12-28,S.KELLER
000000000000100282,HALB,H,WG-HAUS,ST,,4079789194961,HE,2.419,2.219,KG,,,2020-02-07,T.BRANDT
000000000000100283,ROH,H,WG-ROH,ST,ALT176667,4015112186616,HE,9.461,8.673,KG,,,2020-04-10,T.BRANDT
000000000000100284,HAWA,H,WG-MOPRO,ST,,4002343786135,HE,6.054,5.251,KG,,,2014-03-08,BATCHUSER
000000000000100285,HAWA,H,WG-SUES,ST,,4006595161733,HE,8.897,7.740,KG,,,2013-04-21,S.KELLER
000000000000100286,HAWA,H,WG-PAPI,ST,,4056827606495,HE,6.141,5.653,KG,,,2025-05-10,BATCHUSER
000000000000100287,VERP,H,WG-VERP,ST,,4046208067472,HE,11.697,10.585,KG,,,2010-08-04,A.NOWAK
000000000000100288,HAWA,H,WG-SUES,ST,ALT796700,4010217974090,HE,5.474,4.577,KG,,,2020-10-25,T.BRANDT
000000000000100289,HAWA,H,WG-TIER,ST,,4082635579089,HE,8.073,6.934,KG,,,2012-07-26,T.BRANDT
000000000000100290,HAWA,H,WG-KONS,ST,,4067966887010,HE,4.780,4.383,KG,,,2020-04-14,BATCHUSER
000000000000100291,FERT,H,WG-TIER,ST,,4092350937699,HE,10.292,8.318,KG,,,2026-08-28,M.HOFFMANN
000000000000100292,HALB,H,WG-SUES,ST,,4064986523461,HE,1.634,1.485,KG,,,2010-02-20,S.KELLER
000000000000100293,NLAG,H,WG-TK,ST,,4045784749109,HE,,,,,,2011-11-26,T.BRANDT
000000000000100294,HAWA,H,WG-SUES,ST,ALT546828,4036955511403,HE,7.607,7.223,KG,,,2023-11-05,M.HOFFMANN
000000000000100295,HAWA,H,WG-HAUS,ST,ALT108617,4067728679211,HE,11.134,9.632,KG,,,2026-04-10,A.NOWAK
000000000000100296,NLAG,H,WG-KONS,ST,,4058792698192,HE,,,,,,2012-02-12,T.BRANDT
000000000000100297,HAWA,H,WG-SUES,ST,ALT532705,4037918060174,HE,11.318,9.225,KG,,,2010-07-28,S.KELLER
000000000000100298,HAWA,H,WG-TIER,ST,ALT980115,4034014526801,HE,2.917,2.697,KG,,,2020-07-22,A.NOWAK
000000000000100299,HAWA,H,WG-BACK,ST,,4047532244775,HE,8.446,6.925,KG,,,2022-09-25,T.BRANDT
000000000000100300,HAWA,H,WG-TK,ST,,4018647920922,HE,8.087,6.725,KG,,,2026-08-21,A.NOWAK
000000000000100301,HAWA,H,WG-MOPRO,ST,,4075817093336,HE,0.681,0.562,KG,,,2014-02-12,S.KELLER
000000000000100302,NLAG,H,WG-MOPRO,ST,ALT616506,4096953572509,HE,,,,,,2011-03-20,BATCHUSER
000000000000100303,HAWA,H,WG-HAUS,ST,,4038738533084,HE,2.790,2.582,KG,,,2013-03-14,BATCHUSER
000000000000100304,HAWA,H,,ST,,4052440931921,HE,1.764,1.593,KG,,,2014-12-20,S.KELLER
000000000000100305,VERP,H,WG-VERP,ST,ALT934004,4078823471846,HE,10.203,8.698,,,,2016-10-28,M.HOFFMANN
000000000000100306,ROH,H,WG-ROH,ST,,4085152178018,HE,7.698,6.524,KG,,,2009-04-05,A.NOWAK
000000000000100307,HAWA,H,WG-HAUS,ST,ALT837089,4005194800185,HE,11.672,10.974,KG,,,2015-07-08,S.KELLER
000000000000100308,DIEN,H,WG-DIEN,ST,,,,,,,,,2026-03-11,A.NOWAK
000000000000100309,HAWA,H,WG-TIER,ST,ALT251980,4031565705044,HE,3.670,3.364,KG,,,2013-12-24,M.HOFFMANN
000000000000100310,HAWA,H,WG-PAPI,ST,ALT590845,4079925013576,HE,1.727,1.486,KG,,,2021-08-07,S.KELLER
000000000000100311,HAWA,H,WG-SUES,ST,,4080942971367,HE,6.685,5.401,KG,,,2018-04-04,BATCHUSER
000000000000100312,NLAG,H,WG-MOPRO,ST,,4080723172990,HE,,,,,,2025-07-25,M.HOFFMANN
000000000000100313,HAWA,H,WG-PAPI,ST,,4024889221895,HE,4.102,3.741,KG,,,2018-09-25,M.HOFFMANN
000000000000100314,HAWA,H,WG-PAPI,ST,ALT766307,4019412567953,HE,4.827,4.448,KG,,,2017-01-22,S.KELLER
000000000000100315,HAWA,H,WG-MOPRO,ST,,4080227284304,HE,7.207,6.297,KG,,,2010-04-20,T.BRANDT
000000000000100316,HAWA,H,WG-TK,ST,,4001456591445,HE,9.642,9.349,KG,,,2023-05-07,S.KELLER
000000000000100317,HALB,H,,ST,ALT195349,4054921682544,HE,8.171,7.405,KG,,,2024-05-23,A.NOWAK
000000000000100318,HAWA,H,WG-TIER,ST,,4021191776488,HE,3.231,3.013,KG,,,2020-11-20,A.NOWAK
000000000000100319,DIEN,H,WG-DIEN,ST,,,,,,,,,2022-09-22,BATCHUSER
000000000000100320,ROH,H,WG-ROH,ST,,4093552594982,HE,5.841,4.876,KG,,,2011-04-02,M.HOFFMANN
000000000000100321,HAWA,H,WG-BACK,ST,,4034823124465,HE,5.645,4.991,KG,,,2010-08-18,S.KELLER
000000000000100322,HAWA,H,WG-TIER,ST,,4045716726437,HE,9.395,8.898,KG,,,2024-02-26,BATCHUSER
000000000000100323,FERT,H,WG-PAPI,ST,,4013575176403,HE,7.563,6.909,KG,,,2026-05-17,M.HOFFMANN
000000000000100324,HAWA,H,WG-KONS,ST,,4071340491786,HE,0.000,0.000,KG,,,2023-08-20,BATCHUSER
000000000000100325,HAWA,H,WG-GETR,ST,,4030868175202,HE,2.740,2.476,KG,,,2026-12-28,BATCHUSER
000000000000100326,HAWA,H,WG-SUES,ST,ALT978966,4040261467538,HE,9.927,8.814,KG,,,2026-10-12,BATCHUSER
000000000000100327,HAWA,H,WG-SUES,ST,,4036961154663,HE,5.780,4.888,KG,,,2021-08-06,M.HOFFMANN
000000000000100328,HAWA,H,WG-KOER,ST,,4095260518880,HE,10.898,9.686,KG,,,2025-07-28,M.HOFFMANN
000000000000100329,HAWA,H,WG-GETR,ST,ALT797505,4056418848020,HE,3.223,3.013,KG,,,2015-11-21,A.NOWAK
000000000000100330,HAWA,H,WG-PAPI,ST,ALT818406,4042990513159,HE,8.646,7.347,KG,,,2013-06-25,S.KELLER
000000000000100331,HAWA,H,WG-GETR,ST,,4096526065018,HE,5.534,4.830,KG,,,2021-06-14,T.BRANDT
000000000000100332,FERT,H,WG-GETR,ST,,4087048684511,HE,0.787,0.716,KG,,,2012-03-15,A.NOWAK
000000000000100333,HAWA,H,WG-MOPRO,ST,,4020475116118,HE,10.691,8.690,KG,,,2009-10-26,T.BRANDT
000000000000100334,HAWA,H,WG-GETR,ST,,4072444334252,HE,5.409,4.986,KG,,,2010-06-17,T.BRANDT
000000000000100335,HAWA,H,WG-PAPI,ST,,4079754386902,HE,7.539,6.920,KG,,,2013-11-24,S.KELLER
000000000000100336,VERP,H,WG-VERP,ST,,4092495497027,HE,0.730,0.590,KG,,,2025-08-04,A.NOWAK
000000000000100337,HAWA,H,WG-BACK,ST,ALT732500,4033484476081,HE,3.777,3.573,KG,,,2018-01-20,BATCHUSER
000000000000100338,HAWA,H,WG-SUES,ST,,4057650874297,HE,3.222,2.630,KG,,,2020-10-16,S.KELLER
000000000000100339,HAWA,H,WG-KOER,ST,,4096390382686,HE,8.065,7.276,KG,,,2024-10-23,M.HOFFMANN
000000000000100340,HAWA,H,WG-TIER,ST,,4036000917624,HE,1.947,1.665,KG,,,2025-11-26,M.HOFFMANN
000000000000100341,HAWA,H,WG-KOER,ST,,4058535792014,HE,7.593,6.621,KG,,,2018-05-21,M.HOFFMANN
000000000000100342,VERP,H,WG-VERP,ST,ALT747234,4037623232804,HE,8.044,6.758,KG,,,2009-10-07,BATCHUSER
000000000000100343,VERP,H,WG-VERP,ST,ALT368775,4019525361516,HE,1.008,0.902,KG,,,2022-11-05,M.HOFFMANN
000000000000100344,HALB,H,WG-PAPI,ST,,4044730148133,HE,11.134,9.016,KG,,,2010-01-11,M.HOFFMANN
000000000000100345,VERP,H,WG-VERP,ST,,4015356423140,HE,0.991,0.862,KG,,,2015-04-02,T.BRANDT
000000000000100346,VERP,H,WG-VERP,ST,ALT439205,4009314814613,HE,5.949,5.481,KG,,,2017-01-01,A.NOWAK
000000000000100347,HAWA,H,WG-KONS,ST,ALT404645,4023146025542,HE,11.939,9.688,KG,,,2013-01-27,BATCHUSER
000000000000100348,HAWA,H,WG-HAUS,ST,ALT538321,4049863904236,HE,4.641,4.249,KG,,,2025-01-14,S.KELLER
000000000000100349,HAWA,H,WG-SUES,ST,,4061727133521,HE,1.070,0.883,KG,,,2016-04-14,T.BRANDT
000000000000100350,HAWA,H,WG-SUES,ST,,4098810546036,HE,2.274,2.073,KG,,,2014-12-01,T.BRANDT
000000000000100351,ROH,H,WG-ROH,ST,,4062551797309,HE,2.393,2.009,KG,,,2026-09-09,T.BRANDT
000000000000100352,HAWA,H,WG-KONS,ST,,4038135451462,HE,4.584,4.355,KG,,,2013-12-10,M.HOFFMANN
000000000000100353,HAWA,H,WG-BACK,ST,,4068599716883,HE,9.784,8.342,KG,,,2023-06-20,BATCHUSER
000000000000100354,VERP,H,WG-VERP,ST,,4095406522030,HE,11.199,10.146,KG,,,2024-01-05,A.NOWAK
000000000000100355,HAWA,H,WG-PAPI,ST,ALT879965,4019075132680,HE,9.816,8.348,KG,,,2016-08-07,S.KELLER
000000000000100356,HAWA,H,WG-GETR,ST,,4069966728218,HE,4.795,4.140,KG,,,2015-01-10,T.BRANDT
000000000000100357,NLAG,H,WG-HAUS,ST,,4052731227979,HE,,,,,,2011-05-10,A.NOWAK
000000000000100358,HAWA,H,WG-PAPI,ST,ALT869960,4019995798492,HE,11.872,10.323,,,,2013-05-03,BATCHUSER
000000000000100359,HAWA,H,WG-MOPRO,ST,,4012820318582,HE,0.717,0.683,KG,,,2025-04-14,BATCHUSER
000000000000100360,HAWA,H,WG-KONS,ST,,4001694853282,HE,2.116,1.976,KG,,,2020-04-18,T.BRANDT
000000000000100361,HAWA,H,WG-KONS,ST,,4016037854673,HE,5.478,4.957,KG,,,2013-03-19,A.NOWAK
000000000000100362,HAWA,H,WG-SUES,ST,,4069106069737,HE,3.611,3.500,KG,,,2024-07-06,T.BRANDT
000000000000100363,HAWA,H,WG-BACK,ST,,4000574523901,HE,11.897,9.805,KG,,,2015-08-03,BATCHUSER
000000000000100364,HALB,H,WG-MOPRO,Stk,,4028641188877,HE,10.310,9.236,KG,,,2026-05-12,M.HOFFMANN
000000000000100365,HAWA,H,WG-GETR,ST,,4085936792355,HE,3.057,2.865,KG,,,2011-09-01,BATCHUSER
000000000000100366,ROH,H,WG-ROH,ST,,4000161265368,HE,9.139,7.763,KG,,,2011-03-01,BATCHUSER
000000000000100367,HAWA,H,WG-MOPRO,ST,,4021421999373,HE,7.228,6.026,KG,,,2016-02-06,BATCHUSER
000000000000100368,HAWA,H,WG-MOPRO,ST,,4036975148726,HE,2.577,2.218,KG,,,2013-05-11,A.NOWAK
000000000000100369,HALB,H,WG-MOPRO,ST,ALT318690,4043054455392,HE,1.726,1.660,KG,,,2025-12-17,A.NOWAK
000000000000100370,HAWA,H,WG-HAUS,ST,,4091594553887,HE,5.398,6.820,KG,,,2013-02-09,BATCHUSER
000000000000100371,HAWA,H,WG-TK,,,4011395270035,HE,10.480,9.639,KG,,,2022-09-01,M.HOFFMANN
000000000000100372,VERP,H,WG-VERP,ST,,4091251247159,HE,2.525,2.193,KG,,,2011-07-18,A.NOWAK
000000000000100373,HAWA,H,WG-TK,ST,,4094183680698,HE,1.637,1.577,KG,,,2019-03-17,A.NOWAK
000000000000100374,HALB,H,WG-MOPRO,ST,,4066593914885,HE,1.519,1.392,KG,,,2015-09-17,A.NOWAK
000000000000100375,HAWA,H,WG-SUES,ST,ALT200212,4066533319718,HE,3.738,4.200,KG,,,2011-08-20,T.BRANDT
000000000000100376,VERP,H,WG-VERP,ST,ALT813323,4000451372295,HE,6.938,5.640,KG,,,2019-02-10,BATCHUSER
000000000000100377,HAWA,H,WG-KONS,ST,ALT227789,4019046274012,HE,9.732,9.099,KG,,,2022-07-11,A.NOWAK
000000000000100378,DIEN,H,WG-DIEN,ST,,,,,,,,,2023-06-06,T.BRANDT
000000000000100379,HAWA,H,WG-GETR,ST,,4075264716628,HE,2.454,2.188,KG,,,2021-02-26,A.NOWAK
000000000000100380,HAWA,H,WG-KOER,ST,ALT534564,4002878620706,HE,0.000,0.000,KG,,,2020-12-08,A.NOWAK
000000000000100381,HAWA,H,WG-GETR,ST,,4074853497580,HE,10.141,8.645,KG,,,2018-11-15,A.NOWAK
000000000000100382,HALB,H,WG-TIER,ST,,4099672351264,HE,7.864,6.468,KG,,,2014-12-07,S.KELLER
000000000000100383,HAWA,H,WG-BACK,ST,ALT197491,4011470060742,HE,4.476,4.103,KG,,,2026-11-24,S.KELLER
000000000000100384,HAWA,H,WG-KOER,ST,,4067912837465,HE,0.995,0.825,KG,,,2011-01-22,M.HOFFMANN
000000000000100385,HAWA,H,WG-BACK,ST,ALT679824,4062894450701,HE,2.017,1.955,KG,,,2014-03-14,BATCHUSER
000000000000100386,NLAG,H,WG-MOPRO,ST,,4015698366716,HE,,,,,,2013-12-04,S.KELLER
000000000000100387,FERT,H,WG-PAPI,ST,ALT860793,4089922859923,HE,10.246,8.866,KG,,,2018-12-16,BATCHUSER
000000000000100388,HAWA,H,WG-SUES,ST,ALT425954,4045497441185,HE,8.088,6.910,KG,,,2011-12-12,T.BRANDT
000000000000100389,HALB,H,WG-KONS,ST,,4048326467929,HE,7.940,6.793,KG,,,2011-06-21,A.NOWAK
000000000000100390,HAWA,H,WG-HAUS,ST,,4055409762024,HE,9.631,9.166,KG,,,2023-04-01,S.KELLER
000000000000100391,HAWA,H,WG-MOPRO,ST,,4018388162384,HE,9.401,7.959,KG,,,2009-05-28,T.BRANDT
000000000000100392,ROH,H,WG-ROH,ST,,4074076407083,HE,5.829,4.874,KG,,,2016-01-12,T.BRANDT
000000000000100393,HAWA,H,WG-TK,ST,,4009976680717,HE,9.775,7.879,KG,,,2019-10-25,T.BRANDT
000000000000100394,FERT,H,WG-KONS,ST,,4058052751063,HE,4.221,4.083,KG,,,2020-10-10,T.BRANDT
000000000000100395,HAWA,H,WG-PAPI,ST,ALT663051,4057988729245,HE,0.240,0.204,KG,,,2019-06-24,M.HOFFMANN
000000000000100396,HAWA,H,WG-TIER,ST,ALT646952,4086963535151,HE,3.939,3.294,KG,,,2022-12-27,T.BRANDT
000000000000100397,DIEN,H,WG-DIEN,ST,ALT622841,,,,,,,,2020-06-13,S.KELLER
000000000000100398,HAWA,H,WG-GETR,ST,,4050535948977,HE,7.934,6.418,KG,,,2025-02-18,S.KELLER
000000000000100399,HALB,H,WG-TIER,ST,,4090066465611,HE,11.387,9.414,KG,,,2016-12-05,BATCHUSER
000000000000100400,HALB,H,WG-BACK,ST,,4073947586995,HE,4.505,4.119,KG,,,2020-10-22,S.KELLER
000000000000100401,HALB,H,WG-KONS,ST,,4059647950526,HE,7.971,7.472,KG,,,2020-07-06,S.KELLER
000000000000100402,HAWA,H,WG-SUES,ST,ALT379520,4034819035409,HE,0.883,0.823,KG,,,2013-02-24,BATCHUSER
000000000000100403,HAWA,H,WG-KONS,ST,,4016033744794,HE,7.056,5.958,KG,,,2017-04-19,S.KELLER
000000000000100404,HAWA,H,WG-KOER,ST,ALT141535,4051062447162,HE,11.279,10.352,KG,,,2009-09-09,A.NOWAK
000000000000100405,HAWA,H,WG-TIER,ST,,4086150538378,HE,10.962,10.628,KG,,,2016-05-09,A.NOWAK
000000000000100406,VERP,H,WG-VERP,ST,ALT784940,4001502346197,HE,1.002,0.963,KG,,,2016-04-26,S.KELLER
000000000000100407,HAWA,H,WG-HAUS,ST,ALT223740,4078340091268,HE,8.080,7.107,KG,,,2015-11-04,A.NOWAK
000000000000100408,ROH,H,WG-ROH,ST,,4005737152363,HE,7.882,7.359,KG,,,2022-12-10,T.BRANDT
000000000000100409,HAWA,H,WG-MOPRO,ST,,4061750357697,HE,2.578,2.260,KG,,,2020-03-18,M.HOFFMANN
000000000000100410,DIEN,H,WG-DIEN,ST,ALT658127,,,,,,,,2010-02-26,T.BRANDT
000000000000100411,HAWA,H,WG-BACK,ST,ALT160131,4077434220140,HE,2.136,1.945,KG,,,2014-05-11,S.KELLER
000000000000100412,HAWA,H,,ST,,4004101496140,HE,9.767,8.547,KG,,,2016-08-21,M.HOFFMANN
000000000000100413,HAWA,H,WG-BACK,ST,ALT622464,4016926389941,HE,5.622,4.890,KG,,,2014-04-06,BATCHUSER
000000000000100414,HAWA,H,WG-BACK,ST,ALT377252,4010408978432,HE,5.887,5.327,KG,,,2024-04-28,BATCHUSER
000000000000100415,HAWA,H,WG-TK,ST,,4073800374721,HE,9.068,7.563,KG,,,2025-11-04,M.HOFFMANN
000000000000100416,HAWA,H,WG-GETR,ST,,4068332928276,HE,7.302,6.406,KG,,,2014-08-09,A.NOWAK
000000000000100417,HAWA,H,WG-HAUS,ST,ALT109819,4092302536376,HE,0.000,0.000,KG,,,2023-06-27,T.BRANDT
000000000000100418,NLAG,H,WG-KOER,ST,,4014534619320,HE,,,,,,2015-02-18,T.BRANDT
000000000000100419,DIEN,H,WG-DIEN,ST,ALT979975,,,,,,,,2015-01-14,T.BRANDT
000000000000100420,HAWA,H,WG-BACK,ST,ALT575902,4087965042050,HE,2.669,3.072,KG,,,2025-01-20,S.KELLER
000000000000100421,HAWA,H,WG-KONS,ST,,4037383729248,HE,10.469,9.194,KG,,,2025-06-04,A.NOWAK
000000000000100422,HAWA,H,WG-MOPRO,ST,ALT682542,4069284732942,HE,8.312,6.951,KG,,,2015-05-05,M.HOFFMANN
000000000000100423,HAWA,H,WG-BACK,ST,ALT152631,4003587710030,HE,2.213,1.962,KG,,,2012-06-18,T.BRANDT
000000000000100424,HAWA,H,WG-TK,ST,,4056322499189,HE,10.459,9.959,KG,,,2010-01-25,BATCHUSER
000000000000100425,HALB,H,WG-MOPRO,ST,,4061584006204,HE,0.000,0.000,KG,,,2025-05-08,S.KELLER
000000000000100426,HAWA,H,WG-TIER,ST,,4007304778488,HE,7.209,6.511,KG,,,2009-09-26,S.KELLER
000000000000100427,HAWA,H,WG-BACK,ST,ALT872037,4050416542829,HE,10.653,9.335,KG,,,2014-06-18,S.KELLER
000000000000100428,HAWA,H,WG-KOER,ST,,4014288568837,HE,1.494,1.217,KG,,,2009-10-12,T.BRANDT
000000000000100429,HALB,H,WG-KOER,ST,,4035192517858,HE,8.470,7.848,KG,,,2010-06-21,S.KELLER
000000000000100430,NLAG,H,WG-TIER,ST,ALT646952,4083990951770,HE,,,,,,2018-10-04,A.NOWAK
000000000000100431,VERP,H,WG-VERP,ST,ALT192556,4097849849057,HE,10.511,9.461,KG,,,2010-06-21,T.BRANDT
000000000000100432,HAWA,H,WG-TIER,ST,ALT772412,4000966097539,HE,8.038,6.644,KG,,,2026-02-08,M.HOFFMANN
000000000000100433,HAWA,H,WG-KOER,ST,,4087739652829,HE,0.625,0.565,KG,,,2012-08-24,S.KELLER
000000000000100434,NLAG,H,WG-PAPI,ST,ALT533436,4059579234091,HE,,,,,,2010-02-17,M.HOFFMANN
000000000000100435,VERP,H,WG-VERP,ST,,4079318519000,HE,8.025,6.899,KG,,,2009-06-09,T.BRANDT
000000000000100436,ROH,H,WG-ROH,ST,ALT574659,4029627590943,HE,2.916,2.416,KG,,,2025-11-04,BATCHUSER
000000000000100437,HAWA,H,WG-PAPI,ST,,4032200450091,HE,4.881,4.192,KG,,,2025-02-18,A.NOWAK
000000000000100438,ZZZZ,H,WG-TIER,ST,,4066383241283,HE,5.080,4.407,KG,,,2020-10-13,T.BRANDT
000000000000100439,HAWA,H,WG-HAUS,ST,ALT481591,4064768835930,HE,4.995,4.756,KG,,,2013-01-15,T.BRANDT
000000000000100440,HAWA,H,WG-PAPI,ST,ALT290818,4058747593183,HE,1.932,1.811,KG,,,2012-11-11,M.HOFFMANN
000000000000100441,VERP,H,WG-VERP,ST,ALT590595,4064915812970,HE,7.725,6.986,KG,,,2025-09-12,S.KELLER
000000000000100442,HAWA,H,WG-KOER,ST,,4020605448690,HE,2.300,2.028,KG,,,2021-12-21,M.HOFFMANN
000000000000100443,NLAG,H,WG-BACK,ST,ALT241366,4036864091461,HE,,,,,,2009-02-11,S.KELLER
000000000000100444,HAWA,H,WG-PAPI,ST,,4087180905703,HE,5.435,4.795,KG,,,2025-11-15,S.KELLER
000000000000100445,HAWA,H,,ST,ALT334691,4028748052835,HE,9.955,8.094,KG,,,2013-07-24,A.NOWAK
000000000000100446,HAWA,H,WG-TK,ST,ALT440286,4043984776376,HE,3.616,3.340,KG,,,2018-06-18,BATCHUSER
000000000000100447,HAWA,H,WG-SUES,ST,,4089075141777,HE,0.357,0.318,KG,,,2014-02-20,S.KELLER
000000000000100448,HAWA,H,WG-KONS,ST,,4075391950520,HE,2.322,1.930,KG,,,2011-09-07,S.KELLER
000000000000100449,ROH,H,WG-ROH,ST,,4018374728037,HE,6.241,5.370,KG,,,2024-12-12,M.HOFFMANN
000000000000100450,HAWA,H,WG-HAUS,ST,,4055746354012,HE,11.156,9.174,KG,,,2019-12-13,BATCHUSER
000000000000100451,DIEN,H,WG-DIEN,ST,ALT330260,,,,,,,,2023-02-10,A.NOWAK
000000000000100452,ROH,H,WG-ROH,ST,,4020520042010,HE,1.077,0.959,KG,,,2016-12-27,T.BRANDT
000000000000100453,HAWA,H,WG-KONS,ST,ALT316495,4033775398405,HE,11.448,10.767,KG,,,2017-03-08,S.KELLER
000000000000100454,HAWA,H,WG-HAUS,ST,ALT669262,4052973577597,HE,4.950,4.625,KG,,,2023-03-04,S.KELLER
000000000000100455,HAWA,H,WG-BACK,ST,ALT610283,4065827232313,HE,5.273,4.226,KG,,,2018-09-11,T.BRANDT
000000000000100456,HAWA,H,WG-PAPI,ST,,4045709044661,HE,2.498,2.127,KG,,,2022-04-24,BATCHUSER
000000000000100457,HAWA,H,WG-SUES,ST,,4001200093300,HE,1.968,1.661,KG,,,2022-09-18,BATCHUSER
000000000000100458,HAWA,H,WG-TIER,ST,ALT782781,4026172364876,HE,7.114,6.769,KG,,,2023-04-26,S.KELLER
000000000000100459,HAWA,H,WG-HAUS,ST,,4064404986878,HE,5.998,5.118,KG,,,2019-01-26,S.KELLER
000000000000100460,ROH,H,WG-ROH,ST,,4039089805141,HE,7.952,10.034,KG,,,2017-02-10,BATCHUSER
000000000000100461,HAWA,H,WG-MOPRO,ST,,4079475669211,HE,3.243,3.137,KG,,,2021-08-25,M.HOFFMANN
000000000000100462,DIEN,H,WG-DIEN,ST,,,,,,,,,2025-06-25,T.BRANDT
000000000000100463,HAWA,H,WG-HAUS,ST,ALT526232,4094991963174,HE,5.325,4.951,KG,,,2023-04-14,BATCHUSER
000000000000100464,HAWA,H,WG-BACK,ST,,4045172450518,HE,0.480,0.418,KG,,,2023-01-09,A.NOWAK
000000000000100465,HAWA,H,WG-KONS,ST,,4064372084200,HE,3.555,3.116,KG,,,2024-05-20,BATCHUSER
000000000000100466,VERP,H,WG-VERP,ST,,4067214408561,HE,5.881,5.214,KG,,,2015-01-02,M.HOFFMANN
000000000000100467,ROH,H,WG-ROH,ST,,4017869475888,HE,9.992,8.120,KG,,,2010-03-06,BATCHUSER
000000000000100468,HAWA,H,WG-KOER,ST,,4090722265173,HE,2.017,1.818,KG,,,2011-09-27,A.NOWAK
000000000000100469,HAWA,H,WG-TIER,ST,,4001841131959,HE,9.199,7.938,KG,,,2020-07-27,T.BRANDT
000000000000100470,ROH,H,WG-ROH,ST,,4081296247160,HE,7.863,7.400,KG,,,2017-08-06,A.NOWAK
000000000000100471,HAWA,H,WG-SUES,ST,ALT676400,4011331685503,HE,3.191,3.018,KG,,,2011-12-09,A.NOWAK
000000000000100472,VERP,H,WG-VERP,ST,,4044523244498,HE,10.853,8.763,KG,,,2010-01-23,A.NOWAK
000000000000100473,HAWA,H,WG-MOPRO,ST,,4060158334996,HE,5.444,4.617,KG,,,2022-07-19,T.BRANDT
000000000000100474,HAWA,H,WG-KONS,ST,,4006287128426,HE,4.420,4.016,KG,,,2019-07-18,T.BRANDT
000000000000100475,HAWA,H,WG-MOPRO,ST,,4068352914105,HE,1.924,1.558,KG,,,2022-09-19,T.BRANDT
000000000000100476,HAWA,H,WG-TK,ST,,4056404806201,HE,4.741,3.993,KG,,,2021-09-21,BATCHUSER
000000000000100477,VERP,H,WG-VERP,ST,,4057520903546,HE,4.582,4.170,KG,,,2019-05-28,T.BRANDT
000000000000100478,FERT,H,WG-PAPI,ST,,4060831139689,HE,5.200,4.948,KG,,,2017-11-01,T.BRANDT
000000000000100479,HAWA,H,WG-MOPRO,ST,,4074809367745,HE,10.150,9.130,KG,,,2021-07-08,S.KELLER
000000000000100480,HAWA,H,WG-TK,ST,ALT643519,4000907296106,HE,10.887,9.098,KG,,,2020-07-24,M.HOFFMANN
000000000000100481,HAWA,H,WG-TIER,ST,,4036121007488,HE,1.115,1.034,KG,,,2015-07-13,S.KELLER
000000000000100482,NLAG,H,WG-TK,ST,ALT379723,4014126153621,HE,,,,,,2020-04-07,M.HOFFMANN
000000000000100483,HAWA,H,WG-MOPRO,ST,,4035016159486,HE,0.435,0.356,KG,,,2021-01-05,A.NOWAK
000000000000100484,HAWA,H,WG-PAPI,ST,ALT350188,4001983553954,HE,1.736,1.513,KG,,,2009-03-22,T.BRANDT
000000000000100485,ROH,H,WG-ROH,ST,,4012292740799,HE,5.544,4.573,KG,,,2022-06-22,T.BRANDT
000000000000100486,ROH,H,WG-ROH,ST,ALT942889,4027951611860,HE,9.905,9.138,KG,,,2010-12-16,T.BRANDT
000000000000100487,NLAG,H,WG-TK,ST,ALT643257,4081437449644,HE,,,,,,2010-05-22,T.BRANDT
000000000000100488,VERP,H,WG-VERP,ST,ALT243475,4072812021913,HE,5.593,5.050,KG,,,2009-09-26,M.HOFFMANN
000000000000100489,DIEN,H,WG-DIEN,ST,ALT707221,,,,,,,,2014-01-20,S.KELLER
000000000000100490,HAWA,H,WG-GETR,ST,ALT105129,4096180593414,HE,11.368,15.249,KG,,,2019-12-12,M.HOFFMANN
000000000000100491,HAWA,H,WG-MOPRO,ST,,4067169796904,HE,8.937,7.580,KG,,,2015-06-04,T.BRANDT
000000000000100492,ROH,H,WG-ROH,ST,,4032271272592,HE,3.245,3.006,KG,,,2010-06-14,M.HOFFMANN
000000000000100493,FERT,H,WG-HAUS,ST,,4045715107770,HE,11.173,9.255,KG,,,2020-08-16,S.KELLER
000000000000100494,HAWA,H,WG-KOER,ST,,4014570911822,HE,3.837,3.521,KG,,,2016-01-01,M.HOFFMANN
000000000000100495,HAWA,H,WG-GETR,ST,,4093705889670,HE,0.995,0.893,KG,,,2019-01-13,BATCHUSER
000000000000100496,FERT,H,WG-SUES,ST,,4015404179326,HE,9.501,7.951,KG,,,2020-04-25,T.BRANDT
000000000000100497,ROH,H,WG-ROH,ST,ALT567602,4031774259307,HE,2.739,2.557,KG,,,2013-11-08,M.HOFFMANN
000000000000100498,VERP,H,WG-VERP,ST,,4038153213837,HE,1.732,1.678,KG,,,2009-07-26,BATCHUSER
000000000000100499,HAWA,H,WG-KOER,ST,ALT610755,4006079721033,HE,0.736,0.629,KG,,,2017-12-06,A.NOWAK
000000000000100500,ROH,H,WG-ROH,ST,ALT708672,4099812793282,HE,3.473,3.328,KG,,,2011-12-23,BATCHUSER
000000000000100501,HALB,H,WG-KOER,ST,,4013267640885,HE,5.196,4.811,KG,,,2009-01-05,BATCHUSER
000000000000100502,DIEN,H,WG-DIEN,ST,,,,,,,,,2020-11-01,BATCHUSER
000000000000100503,FERT,H,WG-BACK,ST,,4027395895529,HE,0.000,0.000,KG,,,2016-04-21,M.HOFFMANN
000000000000100504,NLAG,H,WG-GETR,ST,ALT438818,4095656942664,HE,,,,,,2012-02-07,A.NOWAK
000000000000100505,FERT,H,WG-MOPRO,ST,,4072407792181,HE,1.866,1.808,KG,,,2017-09-01,A.NOWAK
000000000000100506,NLAG,H,WG-KONS,ST,,4040974075846,HE,,,,,,2019-11-17,T.BRANDT
000000000000100507,HALB,H,WG-TK,,ALT879888,4048896046036,HE,8.768,7.175,KG,,,2012-01-20,T.BRANDT
000000000000100508,HAWA,H,WG-SUES,ST,,4018780251457,HE,9.909,9.511,KG,,,2011-08-09,M.HOFFMANN
000000000000100509,HAWA,H,WG-BACK,ST,,4000306569917,HE,3.365,2.781,KG,,,2024-04-18,T.BRANDT
000000000000100510,HAWA,H,WG-MOPRO,ST,,4026848796253,HE,5.908,5.337,KG,,,2017-02-01,BATCHUSER
000000000000100511,HAWA,H,WG-BACK,ST,ALT635027,4013470151215,HE,2.623,2.202,KG,,,2012-08-23,T.BRANDT
000000000000100512,HAWA,H,WG-TIER,ST,ALT877025,4043579760902,HE,8.602,7.707,KG,,,2024-09-24,M.HOFFMANN
000000000000100513,HAWA,H,WG-HAUS,ST,,4007376015981,HE,3.407,2.815,KG,,,2011-10-15,T.BRANDT
000000000000100514,HAWA,H,WG-SUES,ST,,4041599083759,HE,7.911,6.481,KG,,,2025-10-13,T.BRANDT
000000000000100515,HAWA,H,WG-TIER,ST,,4021084336546,HE,10.187,8.779,KG,,,2011-03-17,BATCHUSER
000000000000100516,HAWA,H,WG-MOPRO,ST,ALT887354,4037251974992,HE,7.375,6.830,KG,,,2015-08-12,M.HOFFMANN
000000000000100517,HAWA,H,WG-MOPRO,ST,,4012804456767,HE,0.000,0.000,KG,,,2022-02-19,S.KELLER
000000000000100518,HAWA,H,WG-SUES,ST,,4050734238305,HE,6.008,5.630,KG,,,2025-07-13,BATCHUSER
000000000000100519,NLAG,H,WG-BACK,ST,,4090892959230,HE,,,,,,2018-12-04,M.HOFFMANN
000000000000100520,NLAG,H,WG-KONS,ST,ALT353507,4063291958661,HE,,,,,,2023-01-15,T.BRANDT
000000000000100521,HAWA,H,WG-KONS,ST,,4004949930592,HE,5.705,4.707,KG,01,,2024-05-08,T.BRANDT
000000000000100522,FERT,H,WG-BACK,ST,ALT685956,4061728021957,HE,10.448,9.413,KG,,,2026-01-26,A.NOWAK
000000000000100523,VERP,H,WG-VERP,ST,ALT360678,4042056948642,HE,2.779,2.556,KG,,,2016-02-10,M.HOFFMANN
000000000000100524,HAWA,H,WG-KOER,ST,ALT237820,4009865283869,HE,11.045,9.714,KG,,,2012-09-12,BATCHUSER
000000000000100525,VERP,H,WG-VERP,ST,,4012253129953,HE,10.431,9.046,KG,,,2023-05-25,BATCHUSER
000000000000100526,ROH,H,WG-ROH,ST,ALT967629,4055813240927,HE,4.402,3.620,KG,,,2020-06-05,M.HOFFMANN
000000000000100527,VERP,H,WG-VERP,ST,,4017804597465,HE,5.888,5.591,KG,,,2015-12-19,BATCHUSER
000000000000100528,HAWA,H,WG-TIER,ST,,4003310996458,HE,3.837,3.389,KG,,,2013-01-06,M.HOFFMANN
000000000000100529,ROH,H,WG-ROH,,ALT750475,4031271190332,HE,3.632,3.475,KG,,,2013-03-09,A.NOWAK
000000000000100530,HAWA,H,WG-TK,ST,,4008346254848,HE,0.861,0.810,KG,,,2021-02-18,A.NOWAK
000000000000100531,HAWA,H,WG-GETR,ST,,4093028502935,HE,4.980,4.032,KG,,,2014-05-06,M.HOFFMANN
000000000000100532,HAWA,H,WG-BACK,ST,,4065348538994,HE,1.972,1.774,KG,,,2011-02-18,M.HOFFMANN
000000000000100533,HALB,H,WG-KOER,ST,ALT871701,4072281848783,HE,0.760,0.733,KG,,,2018-05-02,A.NOWAK
000000000000100534,HAWA,H,WG-BACK,ST,,4032162050476,HE,1.038,0.930,KG,,,2017-09-17,T.BRANDT
000000000000100535,DIEN,H,WG-DIEN,xx,ALT192165,,,,,,,,2016-07-17,M.HOFFMANN
000000000000100536,FERT,H,WG-TK,ST,ALT779140,4010468972951,HE,8.305,7.857,KG,,,2026-08-07,A.NOWAK
000000000000100537,HAWA,H,WG-HAUS,ST,ALT965701,4024338088543,HE,7.991,7.135,KG,,,2025-03-18,S.KELLER
000000000000100538,HAWA,H,WG-SUES,ST,,4004180641721,HE,2.805,2.462,KG,,,2024-03-19,S.KELLER
000000000000100539,ROH,H,WG-ROH,ST,,4051732306447,HE,0.633,0.559,KG,,,2009-04-12,T.BRANDT
000000000000100540,HAWA,H,WG-KOER,ST,ALT268124,4082301334318,HE,1.354,1.145,KG,,,2018-06-27,S.KELLER
000000000000100541,HAWA,H,WG-KOER,ST,,4022545602101,HE,4.399,4.149,KG,,,2020-08-12,M.HOFFMANN
000000000000100542,HAWA,H,WG-GETR,ST,,4091831701965,HE,5.279,4.740,KG,,,2023-09-22,T.BRANDT
000000000000100543,HAWA,H,WG-KONS,ST,,4054325342822,HE,1.750,1.438,KG,,,2011-03-20,A.NOWAK
000000000000100544,ROH,H,WG-ROH,ST,,4025887138864,HE,4.551,3.926,KG,,,2018-09-11,M.HOFFMANN
000000000000100545,FERT,H,WG-KOER,ST,,4046598670962,HE,2.645,2.250,KG,,,2015-06-02,BATCHUSER
000000000000100546,DIEN,H,WG-DIEN,ST,ALT275486,,,,,,,,2019-12-15,S.KELLER
000000000000100547,HAWA,H,WG-TIER,ST,ALT868301,4010537970215,HE,0.000,0.000,KG,,,2020-03-13,S.KELLER
000000000000100548,HALB,H,WG-PAPI,ST,,4035105111647,HE,8.472,7.491,KG,,,2016-05-20,S.KELLER
000000000000100549,HAWA,H,WG-BACK,ST,,4033076126301,HE,9.892,9.187,KG,,,2011-03-06,S.KELLER
000000000000100550,HAWA,H,WG-TIER,ST,ALT570759,4032645138653,HE,8.316,7.527,KG,,,2026-02-16,T.BRANDT
000000000000100551,HAWA,H,WG-HAUS,ST,,4036245842002,HE,2.419,2.333,KG,,,2022-12-14,T.BRANDT
000000000000100552,HAWA,H,WG-TK,ST,,4044217198002,HE,0.734,0.668,KG,,,2019-06-28,BATCHUSER
000000000000100553,VERP,H,WG-VERP,ST,ALT956159,4005505453821,HE,1.960,1.777,KG,,,2025-07-18,M.HOFFMANN
000000000000100554,FERT,H,WG-PAPI,ST,,4067049827742,HE,4.912,4.502,KG,,,2022-03-19,A.NOWAK
000000000000100555,HAWA,H,WG-PAPI,PCS,ALT192771,4038089116608,HE,3.077,2.661,KG,,,2026-02-21,BATCHUSER
000000000000100556,HAWA,H,WG-BACK,ST,,4080571008458,HE,8.265,6.629,KG,,,2017-05-27,S.KELLER
000000000000100557,ROH,H,WG-ROH,ST,,4014645453134,HE,8.209,7.800,KG,,,2019-02-06,S.KELLER
000000000000100558,ROH,H,WG-ROH,ST,,4036974433120,HE,2.765,2.559,KG,,,2022-03-22,S.KELLER
000000000000100559,HAWA,H,WG-TIER,ST,ALT516114,4015348222331,HE,4.795,3.904,KG,,,2016-11-24,T.BRANDT
000000000000100560,VERP,H,WG-VERP,ST,,4060020846305,HE,3.711,3.310,KG,,,2018-09-25,T.BRANDT
000000000000100561,DIEN,H,WG-DIEN,ST,,,,,,,,,2013-02-23,S.KELLER
000000000000100562,VERP,H,WG-VERP,ST,,4039200269371,HE,0.480,0.415,KG,,,2020-11-17,M.HOFFMANN
000000000000100563,NLAG,H,WG-PAPI,ST,ALT148027,4017251806585,HE,,,,,,2019-04-10,T.BRANDT
000000000000100564,DIEN,H,WG-DIEN,ST,,,,,,,,,2016-10-28,M.HOFFMANN
000000000000100565,HAWA,H,WG-TIER,ST,,4065440862591,HE,6.373,5.914,KG,,,2013-11-04,T.BRANDT
000000000000100566,HAWA,H,WG-TK,ST,ALT557787,4039985386843,HE,6.637,5.885,KG,,,2025-09-09,S.KELLER
000000000000100567,FERT,H,WG-KOER,ST,,4083887772006,HE,5.599,4.876,KG,,,2017-12-19,A.NOWAK
000000000000100568,VERP,H,WG-VERP,ST,ALT473445,4001218229388,HE,1.124,1.036,KG,,,2017-12-24,A.NOWAK
000000000000100569,VERP,H,WG-VERP,ST,ALT128521,4072112683316,HE,7.745,6.201,KG,,,2014-06-13,BATCHUSER
000000000000100570,HAWA,H,WG-KOER,ST,ALT204132,4072913588889,HE,0.000,0.000,KG,,,2023-03-18,T.BRANDT
000000000000100571,HAWA,H,WG-KOER,ST,,4085864232145,HE,10.472,9.193,KG,,,2020-01-04,BATCHUSER
000000000000100572,FERT,H,WG-KONS,ST,,4096216873046,HE,6.357,5.856,KG,,,2014-10-18,T.BRANDT
000000000000100573,VERP,H,WG-VERP,ST,,4057747192327,HE,7.674,6.330,KG,,,2023-03-15,S.KELLER
000000000000100574,HAWA,H,WG-GETR,ST,,4096290403696,HE,7.566,6.552,KG,,,2013-01-09,M.HOFFMANN
000000000000100575,HAWA,H,WG-KONS,ST,,4055942986154,HE,9.686,8.246,KG,,,2017-11-14,S.KELLER
000000000000100576,HAWA,H,WG-MOPRO,ST,ALT758605,4058289039811,HE,7.907,6.342,KG,,,2021-12-18,S.KELLER
000000000000100577,HAWA,H,WG-BACK,ST,,4004232986633,HE,9.877,8.556,KG,,,2021-08-28,A.NOWAK
000000000000100578,HAWA,H,WG-MOPRO,ST,,4053579204931,HE,1.900,1.646,KG,,,2014-09-10,T.BRANDT
000000000000100579,HAWA,H,WG-TK,ST,,4083834598376,HE,4.409,3.550,KG,,,2023-09-24,BATCHUSER
000000000000100580,HAWA,H,WG-TK,ST,,4091413334703,HE,1.422,1.334,KG,,,2013-10-07,T.BRANDT
000000000000100581,HAWA,H,WG-SUES,ST,ALT362020,4001174290217,HE,2.536,2.203,KG,,,2010-03-23,T.BRANDT
000000000000100582,VERP,H,WG-VERP,,ALT590630,4046316430403,HE,3.786,3.320,KG,,,2009-04-08,T.BRANDT
000000000000100583,ROH,H,WG-ROH,ST,ALT468567,4041942417279,HE,7.408,6.525,KG,,,2016-07-04,BATCHUSER
000000000000100584,HAWA,H,WG-TIER,ST,,4011425450574,HE,2.215,2.096,KG,,,2017-01-24,T.BRANDT
000000000000100585,HAWA,H,WG-SUES,ST,,4093842588788,HE,4.172,4.014,KG,,,2009-12-17,A.NOWAK
000000000000100586,HAWA,H,WG-TIER,ST,ALT487564,4045981696800,HE,4.385,3.645,KG,,,2010-04-08,M.HOFFMANN
000000000000100587,HAWA,H,WG-SUES,ST,ALT496929,4046681676291,HE,11.188,10.777,KG,,,2015-05-17,S.KELLER
000000000000100588,HAWA,H,WG-HAUS,ST,,4094402661095,HE,1.023,0.824,KG,,,2016-07-18,A.NOWAK
000000000000100589,HAWA,H,WG-HAUS,ST,,4092120192860,HE,3.347,2.993,KG,,,2011-08-12,M.HOFFMANN
000000000000100590,HALB,H,WG-GETR,ST,ALT641912,4095988084179,HE,10.585,9.523,KG,,,2016-08-01,T.BRANDT
000000000000100591,VERP,H,WG-VERP,ST,,4057619461896,HE,5.537,5.288,KG,,,2020-09-22,T.BRANDT
000000000000100592,HAWA,H,WG-MOPRO,ST,ALT774375,4000618993141,HE,7.293,6.567,KG,,,2025-03-07,A.NOWAK
000000000000100593,HAWA,H,WG-KOER,ST,,4008513727731,HE,4.517,4.338,KG,,,2023-08-05,BATCHUSER
000000000000100594,MATL,H,WG-ROH,ST,,4018223408745,HE,0.996,0.825,KG,,,2010-02-08,S.KELLER
000000000000100595,HAWA,H,WG-PAPI,ST,ALT618618,4083832780216,HE,9.158,7.989,KG,02,,2017-07-03,T.BRANDT
000000000000100596,ROH,H,WG-ROH,ST,,4020194345608,HE,2.692,2.390,KG,,,2023-06-03,T.BRANDT
000000000000100597,HAWA,H,WG-TIER,ST,ALT637046,4077360758953,HE,7.446,6.553,KG,,,2020-02-14,T.BRANDT
000000000000100598,HAWA,H,,ST,,4028259300487,HE,0.383,0.352,KG,,,2024-05-17,M.HOFFMANN
000000000000100599,HAWA,H,WG-SUES,ST,ALT555822,4063036893721,HE,3.734,3.200,KG,,,2017-01-28,M.HOFFMANN
000000000000100600,HAWA,H,WG-MOPRO,ST,ALT727477,4028469773316,HE,8.562,6.935,KG,,,2023-12-06,T.BRANDT
000000000000100601,VERP,H,WG-VERP,,,4019479338053,HE,3.589,2.936,KG,,,2024-02-03,M.HOFFMANN
000000000000100602,HALB,H,WG-MOPRO,ST,ALT979858,4049198597530,HE,7.621,6.817,KG,,,2013-10-12,A.NOWAK
000000000000100603,HAWA,H,WG-BACK,ST,,4077712516613,HE,2.580,2.168,KG,,,2010-05-19,S.KELLER
000000000000100604,FERT,H,WG-BACK,ST,ALT643918,4005840459151,HE,3.036,2.676,KG,,,2022-01-18,T.BRANDT
000000000000100605,VERP,H,WG-VERP,ST,ALT444807,4058708657268,HE,8.655,7.937,KG,,,2010-12-08,M.HOFFMANN
000000000000100606,DIEN,H,WG-DIEN,ST,,,,,,,,,2022-02-10,M.HOFFMANN
000000000000100607,DIEN,H,WG-DIEN,ST,ALT994976,,,,,,,,2017-05-16,A.NOWAK
000000000000100608,FERT,H,WG-PAPI,ST,,4061216215851,HE,11.865,10.101,KG,,,2018-12-26,M.HOFFMANN
000000000000100609,VERP,H,WG-VERP,ST,ALT468290,4003019065196,HE,8.707,6.978,KG,,,2018-07-08,M.HOFFMANN
000000000000100610,HAWA,H,WG-SUES,ST,,4034892329495,HE,7.539,6.919,KG,,,2011-04-14,M.HOFFMANN
000000000000100611,HAWA,H,WG-SUES,ST,,4069238044701,HE,3.460,3.004,KG,,,2026-07-02,M.HOFFMANN
000000000000100612,HAWA,H,WG-TIER,ST,ALT295435,4019887843477,HE,10.790,8.756,KG,,,2010-12-14,S.KELLER
000000000000100613,DIEN,H,WG-DIEN,ST,ALT159806,,,,,,,,2010-09-11,BATCHUSER
000000000000100614,HAWA,H,WG-MOPRO,ST,ALT217187,4090857855614,HE,11.095,8.980,KG,,,2019-12-07,BATCHUSER
000000000000100615,HAWA,H,WG-TK,ST,,4089599654609,HE,0.154,0.132,KG,,,2025-06-13,M.HOFFMANN
000000000000100616,HAWA,H,WG-KONS,ST,,4011385338493,HE,4.415,6.104,KG,,,2019-02-02,BATCHUSER
000000000000100617,HAWA,H,WG-SUES,ST,,4034275929519,HE,9.549,9.088,KG,,,2013-11-10,BATCHUSER
000000000000100618,VERP,H,WG-VERP,ST,,4027970706516,HE,1.444,1.179,KG,,,2013-02-25,A.NOWAK
000000000000100619,ROH,H,WG-ROH,ST,,4042289595002,HE,8.761,7.842,KG,,,2026-03-06,T.BRANDT
000000000000100620,HAWA,H,WG-SUES,ST,,4079767417730,HE,1.606,1.319,KG,,,2010-07-10,A.NOWAK
000000000000100621,HAWA,H,WG-GETR,ST,,4055379378973,HE,6.992,6.553,KG,,,2020-12-16,M.HOFFMANN
000000000000100622,HAWA,H,WG-BACK,ST,ALT783130,4060722649259,HE,0.665,0.541,KG,,,2017-05-21,T.BRANDT
000000000000100623,HAWA,H,WG-SUES,ST,ALT598007,4094215602891,HE,0.605,0.540,KG,,,2009-03-12,A.NOWAK
000000000000100624,HAWA,H,WG-KONS,ST,,4075761475240,HE,1.320,1.063,KG,,,2010-07-03,S.KELLER
000000000000100625,HAWA,H,WG-TIER,ST,ALT383296,4059231315687,HE,10.301,9.838,KG,,,2021-11-19,M.HOFFMANN
000000000000100626,HAWA,H,WG-HAUS,ST,,4040586347256,HE,0.162,0.148,KG,,,2015-11-13,BATCHUSER
000000000000100627,HAWA,H,WG-SUES,ST,ALT878626,4014155905833,HE,1.135,1.058,KG,,,2019-07-27,S.KELLER
000000000000100628,ROH,H,WG-ROH,ST,,4032335589970,HE,10.827,9.122,KG,,,2014-12-04,T.BRANDT
000000000000100629,HAWA,H,WG-PAPI,ST,,4021858023764,HE,11.685,11.322,KG,,,2019-06-09,S.KELLER
000000000000100630,HAWA,H,WG-HAUS,ST,ALT583607,4034689277206,HE,6.401,5.935,KG,,,2024-11-23,BATCHUSER
000000000000100631,HALB,H,WG-HAUS,ST,,4011122768736,HE,5.603,5.120,KG,,,2015-03-14,BATCHUSER
000000000000100632,ROH,H,WG-ROH,ST,,4022797482414,HE,9.352,7.549,KG,,,2025-09-05,S.KELLER
000000000000100633,HAWA,H,WG-KONS,ST,,4050508950396,HE,9.667,8.338,KG,01,,2020-11-08,BATCHUSER
000000000000100634,FERT,H,WG-KONS,ST,,4078203928489,HE,6.515,5.589,KG,,,2009-09-25,BATCHUSER
000000000000100635,VERP,H,WG-VERP,ST,,4094133701336,HE,0.117,0.098,KG,,,2013-05-12,S.KELLER
000000000000100636,FERT,H,WG-TIER,ST,,4086906775187,HE,3.739,3.399,KG,,,2018-10-07,M.HOFFMANN
000000000000100637,VERP,H,WG-VERP,ST,ALT852718,4014603140106,HE,9.570,7.827,KG,,,2026-04-24,M.HOFFMANN
000000000000100638,HAWA,H,WG-BACK,ST,ALT440792,4048250804982,HE,9.324,8.766,KG,,,2010-01-08,M.HOFFMANN
000000000000100639,HAWA,H,WG-BACK,ST,ALT294336,4088513342813,HE,3.289,2.921,KG,,,2025-05-19,A.NOWAK
000000000000100640,HAWA,H,WG-KOER,ST,,4069610171438,HE,8.069,6.934,KG,,,2015-05-08,T.BRANDT
000000000000100641,HAWA,H,WG-HAUS,ST,,4013464050128,HE,8.499,8.033,KG,,,2026-05-14,T.BRANDT
000000000000100642,ROH,H,WG-ROH,ST,,4020720573260,HE,0.281,0.257,KG,,,2015-11-10,S.KELLER
000000000000100643,VERP,H,WG-VERP,ST,,4034378050509,HE,0.928,0.842,KG,,,2026-08-12,A.NOWAK
000000000000100644,HALB,H,WG-KOER,ST,ALT247675,4093759588178,HE,7.285,6.936,KG,,,2020-12-04,S.KELLER
000000000000100645,DIEN,H,WG-DIEN,ST,ALT321380,,,,,,,,2009-06-10,A.NOWAK
000000000000100646,HAWA,H,WG-KOER,ST,ALT631405,4028183423498,HE,10.652,9.193,KG,,,2019-04-20,M.HOFFMANN
000000000000100647,ROH,H,WG-ROH,ST,,4037779521272,HE,7.702,6.815,KG,,,2015-05-19,S.KELLER
000000000000100648,HALB,H,WG-KONS,ST,,4004367202622,HE,0.585,0.478,KG,,,2025-07-21,S.KELLER
000000000000100649,FERT,H,WG-GETR,ST,ALT508049,4067102765615,HE,5.098,4.543,KG,,,2023-03-20,BATCHUSER
000000000000100650,VERP,H,WG-VERP,ST,,4020603026548,HE,9.193,8.501,KG,,,2010-02-15,T.BRANDT
000000000000100651,HAWA,H,WG-BACK,ST,,4001932053707,HE,4.926,4.260,KG,,,2026-02-13,BATCHUSER
000000000000100652,FERT,H,WG-HAUS,ST,ALT356938,4063627603470,HE,11.966,10.133,KG,,,2012-01-09,BATCHUSER
000000000000100653,HAWA,H,WG-BACK,ST,,4006920548031,HE,11.572,11.051,KG,,,2011-12-09,S.KELLER
000000000000100654,HAWA,H,WG-SUES,ST,,4063074899679,HE,7.525,6.898,KG,,,2012-02-23,S.KELLER
000000000000100655,HAWA,H,WG-MOPRO,ST,,4086371061150,HE,8.742,8.289,KG,,,2018-09-21,A.NOWAK
000000000000100656,HAWA,H,WG-KOER,ST,,4040594626602,HE,3.514,3.010,KG,,,2013-09-25,A.NOWAK
000000000000100657,HAWA,H,WG-PAPI,ST,ALT115057,4049054692928,HE,6.394,5.974,KG,,,2015-03-23,A.NOWAK
000000000000100658,HAWA,H,WG-BACK,ST,,4009247297040,HE,8.529,7.461,KG,,,2023-06-23,T.BRANDT
000000000000100659,VERP,H,WG-VERP,ST,,4041507661611,HE,11.528,9.904,KG,,,2019-04-18,M.HOFFMANN
000000000000100660,HAWA,H,WG-SUES,ST,ALT236772,4061520529118,HE,6.774,5.568,KG,,,2011-07-21,S.KELLER
000000000000100661,NLAG,H,WG-KOER,ST,ALT579511,4037310111702,HE,,,,,,2017-08-05,T.BRANDT
000000000000100662,HAWA,H,WG-PAPI,ST,ALT998815,4096925229165,HE,4.118,3.321,KG,,,2010-10-09,M.HOFFMANN
000000000000100663,HALB,H,WG-SUES,ST,,4025884289637,HE,7.347,6.739,KG,,,2011-09-04,A.NOWAK
000000000000100664,HAWA,H,WG-TK,ST,,4058098359308,HE,0.879,0.733,KG,,,2014-11-15,M.HOFFMANN
000000000000100665,FERT,H,WG-MOPRO,ST,,4015196953371,HE,6.573,5.896,KG,,,2017-02-25,S.KELLER
000000000000100666,HAWA,H,WG-BACK,ST,,4009327240287,HE,7.132,6.329,KG,,,2014-08-07,S.KELLER
000000000000100667,HAWA,H,WG-KOER,ST,,4025525019265,HE,9.533,8.741,KG,,,2017-02-25,BATCHUSER
000000000000100668,VERP,H,WG-VERP,ST,ALT997640,4035273083746,HE,5.718,4.987,KG,,,2015-10-17,M.HOFFMANN
000000000000100669,VERP,H,WG-VERP,ST,,4072261995063,HE,2.433,2.062,KG,,,2026-02-28,T.BRANDT
000000000000100670,HALB,H,WG-GETR,ST,ALT446395,4013191344651,HE,5.878,4.718,KG,,,2015-06-04,T.BRANDT
000000000000100671,FERT,H,WG-GETR,ST,ALT627488,4046658524396,HE,4.914,4.269,KG,,,2013-01-02,S.KELLER
000000000000100672,ROH,H,WG-ROH,ST,ALT369368,4067063370378,HE,9.514,8.149,KG,,,2019-10-27,T.BRANDT
000000000000100673,VERP,H,WG-VERP,ST,ALT448590,4023934435997,HE,6.458,5.395,KG,,,2017-12-21,M.HOFFMANN
000000000000100674,HAWA,H,WG-KONS,ST,,4031558614414,HE,10.344,9.532,KG,,,2019-08-07,T.BRANDT
000000000000100675,HAWA,H,WG-MOPRO,ST,,4031914301866,HE,0.417,0.380,KG,,,2024-03-22,T.BRANDT
000000000000100676,VERP,H,WG-VERP,ST,,4007229139937,HE,9.329,8.701,KG,,,2013-02-14,A.NOWAK
000000000000100677,HAWA,H,WG-KONS,ST,,4045553021412,HE,7.197,6.008,KG,,,2022-07-19,A.NOWAK
000000000000100678,ROH,H,WG-ROH,ST,,4091929381758,HE,4.993,4.487,KG,,,2012-10-17,S.KELLER
000000000000100679,HAWA,H,WG-SUES,ST,ALT966957,4096309892565,HE,1.373,1.161,KG,,,2009-03-17,A.NOWAK
000000000000100680,HAWA,H,WG-PAPI,ST,,4026523911759,HE,5.365,4.928,KG,,,2010-11-01,S.KELLER
000000000000100681,VERP,H,WG-VERP,ST,,4040162547810,HE,1.608,1.340,KG,,,2023-10-09,S.KELLER
000000000000100682,HAWA,H,WG-HAUS,ST,ALT732098,4045150769724,HE,8.336,7.831,KG,,,2014-04-20,T.BRANDT
000000000000100683,HAWA,H,WG-BACK,ST,,4085594865798,HE,1.547,1.377,KG,,,2022-06-06,T.BRANDT
000000000000100684,NLAG,H,WG-KONS,ST,,4036892978550,HE,,,,,,2013-10-07,M.HOFFMANN
000000000000100685,HAWA,H,WG-PAPI,ST,,4039832775080,HE,1.333,1.163,KG,,,2017-05-13,M.HOFFMANN
000000000000100686,HAWA,H,WG-PAPI,ST,,4013449933286,HE,4.205,3.398,KG,,,2022-10-23,BATCHUSER
000000000000100687,HAWA,H,WG-GETR,ST,,4041452146874,HE,8.621,7.611,KG,,,2009-01-14,M.HOFFMANN
000000000000100688,ROH,H,WG-ROH,ST,,4003390609538,HE,8.450,7.768,KG,,,2016-07-26,M.HOFFMANN
000000000000100689,HAWA,H,WG-BACK,ST,,4021550418363,HE,10.831,10.290,KG,,,2014-09-03,T.BRANDT
000000000000100690,HALB,H,WG-MOPRO,ST,ALT641526,4083644447987,HE,8.002,7.065,KG,,,2009-11-27,S.KELLER
000000000000100691,HAWA,H,WG-KONS,ST,,4015067579358,HE,0.085,0.075,KG,,,2018-02-22,BATCHUSER
000000000000100692,HAWA,H,WG-TK,ST,ALT946936,4077625736337,HE,8.460,6.823,KG,,,2009-01-13,T.BRANDT
000000000000100693,HAWA,H,WG-KOER,ST,,4021000033795,HE,10.446,8.554,KG,,,2019-09-08,T.BRANDT
000000000000100694,HAWA,H,WG-BACK,ST,ALT301217,4008772428691,HE,7.140,6.255,KG,,,2013-06-13,A.NOWAK
000000000000100695,HAWA,H,WG-BACK,ST,,4097040634841,HE,4.150,3.897,KG,,,2025-07-05,BATCHUSER
000000000000100696,HAWA,H,WG-HAUS,ST,ALT643491,4017892897805,HE,5.086,4.416,KG,,,2022-01-11,T.BRANDT
000000000000100697,FERT,H,WG-TK,ST,ALT553389,4076839343515,HE,5.575,4.813,KG,,,2015-09-13,S.KELLER
000000000000100698,HAWA,H,WG-PAPI,ST,,4031040655383,HE,0.073,0.060,KG,,,2017-12-13,S.KELLER
000000000000100699,HAWA,H,WG-SUES,ST,,4079914684619,HE,3.088,2.821,KG,01,,2021-06-01,BATCHUSER
000000000000100700,HAWA,H,WG-MOPRO,ST,,4054924038973,HE,0.955,0.896,KG,,,2025-11-14,S.KELLER
000000000000100701,HAWA,H,WG-TK,ST,ALT676625,4096944728236,HE,0.000,0.000,KG,,,2020-10-22,T.BRANDT
000000000000100702,HAWA,H,WG-BACK,ST,ALT797933,4033487532623,HE,10.827,8.884,KG,,,2017-04-04,M.HOFFMANN
000000000000100703,HAWA,H,WG-MOPRO,ST,,4017014443057,HE,0.330,0.285,KG,,,2022-11-15,S.KELLER
000000000000100704,HAWA,H,WG-KOER,ST,ALT777646,4072606814325,HE,3.017,2.420,KG,,,2009-06-28,BATCHUSER
000000000000100705,HAWA,H,WG-SUES,ST,ALT248392,4070938922169,HE,11.951,10.289,KG,,,2024-06-15,A.NOWAK
000000000000100706,HAWA,H,WG-HAUS,ST,ALT447527,4098895938498,HE,7.924,7.058,KG,,,2018-07-08,BATCHUSER
000000000000100707,NLAG,H,WG-MOPRO,ST,,4048931564662,HE,,,,,,2014-08-20,BATCHUSER
000000000000100708,ROH,H,WG-ROH,ST,,4066826692702,HE,5.514,4.461,KG,,,2023-05-23,A.NOWAK
000000000000100709,HAWA,H,WG-BACK,ST,ALT434119,4000042420305,HE,5.606,5.307,KG,,,2022-03-11,A.NOWAK
000000000000100710,MATL,H,WG-SUES,ST,ALT239431,4083322970509,HE,5.589,5.357,KG,,,2013-09-26,A.NOWAK
000000000000100711,HAWA,H,WG-KONS,ST,,4086317947906,HE,10.133,8.260,KG,,,2012-09-09,M.HOFFMANN
000000000000100712,NLAG,H,WG-KONS,,,4037161029775,HE,,,,,,2026-11-05,BATCHUSER
000000000000100713,HAWA,H,WG-MOPRO,ST,,4097101783235,HE,4.717,3.969,KG,,,2016-06-24,M.HOFFMANN
000000000000100714,NLAG,H,WG-HAUS,ST,,4005141285718,HE,,,,,,2023-11-14,T.BRANDT
000000000000100715,HAWA,H,WG-SUES,ST,,4023185465989,HE,7.942,7.418,KG,,,2013-10-08,S.KELLER
000000000000100716,HAWA,H,WG-BACK,ST,ALT785689,4035004783747,HE,6.654,7.053,KG,,,2014-02-24,A.NOWAK
000000000000100717,FERT,H,WG-HAUS,ST,,4096129513312,HE,8.967,8.169,KG,,,2025-12-23,BATCHUSER
000000000000100718,HAWA,H,WG-TIER,ST,,4035242437006,HE,5.789,5.536,KG,,,2015-09-03,S.KELLER
000000000000100719,DIEN,H,WG-DIEN,ST,,,,,,,,,2024-08-16,A.NOWAK
000000000000100720,HAWA,H,WG-PAPI,ST,ALT594872,4054510858381,HE,9.339,8.246,KG,,,2022-11-12,T.BRANDT
000000000000100721,HAWA,H,WG-SUES,ST,ALT791730,4061104128973,HE,3.782,3.350,KG,,,2017-12-22,M.HOFFMANN
000000000000100722,NLAG,H,WG-PAPI,ST,,4041404448339,HE,,,,,,2023-05-23,M.HOFFMANN
000000000000100723,VERP,H,WG-VERP,ST,,4003277785942,HE,4.468,3.632,KG,,,2015-12-24,BATCHUSER
000000000000100724,DIEN,H,WG-DIEN,ST,,,,,,,,,2013-04-08,T.BRANDT
000000000000100725,FERT,H,WG-MOPRO,ST,,4064595024588,HE,5.659,5.416,KG,,,2015-01-15,M.HOFFMANN
000000000000100726,HAWA,H,WG-KOER,ST,,4065797460105,HE,6.395,6.012,KG,,,2010-04-15,BATCHUSER
000000000000100727,NLAG,H,WG-TIER,ST,,4092368946232,HE,,,,,,2016-01-28,BATCHUSER
000000000000100728,HAWA,H,WG-SUES,ST,ALT605907,4079047101229,HE,6.332,5.306,KG,,,2020-11-15,BATCHUSER
000000000000100729,HAWA,H,WG-TIER,ST,ALT399809,4078374817957,HE,8.369,7.782,KG,,,2013-02-06,BATCHUSER
000000000000100730,ROH,H,WG-ROH,ST,,4026717517590,HE,11.708,9.648,,,,2023-01-15,A.NOWAK
000000000000100731,HALB,H,WG-TIER,ST,,4036753397544,HE,10.351,9.889,KG,,,2015-05-04,S.KELLER
000000000000100732,HAWA,H,WG-HAUS,ST,,4045755440455,HE,10.757,9.789,KG,,,2024-12-15,M.HOFFMANN
000000000000100733,NLAG,H,WG-TIER,ST,,4050428274961,HE,,,,,,2017-02-22,BATCHUSER
000000000000100734,HAWA,H,WG-GETR,ST,,4062697545895,HE,3.164,2.563,KG,,,2018-09-11,BATCHUSER
000000000000100735,HAWA,H,WG-KONS,ST,,4077839304037,HE,5.839,5.529,KG,,,2026-05-28,A.NOWAK
000000000000100736,FERT,H,WG-PAPI,ST,,4091571268209,HE,11.112,10.442,KG,,,2010-09-13,S.KELLER
000000000000100737,HAWA,H,WG-TIER,ST,ALT237570,4071177391112,HE,2.660,3.592,KG,,,2025-01-21,M.HOFFMANN
000000000000100738,VERP,H,WG-VERP,ST,ALT964956,4045383942314,HE,5.405,5.062,KG,,,2014-03-11,S.KELLER
000000000000100739,HAWA,H,WG-BACK,ST,,4010026803789,HE,10.422,8.810,KG,,,2025-07-18,A.NOWAK
000000000000100740,ROH,H,WG-ROH,ST,ALT236772,4069506529183,HE,11.134,10.731,KG,,,2014-05-20,S.KELLER
000000000000100741,VERP,H,WG-VERP,ST,,4011893977450,HE,3.852,3.167,KG,,,2017-01-05,T.BRANDT
000000000000100742,HAWA,H,WG-HAUS,ST,,4074726369358,HE,1.574,1.494,KG,,,2009-05-19,T.BRANDT
000000000000100743,HALB,H,WG-HAUS,,,4082685938669,HE,6.667,5.861,KG,,,2018-06-11,A.NOWAK
000000000000100744,HAWA,H,WG-TK,ST,,4025980783794,HE,0.503,0.435,KG,,,2012-12-21,T.BRANDT
000000000000100745,FERT,H,WG-MOPRO,ST,ALT867553,4004974376662,HE,0.102,0.086,KG,,,2019-04-25,S.KELLER
000000000000100746,ROH,H,WG-ROH,ST,,4013536665489,HE,6.677,6.139,KG,,,2022-12-19,M.HOFFMANN
000000000000100747,HAWA,H,WG-PAPI,ST,ALT589029,4026360898275,HE,2.286,1.984,KG,,,2020-03-10,M.HOFFMANN
000000000000100748,DIEN,H,WG-DIEN,ST,,,,,,,,,2015-09-17,M.HOFFMANN
000000000000100749,HALB,H,WG-HAUS,ST,,4017989659668,HE,5.151,4.533,KG,,,2022-07-17,T.BRANDT
000000000000100750,HAWA,H,WG-BACK,ST,,4097486772466,HE,1.120,0.906,KG,,,2024-04-15,T.BRANDT
000000000000100751,NLAG,H,WG-KONS,ST,,4085790899801,HE,,,,,,2015-04-01,T.BRANDT
000000000000100752,DIEN,H,WG-DIEN,ST,ALT651332,,,,,,,,2012-05-22,S.KELLER
000000000000100753,HAWA,H,WG-KOER,ST,,4064703823270,HE,3.865,3.728,KG,,,2013-05-05,BATCHUSER
000000000000100754,DIEN,H,WG-DIEN,ST,ALT426213,,,,,,,,2025-01-24,M.HOFFMANN
000000000000100755,HAWA,H,WG-GETR,ST,ALT477970,4008396192763,HE,9.899,7.945,KG,,,2020-10-05,S.KELLER
000000000000100756,NLAG,H,WG-KOER,ST,,4030950867695,HE,,,,,,2021-11-22,BATCHUSER
000000000000100757,HAWA,H,WG-PAPI,ST,,4020360972188,HE,9.395,7.900,KG,,,2014-05-01,A.NOWAK
000000000000100758,HAWA,H,WG-BACK,ST,,4087568788423,HE,0.139,0.115,KG,,,2011-03-15,M.HOFFMANN
000000000000100759,HALB,H,WG-KOER,ST,,4026808495837,HE,3.716,3.066,KG,,,2014-01-13,M.HOFFMANN
000000000000100760,ROH,H,WG-ROH,ST,ALT277897,4092512231868,HE,8.213,7.567,KG,,,2023-06-07,M.HOFFMANN
000000000000100761,HAWA,H,WG-BACK,ST,,4034374110627,HE,2.378,1.959,KG,,,2026-06-01,M.HOFFMANN
000000000000100762,HAWA,H,WG-MOPRO,ST,ALT927951,4080956362243,HE,8.378,7.913,KG,,,2011-10-03,T.BRANDT
000000000000100763,ROH,H,WG-ROH,ST,ALT210407,4019853451194,HE,7.224,6.208,KG,,,2012-01-21,M.HOFFMANN
000000000000100764,ROH,H,WG-ROH,ST,,4041945220845,HE,6.001,5.128,KG,,,2025-07-17,A.NOWAK
000000000000100765,HAWA,H,WG-KONS,ST,,4033581946272,HE,5.366,4.607,KG,,,2026-08-10,BATCHUSER
000000000000100766,HAWA,H,WG-GETR,ST,,4068804854232,HE,8.718,7.510,KG,,,2019-10-27,M.HOFFMANN
000000000000100767,HAWA,H,WG-KONS,ST,ALT252949,4052795927952,HE,4.666,3.871,KG,,,2018-02-25,T.BRANDT
000000000000100768,HAWA,H,WG-PAPI,ST,,4092243831578,HE,6.536,5.920,KG,,,2026-09-03,M.HOFFMANN
000000000000100769,HAWA,H,WG-PAPI,ST,ALT950389,4043574073489,HE,4.356,4.090,KG,,,2013-09-27,T.BRANDT
000000000000100770,NLAG,H,WG-TIER,ST,,4066284025494,HE,,,,,,2009-01-09,M.HOFFMANN
000000000000100771,HAWA,H,WG-TIER,ST,ALT663532,4019175500037,HE,5.852,4.920,KG,,,2014-01-13,BATCHUSER
000000000000100772,HAWA,H,WG-TK,ST,,4018452986519,HE,5.146,4.476,KG,,,2023-04-07,BATCHUSER
000000000000100773,DIEN,H,WG-DIEN,ST,,,,,,,,,2010-04-25,M.HOFFMANN
000000000000100774,VERP,H,WG-VERP,ST,,4030577286633,HE,0.172,0.162,KG,,,2022-01-20,A.NOWAK
000000000000100775,HAWA,H,,ST,,4054402076336,HE,5.076,4.141,KG,,,2025-05-01,BATCHUSER
000000000000100776,HAWA,H,WG-GETR,ST,,4085023634926,HE,11.591,10.544,KG,,,2009-08-16,BATCHUSER
000000000000100777,HAWA,H,WG-BACK,ST,,4074298199322,HE,2.446,2.032,KG,,,2010-06-02,BATCHUSER
000000000000100778,HAWA,H,WG-BACK,ST,,4027870164619,HE,8.528,8.240,KG,,,2009-08-23,A.NOWAK
000000000000100779,HALB,H,WG-GETR,ST,ALT104912,4036862047491,HE,10.609,10.201,KG,,,2011-03-10,BATCHUSER
000000000000100780,HAWA,H,WG-PAPI,ST,,4071126329296,HE,5.695,6.885,KG,,,2012-07-08,S.KELLER
000000000000100781,FERT,H,WG-SUES,ST,ALT126459,4055840021315,HE,6.456,5.984,KG,,,2009-08-08,S.KELLER
000000000000100782,HAWA,H,WG-GETR,ST,ALT281462,4004014429983,HE,1.842,1.743,KG,,,2020-07-26,T.BRANDT
000000000000100783,HAWA,H,WG-SUES,ST,ALT369368,4012639470204,HE,4.406,4.120,KG,,,2017-10-15,A.NOWAK
000000000000100784,HAWA,H,WG-HAUS,ST,,4042496825985,HE,2.279,2.066,KG,,,2025-09-06,M.HOFFMANN
000000000000100785,ROH,H,WG-ROH,ST,ALT157548,4077227227882,HE,9.064,7.611,KG,,,2014-07-22,S.KELLER
000000000000100786,HAWA,H,WG-TIER,ST,,4054302439033,HE,10.365,8.614,KG,,,2024-10-12,T.BRANDT
000000000000100787,ROH,H,WG-ROH,ST,,4004781897299,HE,9.942,8.916,KG,,,2023-05-03,T.BRANDT
000000000000100788,NLAG,H,WG-TK,ST,ALT535971,4015667389289,HE,,,,,,2012-09-23,T.BRANDT
000000000000100789,FERT,H,WG-HAUS,ST,,4031682857121,HE,0.214,0.197,KG,,,2021-11-04,T.BRANDT
000000000000100790,HAWA,H,WG-GETR,ST,,4014240174328,HE,5.803,4.852,KG,,,2023-11-09,M.HOFFMANN
000000000000100791,FERT,H,WG-KOER,ST,,4032560726560,HE,3.186,2.914,KG,,,2026-07-01,S.KELLER
000000000000100792,HAWA,H,WG-PAPI,ST,,4080976556639,HE,7.625,6.855,KG,,,2021-02-06,A.NOWAK
000000000000100793,HAWA,H,WG-KOER,ST,,4005439537475,HE,9.231,8.777,KG,,,2015-05-12,M.HOFFMANN
000000000000100794,HAWA,H,WG-KONS,ST,,4077054860429,HE,5.920,5.088,KG,,,2024-02-06,A.NOWAK
000000000000100795,HAWA,H,WG-BACK,ST,,4068807267534,HE,5.969,4.809,KG,,,2011-08-05,S.KELLER
000000000000100796,ROH,H,WG-ROH,ST,,4032091470758,HE,8.985,7.457,KG,,,2021-05-25,T.BRANDT
000000000000100797,FERT,H,WG-BACK,ST,ALT314191,4082846916888,HE,10.676,10.296,KG,,,2010-12-08,T.BRANDT
000000000000100798,ROH,H,WG-ROH,ST,,4083274437075,HE,3.440,2.881,KG,,,2022-04-13,S.KELLER
000000000000100799,FERT,H,WG-KOER,ST,ALT606864,4048139959864,HE,8.364,7.020,KG,,,2009-09-16,BATCHUSER
000000000000100800,FERT,H,WG-HAUS,ST,,4005605478960,HE,10.889,9.721,KG,,,2010-05-09,BATCHUSER
000000000000100801,HAWA,H,WG-KOER,ST,,4017928317864,HE,1.526,1.458,KG,,,2020-04-04,BATCHUSER
000000000000100802,VERP,H,WG-VERP,ST,,4061013760936,HE,8.206,7.206,KG,,,2023-10-05,BATCHUSER
000000000000100803,ROH,H,WG-ROH,ST,,4067063370378,HE,9.514,8.149,KG,,,2024-07-21,T.BRANDT
000000000000100804,VERP,H,WG-VERP,ST,,4066391185258,HE,9.832,8.693,KG,,,2023-05-18,S.KELLER
000000000000100805,HAWA,H,WG-PAPI,ST,,4043922443117,HE,6.457,6.027,KG,,,2021-02-07,M.HOFFMANN
000000000000100806,HAWA,H,WG-MOPRO,ST,,4020475116118,HE,10.691,8.690,KG,,,2022-07-28,T.BRANDT
000000000000100807,HALB,H,WG-BACK,ST,,4020075745282,HE,11.693,10.094,KG,,,2022-02-12,A.NOWAK
000000000000100808,ROH,H,WG-ROH,ST,,4074076407083,HE,5.829,4.874,KG,,,2022-10-22,T.BRANDT
000000000000100809,HAWA,H,WG-BACK,ST,,4045172450518,HE,0.480,0.418,KG,,,2025-10-06,A.NOWAK
000000000000100810,HAWA,H,WG-KONS,ST,,4037410197590,HE,7.048,6.020,KG,,,2026-08-02,M.HOFFMANN
000000000000100811,HAWA,H,WG-TK,ST,,4091413334703,HE,1.422,1.334,KG,,,2020-05-08,T.BRANDT
000000000000100812,ROH,H,WG-ROH,ST,,4000161265368,HE,9.139,7.763,KG,,,2024-11-22,BATCHUSER
000000000000100813,NLAG,H,WG-KOER,ST,,4047023589354,HE,,,,,,2020-05-28,M.HOFFMANN
000000000000100814,HAWA,H,WG-KOER,ST,,4012675751930,HE,11.265,10.030,KG,,,2021-12-14,A.NOWAK
000000000000100815,HAWA,H,WG-KONS,ST,,4015546577271,HE,1.593,1.323,KG,,,2022-02-25,M.HOFFMANN
000000000000100816,HAWA,H,WG-PAPI,ST,,4018013617975,HE,4.205,3.398,KG,,,2021-01-19,BATCHUSER
000000000000100817,HAWA,H,WG-TK,ST,,4053456922743,HE,10.459,9.959,KG,,,2020-08-08,BATCHUSER
000000000000100818,ROH,H,WG-ROH,ST,,4027990211847,HE,10.827,9.122,KG,,,2020-10-23,T.BRANDT
000000000000100819,HAWA,H,WG-PAPI,ST,,4053872802506,HE,6.328,5.697,KG,,,2025-01-12,BATCHUSER
000000000000100820,ROH,H,WG-ROH,ST,,4012130454154,HE,9.352,7.549,KG,,,2021-03-10,S.KELLER
000000000000100821,HAWA,H,WG-KOER,ST,,4085798576780,HE,11.583,10.771,KG,,,2024-05-20,A.NOWAK
000000000000100822,HAWA,H,WG-GETR,ST,,4035395031564,HE,3.223,3.013,KG,,,2022-08-26,A.NOWAK
000000000000100823,HAWA,H,WG-TIER,ST,,4077252944518,HE,7.234,6.730,KG,,,2021-09-21,S.KELLER
000000000000100824,NLAG,H,WG-KOER,ST,,4091798134769,HE,,,,,,2023-01-23,T.BRANDT
000000000000100825,HAWA,H,WG-HAUS,ST,,4043173405995,HE,11.158,9.069,KG,,,2022-01-13,M.HOFFMANN
000000000000100826,VERP,H,WG-VERP,ST,,4093710316598,HE,9.106,7.712,KG,,,2024-07-24,S.KELLER
000000000000100827,VERP,H,WG-VERP,ST,,4079639541785,HE,0.928,0.842,KG,,,2026-08-09,A.NOWAK
