MATNR,WERKS,LGORT,LABST,INSME,SPEME,LGPBE,LVORM
000000000000100001,3000,0001,149,0,0,C-17-3,
000000000000100001,3000,0002,682,25,0,C-15-1,
000000000000100002,1000,0001,315,0,0,A-29-7,
000000000000100002,1000,0002,325,25,0,D-03-1,
000000000000100003,2000,0002,531,0,0,B-18-3,
000000000000100004,2000,0001,47,25,0,D-08-1,
000000000000100004,2000,0002,32,0,40,C-24-1,
000000000000100005,3000,0002,183,25,0,A-17-5,
000000000000100006,1000,0002,409,0,0,A-15-2,
000000000000100007,1000,0001,885,0,0,C-09-7,
000000000000100007,2000,0001,836,0,0,B-26-9,
000000000000100009,1000,0001,304,0,0,C-04-8,
000000000000100009,2000,0001,287,0,0,B-24-8,
000000000000100010,2000,0001,380,25,40,D-29-8,
000000000000100010,2000,0002,166,25,0,B-18-2,
000000000000100011,2000,0001,210,25,0,C-14-2,
000000000000100011,2000,0002,636,0,40,B-11-2,
000000000000100012,3000,0001,90,0,0,C-16-2,
000000000000100013,1000,0002,692,25,0,B-10-9,
000000000000100014,3000,0002,696,25,0,C-02-4,
000000000000100015,2000,0001,416,25,0,A-07-8,
000000000000100015,2000,0002,78,0,0,A-04-5,
000000000000100017,1000,0001,552,25,40,B-04-3,
000000000000100017,1000,0002,546,25,0,C-24-7,
000000000000100017,3000,0001,522,0,0,B-14-8,
000000000000100018,1000,0002,202,0,0,A-13-2,
000000000000100018,2000,0002,53,0,0,B-21-1,
000000000000100019,1000,0002,301,25,40,D-26-8,
000000000000100020,1000,0001,824,0,0,C-11-7,
000000000000100020,1000,0002,3,0,0,A-15-4,
000000000000100021,1000,0002,275,0,0,A-28-3,
000000000000100022,2000,0001,70,25,0,C-16-4,
000000000000100024,1000,0001,508,0,0,B-09-8,
000000000000100024,1000,0002,404,0,40,A-24-8,
000000000000100024,2000,0002,342,0,0,B-27-2,
000000000000100026,1000,0002,762,0,0,C-24-6,
000000000000100026,2000,0001,820,25,40,A-23-9,
000000000000100027,1000,0001,729,0,0,A-12-4,
000000000000100027,1000,0002,609,0,0,D-01-5,
000000000000100029,1000,0001,296,25,0,C-23-9,
000000000000100029,3000,0002,719,0,0,B-22-7,
000000000000100030,1000,0001,326,0,40,B-14-1,
000000000000100030,1000,0002,867,25,0,D-13-4,
000000000000100031,2000,0001,187,25,0,B-19-6,
000000000000100031,2000,0002,32,0,0,C-15-1,
000000000000100032,1000,0001,256,0,0,B-19-3,
000000000000100032,3000,0002,881,0,40,B-11-9,
000000000000100033,1000,0002,757,0,0,B-25-2,
000000000000100034,1000,0001,154,25,40,A-13-4,
000000000000100034,2000,0002,528,25,0,B-14-1,
000000000000100035,1000,0001,332,0,0,B-21-5,
000000000000100035,1000,0002,12,25,0,A-29-9,
000000000000100035,2000,0002,432,0,0,B-13-3,
000000000000100038,1000,0001,447,0,0,C-25-8,
000000000000100038,1000,0002,226,0,0,D-28-4,
000000000000100039,1000,0001,655,0,0,B-18-8,
000000000000100039,1000,0002,530,0,0,C-16-3,
000000000000100040,2000,0002,851,0,0,D-07-1,
000000000000100041,1000,0001,179,25,0,B-10-6,
000000000000100041,2000,0001,346,0,0,D-01-6,
000000000000100041,2000,0002,900,0,40,B-22-8,
000000000000100043,1000,0002,843,0,40,A-25-5,
000000000000100043,2000,0001,275,0,0,D-10-4,
000000000000100044,1000,0001,253,0,40,C-11-4,
000000000000100045,2000,0001,788,25,0,A-12-4,
000000000000100046,1000,0001,665,0,0,D-29-6,
000000000000100046,2000,0001,184,0,0,A-19-5,
000000000000100047,1000,0002,117,0,0,A-25-7,
000000000000100048,2000,0001,316,25,0,D-15-9,
000000000000100049,1000,0002,96,0,40,D-01-1,
000000000000100049,2000,0001,722,0,40,D-19-8,
000000000000100050,1000,0002,123,0,0,C-02-6,
000000000000100050,2000,0001,491,0,0,B-15-5,
000000000000100051,1000,0002,-42,0,0,C-27-7,
000000000000100051,2000,0001,810,0,0,A-28-9,
000000000000100052,1000,0001,816,0,0,C-17-9,
000000000000100052,1000,0002,590,25,40,A-05-4,
000000000000100052,2000,0001,721,0,0,A-29-4,
000000000000100053,1000,0001,517,0,40,C-15-8,
000000000000100053,1000,0002,119,0,40,C-11-8,
000000000000100054,1000,0001,187,0,0,D-05-9,
000000000000100055,2000,0001,835,0,0,A-23-1,
000000000000100055,2000,0002,170,0,0,D-23-6,
000000000000100056,2000,0001,756,0,0,B-08-2,
000000000000100058,1000,0001,576,0,0,B-28-3,
000000000000100058,2000,0002,302,0,0,C-28-3,
000000000000100059,1000,0001,807,0,0,C-26-5,
000000000000100060,1000,0002,186,0,0,A-20-4,
000000000000100061,3000,0001,514,0,0,D-02-5,
000000000000100061,3000,0002,843,0,0,C-10-6,
000000000000100062,3000,0001,838,0,0,B-02-6,
000000000000100062,3000,0002,758,25,0,B-28-1,
000000000000100063,1000,0001,762,0,0,C-20-1,
000000000000100063,1000,0002,847,0,0,D-27-8,
000000000000100063,2000,0002,305,25,0,B-26-8,
000000000000100064,1000,0001,832,0,0,B-24-8,
000000000000100065,1000,0001,417,0,0,A-09-2,
000000000000100065,1000,0002,359,0,0,C-15-3,
000000000000100065,2000,0001,544,0,40,A-25-6,
000000000000100066,3000,0002,794,0,0,D-04-5,
000000000000100067,2000,0002,460,0,0,B-01-7,
000000000000100068,2000,0001,691,25,0,C-23-2,
000000000000100069,1000,0002,769,0,40,B-28-5,
000000000000100070,3000,0001,620,0,40,D-24-3,
000000000000100071,2000,0001,669,25,0,B-05-2,
000000000000100072,2000,0001,10,0,0,B-05-3,
000000000000100072,2000,0002,187,0,0,C-12-1,
000000000000100073,1000,0001,271,25,0,A-02-1,
000000000000100073,1000,0002,758,0,0,B-05-3,
000000000000100074,1000,0002,503,0,40,D-11-8,
000000000000100075,1000,0001,469,0,40,B-01-3,
000000000000100076,1000,0002,412,0,0,A-08-9,
000000000000100078,1000,0001,82,25,0,C-27-6,
000000000000100078,1000,0002,665,25,40,B-01-4,
000000000000100078,2000,0002,160,25,0,C-19-9,
000000000000100079,3000,0002,312,0,40,D-29-4,
000000000000100081,2000,0002,297,0,40,C-09-1,
000000000000100082,3000,0001,160,0,0,B-25-8,
000000000000100082,3000,0002,381,25,0,D-21-7,
000000000000100083,1000,0002,494,0,0,B-14-2,
000000000000100083,2000,0002,475,0,40,C-27-2,
000000000000100084,1000,0001,618,0,0,D-28-2,
000000000000100084,1000,0002,889,0,0,B-03-5,
000000000000100084,2000,0001,7,25,40,A-10-4,
000000000000100084,2000,0002,818,0,40,C-13-3,
000000000000100085,1000,0001,7,0,0,C-09-4,
000000000000100085,1000,0002,310,25,0,A-12-7,
000000000000100085,2000,0001,167,0,0,B-24-3,
000000000000100085,2000,0002,757,0,40,C-28-3,
000000000000100086,1000,0002,230,0,0,A-21-4,
000000000000100086,2000,0002,438,0,0,A-11-4,
000000000000100087,1000,0002,454,0,40,A-20-4,
000000000000100088,1000,0001,494,25,0,C-21-9,
000000000000100089,2000,0001,523,25,40,A-14-7,
000000000000100089,2000,0002,719,0,40,C-26-5,
000000000000100090,2000,0002,37,25,0,B-21-4,
000000000000100091,1000,0002,866,0,0,D-10-9,
000000000000100091,2000,0001,398,0,0,D-27-1,
000000000000100092,1000,0001,604,25,0,D-07-7,
000000000000100092,2000,0002,17,25,0,D-14-7,
000000000000100093,2000,0001,621,25,40,A-27-5,
000000000000100094,1000,0002,466,0,0,C-19-6,
000000000000100094,2000,0001,208,0,0,B-07-6,
000000000000100094,2000,0002,647,0,0,D-08-2,
000000000000100095,3000,0001,93,0,0,D-04-1,
000000000000100095,3000,0002,255,25,0,A-14-7,
000000000000100096,2000,0002,254,0,0,C-13-2,
000000000000100097,1000,0001,118,25,0,C-12-9,
000000000000100097,1000,0002,163,0,40,D-19-1,
000000000000100097,2000,0001,701,0,0,D-13-7,
000000000000100097,2000,0002,691,0,0,A-23-9,
000000000000100098,2000,0001,436,0,0,D-18-9,
000000000000100099,1000,0001,754,0,0,B-10-6,
000000000000100099,1000,0002,364,0,0,C-01-9,
000000000000100100,1000,0001,574,0,0,B-29-4,
000000000000100100,1000,0002,629,0,0,D-16-2,
000000000000100100,2000,0002,542,0,0,A-21-7,
000000000000100101,3000,0001,261,0,40,C-14-3,
000000000000100102,1000,0001,19,0,0,C-16-5,
000000000000100103,2000,0002,551,0,0,D-29-7,
000000000000100104,2000,0002,681,25,40,B-24-3,
000000000000100105,1000,0001,414,25,0,B-15-4,
000000000000100105,3000,0002,285,0,0,B-19-6,
000000000000100106,2000,0002,162,25,0,D-04-3,
000000000000100107,1000,0001,233,0,0,A-01-1,
000000000000100108,3000,0002,439,0,0,A-23-2,
000000000000100109,1000,0001,757,0,40,A-29-4,
000000000000100109,1000,0002,551,0,0,B-03-3,
000000000000100109,2000,0001,641,0,0,D-09-2,
000000000000100109,2000,0002,6,0,0,A-28-1,
000000000000100110,1000,0001,54,0,0,B-20-7,
000000000000100111,1000,0001,78,0,0,B-11-1,
000000000000100111,2000,0001,776,0,0,B-25-8,
000000000000100111,2000,0002,606,0,40,D-21-7,
000000000000100112,2000,0002,20,25,0,D-14-1,
000000000000100113,1000,0001,532,25,40,D-10-6,
000000000000100113,2000,0001,297,0,40,C-15-6,
000000000000100114,2000,0002,58,0,0,B-08-2,
000000000000100115,1000,0001,7,0,0,A-28-8,
000000000000100116,3000,0001,809,25,0,C-08-4,
000000000000100116,3000,0002,713,0,0,A-24-9,
000000000000100117,1000,0001,867,0,0,A-14-3,
000000000000100118,1000,0002,864,0,0,D-24-8,
000000000000100118,2000,0001,592,0,0,D-29-3,
000000000000100118,2000,0002,858,0,0,B-05-7,
000000000000100119,1000,0001,570,0,0,A-21-3,
000000000000100119,2000,0002,828,25,40,D-09-9,
000000000000100120,2000,0001,470,0,0,B-01-5,
000000000000100120,2000,0002,254,0,0,C-08-3,
000000000000100121,1000,0002,302,0,0,A-28-8,
000000000000100122,2000,0001,268,0,40,C-23-7,
000000000000100122,2000,0002,680,0,0,C-02-8,
000000000000100123,2000,0001,897,0,0,B-16-4,
000000000000100123,2000,0002,579,0,40,B-01-3,
000000000000100124,1000,0002,616,0,0,C-08-1,
000000000000100125,1000,0001,749,0,0,A-03-2,
000000000000100126,1000,0001,704,0,0,D-07-4,
000000000000100127,1000,0001,806,25,0,A-20-3,
000000000000100127,2000,0001,151,0,0,C-17-3,
000000000000100127,2000,0002,701,0,0,D-06-9,
000000000000100128,3000,0002,538,25,0,C-11-6,
000000000000100129,1000,0002,395,0,40,A-17-7,
000000000000100130,1000,0001,715,0,0,B-26-4,
000000000000100130,1000,0002,743,25,0,D-14-9,
000000000000100131,1000,0001,550,0,40,A-08-7,
000000000000100132,2000,0001,198,25,0,A-24-8,
000000000000100133,2000,0002,530,25,0,A-11-2,
000000000000100134,2000,0002,332,25,0,A-29-5,
000000000000100135,1000,0001,721,0,0,A-18-3,
000000000000100135,1000,0002,468,0,40,D-07-6,
000000000000100135,2000,0001,142,0,0,D-18-8,
000000000000100135,2000,0002,282,25,0,B-18-4,
000000000000100136,3000,0001,545,0,40,D-27-8,
000000000000100136,3000,0002,298,0,40,C-08-7,
000000000000100137,3000,0002,95,0,40,C-14-8,
000000000000100138,1000,0001,10,0,0,A-02-9,
000000000000100138,2000,0001,732,0,0,A-13-1,
000000000000100138,2000,0002,654,0,0,D-11-9,
000000000000100139,1000,0002,472,0,0,B-03-7,
000000000000100139,2000,0002,447,25,0,B-25-8,
000000000000100140,3000,0001,804,0,40,A-28-5,
000000000000100141,1000,0001,239,0,0,B-10-6,
000000000000100141,2000,0002,730,25,40,D-22-3,
000000000000100142,1000,0001,797,0,40,C-22-2,
000000000000100143,3000,0001,720,0,0,C-16-9,
000000000000100144,3000,0001,739,0,0,B-23-1,
000000000000100145,1000,0001,493,25,0,A-06-3,
000000000000100145,2000,0001,739,0,40,B-29-1,
000000000000100146,1000,0001,620,0,0,A-23-7,
000000000000100146,1000,0002,691,0,0,B-19-3,
000000000000100146,2000,0001,602,25,40,A-10-2,
000000000000100147,1000,0001,143,0,0,D-25-6,
000000000000100147,1000,0002,179,0,0,D-23-6,
000000000000100148,1000,0002,533,0,40,D-08-2,
000000000000100148,2000,0001,467,0,0,A-11-9,
000000000000100149,1000,0001,309,25,0,C-23-7,
000000000000100149,1000,0002,182,0,40,D-06-9,
000000000000100149,2000,0001,793,0,0,C-07-7,
000000000000100150,2000,0001,576,25,0,D-01-1,
000000000000100151,1000,0001,894,0,0,B-29-2,
000000000000100151,1000,0002,563,25,40,A-21-4,
000000000000100152,3000,0001,488,0,0,B-11-8,
000000000000100153,1000,0001,133,0,40,D-18-6,
000000000000100153,1000,0002,320,0,0,C-01-1,
000000000000100153,2000,0001,38,0,0,D-19-3,
000000000000100153,2000,0002,709,0,0,C-07-9,
000000000000100154,1000,0001,781,0,0,C-05-2,
000000000000100157,1000,0001,597,0,40,B-24-7,
000000000000100157,3000,0001,524,25,40,B-03-8,
000000000000100158,3000,0001,822,0,40,C-19-1,
000000000000100158,3000,0002,83,0,0,D-08-3,
000000000000100159,2000,0001,730,0,0,C-09-9,
000000000000100160,2000,0001,664,0,40,C-15-9,
000000000000100161,1000,0001,523,25,0,B-22-1,
000000000000100161,1000,0002,776,0,40,C-18-6,
000000000000100161,2000,0001,343,25,0,D-04-4,
000000000000100161,2000,0002,546,0,0,C-04-3,
000000000000100162,1000,0001,888,0,0,B-06-1,
000000000000100163,2000,0002,494,0,0,C-02-1,
000000000000100164,2000,0001,435,25,0,B-23-7,
000000000000100165,2000,0001,14,25,0,B-05-5,
000000000000100166,2000,0001,813,25,0,A-29-6,
000000000000100166,2000,0002,728,25,0,D-07-6,
000000000000100167,2000,0001,652,0,0,C-17-6,
000000000000100167,2000,0002,40,0,0,C-21-1,
000000000000100170,1000,0001,39,0,0,D-27-7,
000000000000100170,1000,0002,576,0,0,A-01-9,
000000000000100171,2000,0001,453,25,0,A-08-4,
000000000000100171,2000,0002,302,25,0,A-09-6,
000000000000100172,3000,0001,168,25,0,D-05-2,
000000000000100172,3000,0002,122,0,0,C-24-9,
000000000000100173,2000,0001,51,0,0,B-21-1,
000000000000100173,2000,0002,356,0,40,C-24-2,
000000000000100176,2000,0001,8,0,40,D-15-8,
000000000000100177,1000,0002,445,25,0,D-09-3,
000000000000100178,2000,0002,631,0,0,B-23-6,
000000000000100179,1000,0001,260,25,40,C-12-9,
000000000000100180,1000,0002,766,0,0,B-09-9,
000000000000100180,2000,0001,405,0,40,A-20-5,
000000000000100180,2000,0002,843,0,40,A-07-7,
000000000000100181,1000,0001,8,0,0,B-28-9,
000000000000100181,2000,0002,673,0,40,B-24-1,
000000000000100183,1000,0002,751,25,40,A-26-1,
000000000000100184,1000,0001,421,0,0,A-17-4,
000000000000100184,2000,0002,496,0,40,C-02-1,
000000000000100185,1000,0001,326,25,0,C-21-7,
000000000000100185,2000,0002,455,25,0,B-26-3,
000000000000100186,1000,0001,236,25,0,C-03-6,
000000000000100186,1000,0002,477,25,0,A-18-1,
000000000000100187,3000,0002,393,0,0,D-10-7,
000000000000100188,1000,0002,120,0,40,B-03-8,
000000000000100189,3000,0001,355,0,0,D-27-3,
000000000000100189,3000,0002,584,0,0,C-21-5,
000000000000100190,2000,0001,306,0,0,B-11-6,
000000000000100192,2000,0002,761,0,0,B-25-1,
000000000000100193,1000,0002,200,0,0,B-01-8,
000000000000100194,1000,0001,494,0,0,A-14-4,
000000000000100194,1000,0002,458,0,0,D-21-7,
000000000000100194,2000,0001,0,0,0,B-18-5,
000000000000100195,3000,0001,457,25,40,C-27-5,
000000000000100195,3000,0002,770,0,0,C-02-4,
000000000000100197,1000,0002,66,25,0,D-02-5,
000000000000100199,3000,0001,43,0,0,A-15-1,
000000000000100199,3000,0002,718,0,0,D-08-4,
000000000000100200,2000,0001,862,0,0,C-17-5,
000000000000100202,1000,0001,282,0,40,A-25-7,
000000000000100202,2000,0002,423,25,0,C-21-2,
000000000000100203,2000,0002,676,25,40,A-20-2,
000000000000100204,2000,0001,521,0,0,C-05-7,
000000000000100205,3000,0002,389,25,40,D-05-9,
000000000000100206,1000,0001,277,25,0,A-17-7,
000000000000100207,3000,0002,615,0,0,D-28-2,
000000000000100208,1000,0001,463,0,0,B-14-4,
000000000000100208,1000,0002,578,25,40,B-17-6,
000000000000100208,2000,0002,258,0,0,B-17-9,
000000000000100209,2000,0002,333,0,0,C-15-2,
000000000000100210,1000,0002,339,0,0,D-21-9,
000000000000100211,2000,0002,141,0,0,C-22-4,
000000000000100212,2000,0001,839,25,0,A-01-1,
000000000000100213,2000,0002,663,0,0,D-25-4,
000000000000100214,3000,0001,64,0,0,C-03-5,
000000000000100214,3000,0002,886,25,0,D-19-4,
000000000000100215,2000,0001,466,0,0,C-29-4,
000000000000100216,2000,0001,363,0,0,C-21-2,
000000000000100216,2000,0002,209,0,0,C-04-7,
000000000000100217,1000,0001,282,25,40,C-09-9,
000000000000100218,1000,0001,493,0,0,A-14-9,
000000000000100218,1000,0002,885,25,0,B-12-7,
000000000000100218,3000,0002,606,0,0,C-06-9,
000000000000100220,1000,0002,200,0,40,A-08-2,
000000000000100220,2000,0001,534,0,0,D-07-8,
000000000000100220,2000,0002,319,0,0,D-29-7,
000000000000100221,1000,0001,17,25,0,D-09-8,
000000000000100221,2000,0001,891,0,0,D-12-6,
000000000000100221,2000,0002,514,0,0,B-03-5,
000000000000100222,1000,0001,214,0,0,A-11-1,
000000000000100223,2000,0001,72,0,40,B-08-8,
000000000000100224,1000,0001,98,0,0,A-27-3,
000000000000100224,1000,0002,286,0,0,B-23-6,
000000000000100225,1000,0002,96,0,0,B-09-3,
000000000000100226,2000,0001,203,0,0,D-16-9,
000000000000100227,1000,0001,380,25,0,D-19-3,
000000000000100228,1000,0001,268,0,40,C-20-1,
000000000000100228,1000,0002,116,0,0,C-09-1,
000000000000100228,2000,0001,114,25,0,A-23-5,
000000000000100228,2000,0002,619,0,40,A-10-4,
000000000000100229,1000,0002,675,0,0,A-23-2,
000000000000100230,3000,0001,873,0,0,C-26-4,
000000000000100231,1000,0002,273,25,0,A-13-4,
000000000000100231,2000,0001,866,25,0,B-27-7,
000000000000100231,2000,0002,612,0,0,B-21-4,
000000000000100232,3000,0002,478,0,0,A-19-7,
000000000000100233,1000,0001,272,0,40,A-25-4,
000000000000100233,2000,0001,625,0,0,B-03-6,
000000000000100234,2000,0001,751,0,40,D-06-3,
000000000000100234,2000,0002,172,0,40,B-09-5,
000000000000100236,2000,0002,884,0,0,B-10-9,
000000000000100237,1000,0002,663,0,40,C-29-8,
000000000000100237,2000,0001,806,0,40,B-19-5,
000000000000100238,2000,0002,355,0,0,B-02-9,
000000000000100239,1000,0001,213,0,0,D-04-4,
000000000000100239,1000,0002,752,25,0,A-04-8,
000000000000100239,2000,0001,392,0,0,C-12-7,
000000000000100240,2000,0001,183,0,40,A-09-9,
000000000000100241,2000,0001,704,0,0,B-22-1,
000000000000100241,2000,0002,582,0,0,A-12-2,
000000000000100244,1000,0001,585,0,0,B-04-6,
000000000000100245,3000,0001,205,0,0,A-18-2,
000000000000100246,3000,0002,704,25,0,A-28-1,
000000000000100247,3000,0002,600,0,0,B-02-8,
000000000000100248,1000,0002,693,0,0,C-04-7,
000000000000100248,2000,0001,746,0,0,A-28-6,
000000000000100249,1000,0001,399,25,0,D-05-2,
000000000000100249,1000,0002,283,0,0,B-08-7,
000000000000100250,1000,0001,230,0,40,C-17-8,
000000000000100250,1000,0002,271,25,0,B-04-2,
000000000000100252,1000,0002,679,0,0,B-09-6,
000000000000100253,2000,0002,397,25,40,A-27-7,
000000000000100254,2000,0001,362,25,0,B-03-7,
000000000000100255,1000,0001,301,0,40,B-03-5,
000000000000100256,1000,0002,440,0,40,C-11-5,
000000000000100256,2000,0002,761,0,0,B-09-9,
000000000000100257,1000,0001,643,0,40,D-19-9,
000000000000100257,1000,0002,472,0,0,D-29-7,
000000000000100257,2000,0002,0,0,40,D-02-4,
000000000000100258,1000,0001,564,0,0,A-19-5,
000000000000100258,1000,0002,193,0,0,B-14-7,
000000000000100258,3000,0002,520,0,0,C-03-7,
000000000000100259,2000,0002,681,0,0,C-23-8,
000000000000100260,1000,0002,835,0,0,C-15-3,
000000000000100261,2000,0002,317,25,0,C-29-1,
000000000000100262,1000,0001,295,0,0,C-16-5,
000000000000100262,2000,0001,704,0,40,A-10-2,
000000000000100265,1000,0001,763,0,0,C-09-6,
000000000000100265,2000,0001,76,25,0,A-07-2,
000000000000100265,2000,0002,491,25,0,A-18-8,
000000000000100266,2000,0002,757,25,40,A-16-5,
000000000000100267,3000,0002,689,25,0,A-20-9,
000000000000100268,1000,0001,707,25,0,C-24-9,
000000000000100268,1000,0002,385,0,40,C-05-6,
000000000000100268,2000,0002,551,0,0,C-25-1,
000000000000100269,3000,0001,158,25,0,B-29-4,
000000000000100270,1000,0001,762,25,40,C-04-5,
000000000000100270,1000,0002,291,0,0,B-23-8,
000000000000100271,1000,0001,343,0,0,B-27-8,
000000000000100271,1000,0002,491,0,0,C-05-6,
000000000000100272,2000,0002,530,0,40,D-23-2,
000000000000100273,2000,0002,881,0,40,D-29-1,
000000000000100274,3000,0001,770,0,0,D-28-6,
000000000000100274,3000,0002,231,25,0,C-25-9,
000000000000100275,1000,0001,645,0,0,C-22-5,
000000000000100275,1000,0002,821,0,0,C-17-7,
000000000000100276,2000,0001,584,25,0,D-12-1,
000000000000100276,2000,0002,86,0,0,C-15-2,
000000000000100277,1000,0002,859,0,0,B-29-1,
000000000000100277,2000,0002,233,0,0,D-18-5,
000000000000100278,1000,0002,643,0,0,D-21-3,
000000000000100278,2000,0002,131,0,0,C-01-6,
000000000000100279,2000,0001,681,0,40,C-14-6,
000000000000100279,2000,0002,729,25,0,D-13-8,
000000000000100280,1000,0002,75,0,0,C-23-8,
000000000000100281,1000,0002,386,25,0,B-03-8,
000000000000100282,3000,0001,130,0,40,A-17-2,
000000000000100282,3000,0002,296,25,0,B-16-7,
000000000000100283,3000,0001,462,0,0,A-04-1,
000000000000100283,3000,0002,151,0,0,B-28-4,
000000000000100284,1000,0001,331,0,0,D-03-7,
000000000000100284,2000,0001,37,25,0,D-29-4,
000000000000100284,2000,0002,835,0,0,C-02-3,
000000000000100285,2000,0001,239,0,0,C-16-4,
000000000000100286,1000,0001,285,0,0,A-10-8,
000000000000100286,2000,0001,606,0,0,C-16-2,
000000000000100286,2000,0002,59,25,0,C-23-1,
000000000000100287,1000,0001,472,0,0,C-26-9,
000000000000100287,1000,0002,530,25,0,B-22-2,
000000000000100287,2000,0002,124,0,40,C-11-4,
000000000000100288,2000,0001,210,25,0,B-21-2,
000000000000100288,2000,0002,2,0,40,C-21-3,
000000000000100289,1000,0001,474,0,0,B-27-7,
000000000000100289,1000,0002,744,0,40,A-27-6,
000000000000100290,2000,0002,849,0,0,B-06-8,
000000000000100291,1000,0002,534,0,0,D-16-6,
000000000000100291,3000,0001,325,0,0,B-22-1,
000000000000100292,3000,0002,61,0,0,D-09-1,
000000000000100294,1000,0001,688,25,0,B-09-7,
000000000000100294,1000,0002,149,0,0,C-02-7,
000000000000100294,2000,0002,688,0,40,B-03-6,
000000000000100295,1000,0001,506,0,0,B-11-8,
000000000000100295,1000,0002,128,0,40,C-05-7,
000000000000100296,1000,0001,61,0,0,A-01-1,
000000000000100297,1000,0002,620,25,40,A-21-8,
000000000000100297,2000,0001,246,0,0,B-19-5,
000000000000100298,2000,0001,640,0,0,B-11-3,
000000000000100298,2000,0002,405,25,0,D-26-8,
000000000000100299,1000,0001,224,0,40,B-16-6,
000000000000100299,1000,0002,608,25,0,D-10-9,
000000000000100300,1000,0002,433,0,40,C-05-7,
000000000000100301,2000,0001,687,0,40,A-15-4,
000000000000100301,2000,0002,295,0,0,C-10-6,
000000000000100303,1000,0001,240,0,40,B-12-8,
000000000000100303,1000,0002,615,0,0,B-24-4,
000000000000100304,1000,0002,409,0,0,A-28-2,
000000000000100305,1000,0002,76,0,0,D-17-1,
000000000000100306,3000,0002,805,25,40,C-07-5,
000000000000100307,2000,0002,724,0,40,A-26-2,
000000000000100309,2000,0001,234,0,0,A-02-3,
000000000000100309,2000,0002,253,0,0,C-09-8,
000000000000100310,2000,0001,830,0,0,B-02-5,
000000000000100310,2000,0002,690,0,0,A-04-7,
000000000000100311,2000,0001,814,0,0,B-09-6,
000000000000100313,1000,0001,542,0,0,A-10-9,
000000000000100313,2000,0002,321,25,0,A-07-6,
000000000000100314,1000,0002,231,0,0,C-05-8,
000000000000100314,2000,0001,442,25,40,D-25-9,
000000000000100315,1000,0002,633,0,0,C-27-5,
000000000000100315,2000,0002,191,0,0,D-07-1,
000000000000100316,2000,0002,115,0,40,D-24-3,
000000000000100317,3000,0002,438,0,0,C-26-9,
000000000000100318,2000,0002,278,25,40,D-12-9,
000000000000100320,3000,0001,818,0,40,D-22-1,
000000000000100320,3000,0002,121,0,0,B-23-1,
000000000000100321,1000,0001,755,0,0,D-25-6,
000000000000100321,2000,0001,40,0,40,B-04-4,
000000000000100321,2000,0002,433,25,0,D-17-2,
000000000000100322,2000,0002,839,0,40,B-01-8,
000000000000100323,3000,0001,383,0,0,C-28-4,
000000000000100324,1000,0001,86,0,40,B-22-4,
000000000000100324,2000,0001,612,0,0,A-01-5,
000000000000100324,2000,0002,633,0,0,A-09-2,
000000000000100325,1000,0001,501,25,0,A-03-9,
000000000000100325,1000,0002,73,0,0,C-08-8,
000000000000100326,1000,0001,611,25,0,A-16-3,
000000000000100327,2000,0001,181,0,40,B-04-9,
000000000000100327,2000,0002,501,0,40,A-29-5,
000000000000100328,1000,0001,90,25,0,A-24-3,
000000000000100328,1000,0002,422,0,0,D-15-9,
000000000000100328,2000,0001,788,25,0,A-12-2,
000000000000100328,2000,0002,843,0,0,A-22-8,
000000000000100329,1000,0001,427,0,0,C-20-1,
000000000000100330,2000,0001,601,25,0,A-17-8,
000000000000100330,2000,0002,842,0,40,C-05-4,
000000000000100331,1000,0001,15,0,0,C-26-7,
000000000000100331,2000,0001,859,0,0,B-10-2,
000000000000100332,3000,0001,382,0,40,B-04-1,
000000000000100332,3000,0002,485,25,0,B-01-1,
000000000000100333,1000,0002,416,0,0,A-28-9,
000000000000100334,1000,0002,513,0,0,A-22-7,
000000000000100335,1000,0001,2,0,0,A-06-4,
000000000000100335,1000,0002,801,0,0,D-22-4,
000000000000100336,1000,0002,463,0,0,C-18-1,
000000000000100336,2000,0001,184,25,0,C-18-8,
000000000000100336,2000,0002,148,0,0,C-14-3,
000000000000100337,2000,0001,878,0,0,D-29-2,
000000000000100337,2000,0002,630,0,0,B-16-9,
000000000000100338,1000,0002,192,25,40,A-15-5,
000000000000100338,2000,0001,365,0,40,B-11-3,
000000000000100338,2000,0002,765,0,0,C-19-4,
000000000000100339,2000,0002,564,0,0,B-13-6,
000000000000100340,1000,0001,253,0,40,C-02-7,
000000000000100340,1000,0002,7,25,0,C-14-5,
000000000000100340,2000,0002,227,0,40,C-12-9,
000000000000100341,1000,0002,671,25,0,B-05-3,
000000000000100341,2000,0001,93,0,0,D-19-4,
000000000000100341,2000,0002,84,0,0,A-16-4,
000000000000100342,1000,0002,559,0,0,B-23-9,
000000000000100343,1000,0001,47,0,0,B-15-7,
000000000000100343,1000,0002,438,25,0,C-10-4,
000000000000100344,3000,0002,11,0,0,C-24-4,
000000000000100345,2000,0001,741,0,40,A-15-7,
000000000000100345,2000,0002,655,0,0,C-28-4,
000000000000100346,1000,0002,406,0,0,C-10-5,
000000000000100347,2000,0002,896,25,40,A-10-1,
000000000000100348,1000,0001,843,25,0,C-22-5,
000000000000100348,1000,0002,513,25,0,B-01-8,
000000000000100348,2000,0001,878,25,40,C-09-7,
000000000000100349,1000,0001,278,0,40,C-09-1,
000000000000100349,1000,0002,402,0,0,C-04-6,
000000000000100349,2000,0001,420,0,0,D-26-5,
000000000000100349,2000,0002,374,0,40,B-01-1,
000000000000100350,2000,0002,770,25,0,B-13-2,
000000000000100351,3000,0001,878,0,40,A-11-7,
000000000000100352,1000,0001,432,0,40,C-28-6,
000000000000100352,1000,0002,650,0,0,D-28-6,
000000000000100352,2000,0001,510,0,0,B-13-8,
000000000000100353,1000,0001,124,0,0,D-07-6,
000000000000100354,1000,0001,834,0,0,D-28-6,
000000000000100354,1000,0002,392,25,0,D-28-2,
000000000000100355,1000,0001,73,0,0,D-01-7,
000000000000100355,1000,0002,437,0,0,C-03-4,
000000000000100356,1000,0001,404,0,0,B-01-6,
000000000000100356,2000,0001,76,0,0,B-09-8,
000000000000100358,1000,0002,704,0,40,B-28-4,
000000000000100359,1000,0001,317,25,0,B-29-1,
000000000000100359,2000,0002,240,0,0,A-01-1,
000000000000100360,2000,0001,372,0,40,B-22-7,
000000000000100360,2000,0002,695,0,40,C-05-1,
000000000000100361,2000,0001,216,0,0,A-18-9,
000000000000100362,2000,0001,625,25,0,D-15-9,
000000000000100362,2000,0002,676,25,40,C-12-1,
000000000000100363,1000,0001,581,25,0,B-09-5,
000000000000100363,1000,0002,508,25,0,D-29-1,
000000000000100365,1000,0001,448,25,0,C-06-6,
000000000000100365,1000,0002,10,0,40,A-20-1,
000000000000100365,2000,0001,847,0,0,C-19-8,
000000000000100365,2000,0002,633,0,0,B-16-1,
000000000000100366,3000,0001,459,0,40,A-04-1,
000000000000100366,3000,0002,168,0,0,D-20-1,
000000000000100367,2000,0001,109,0,0,D-02-6,
000000000000100367,2000,0002,837,0,0,D-13-4,
000000000000100368,1000,0001,333,25,40,C-14-9,
000000000000100369,3000,0002,278,0,0,C-25-3,
000000000000100370,2000,0001,85,0,0,D-22-4,
000000000000100370,2000,0002,107,0,0,D-14-2,
000000000000100372,1000,0002,321,0,0,B-10-5,
000000000000100372,2000,0001,893,0,0,C-24-5,
000000000000100372,2000,0002,149,25,40,B-29-4,
000000000000100373,1000,0001,640,0,40,D-29-7,
000000000000100373,1000,0002,210,0,0,D-02-9,
000000000000100373,2000,0002,523,0,0,C-05-1,
000000000000100374,3000,0001,156,0,0,B-19-6,
000000000000100376,2000,0001,871,0,40,D-14-9,
000000000000100377,2000,0002,622,25,0,B-21-4,
000000000000100379,1000,0001,786,0,0,C-08-1,
000000000000100380,2000,0001,527,25,0,D-12-1,
000000000000100380,2000,0002,348,0,0,B-12-7,
000000000000100381,2000,0001,188,0,0,D-26-5,
000000000000100381,2000,0002,34,25,40,D-21-5,
000000000000100382,3000,0001,307,0,0,B-11-8,
000000000000100382,3000,0002,56,0,40,D-15-7,
000000000000100383,1000,0002,810,0,0,B-12-4,
000000000000100384,1000,0002,832,0,0,A-14-7,
000000000000100384,2000,0001,163,25,0,C-18-1,
000000000000100384,2000,0002,105,25,40,A-21-1,
000000000000100385,1000,0001,561,25,0,D-09-2,
000000000000100385,1000,0002,238,0,0,C-19-6,
000000000000100385,2000,0002,107,0,0,D-29-8,
000000000000100386,1000,0001,229,0,0,A-01-1,
000000000000100387,1000,0001,197,0,40,D-02-6,
000000000000100387,1000,0002,782,0,0,D-21-6,
000000000000100387,3000,0002,361,0,0,B-26-5,
000000000000100388,2000,0001,376,0,0,C-16-5,
000000000000100389,3000,0002,843,0,40,C-04-4,
000000000000100390,1000,0002,184,0,0,D-24-9,
000000000000100390,2000,0001,182,0,0,C-01-4,
000000000000100390,2000,0002,-19,25,0,A-23-7,
000000000000100391,1000,0001,482,0,0,D-12-6,
000000000000100391,2000,0002,551,0,0,D-18-5,
000000000000100392,3000,0002,694,25,40,D-08-1,
000000000000100393,1000,0001,401,25,40,B-27-8,
000000000000100393,1000,0002,696,0,40,D-07-4,
000000000000100393,2000,0001,389,0,0,D-21-8,
000000000000100393,2000,0002,640,0,0,D-29-6,
000000000000100394,1000,0002,549,0,0,A-06-5,
000000000000100394,3000,0001,766,0,0,C-20-6,
000000000000100394,3000,0002,210,0,0,B-10-8,
000000000000100395,2000,0001,854,25,0,D-17-6,
000000000000100396,1000,0002,663,0,40,A-10-5,
000000000000100396,2000,0001,138,0,40,D-01-8,
000000000000100396,2000,0002,251,0,0,B-26-3,
000000000000100398,1000,0002,86,25,40,C-24-2,
000000000000100399,3000,0001,190,0,0,C-19-5,
000000000000100399,3000,0002,119,25,0,D-16-8,
000000000000100400,3000,0001,457,0,0,B-04-2,
000000000000100400,3000,0002,402,0,0,A-24-9,
000000000000100401,3000,0002,824,0,0,D-24-1,
000000000000100402,1000,0001,324,0,0,B-06-2,
000000000000100402,2000,0001,834,25,40,D-01-2,
000000000000100403,1000,0001,770,0,0,D-25-2,
000000000000100404,2000,0002,464,25,0,B-17-8,
000000000000100405,2000,0001,188,0,0,A-11-2,
000000000000100405,2000,0002,670,0,0,D-01-5,
000000000000100406,1000,0002,583,25,0,A-28-8,
000000000000100407,1000,0001,720,0,40,D-13-8,
000000000000100407,1000,0002,342,0,40,B-05-9,
000000000000100408,3000,0001,399,0,0,A-23-9,
000000000000100408,3000,0002,109,0,0,B-27-1,
000000000000100409,1000,0001,180,0,0,C-18-2,
000000000000100409,1000,0002,78,0,0,C-08-3,
000000000000100411,1000,0001,825,25,0,D-23-5,
000000000000100411,1000,0002,630,0,0,B-03-1,
000000000000100411,2000,0001,576,0,0,B-27-2,
000000000000100412,2000,0001,402,0,0,B-14-8,
000000000000100413,2000,0002,585,0,40,B-23-4,
000000000000100414,2000,0002,681,0,0,B-24-7,
000000000000100415,2000,0002,112,0,0,A-19-9,
000000000000100416,1000,0001,427,0,40,C-17-7,
000000000000100416,2000,0002,609,0,0,C-28-1,
000000000000100417,2000,0002,19,0,0,B-03-8,
000000000000100421,1000,0002,507,25,0,A-10-8,
000000000000100422,1000,0001,329,0,0,D-04-5,
000000000000100422,1000,0002,569,25,0,C-09-4,
000000000000100423,2000,0001,340,0,0,B-11-7,
000000000000100423,2000,0002,497,0,0,B-20-1,
000000000000100424,2000,0001,771,25,0,B-04-8,
000000000000100424,2000,0002,225,0,0,C-23-3,
000000000000100425,3000,0001,480,25,0,C-15-4,
000000000000100426,1000,0001,732,0,0,A-09-1,
000000000000100426,1000,0002,448,25,40,C-26-5,
000000000000100427,1000,0002,207,0,40,A-24-9,
000000000000100427,2000,0001,803,25,0,C-28-3,
000000000000100427,2000,0002,888,0,0,C-22-8,
000000000000100428,1000,0001,1,25,0,A-08-6,
000000000000100429,3000,0002,664,25,40,C-27-8,
000000000000100430,1000,0001,69,0,0,A-01-1,
000000000000100431,2000,0001,641,0,40,B-20-7,
000000000000100431,2000,0002,680,0,40,C-29-2,
000000000000100432,1000,0002,659,0,0,B-16-5,
000000000000100432,2000,0002,180,0,0,C-05-1,
000000000000100433,1000,0001,892,0,40,D-25-9,
000000000000100433,2000,0001,115,0,40,C-25-8,
000000000000100435,1000,0002,841,0,0,D-27-5,
000000000000100435,2000,0002,784,0,40,C-18-8,
000000000000100436,3000,0001,511,25,0,B-13-2,
000000000000100436,3000,0002,421,0,0,A-20-4,
000000000000100437,1000,0001,542,0,0,A-10-4,
000000000000100438,1000,0001,164,25,40,D-17-7,
000000000000100438,1000,0002,221,0,40,C-24-3,
000000000000100439,2000,0001,326,0,0,C-07-2,
000000000000100440,2000,0002,425,0,0,B-10-4,
000000000000100441,2000,0002,857,0,0,D-19-8,
000000000000100442,1000,0001,414,0,0,B-16-5,
000000000000100442,1000,0002,208,0,0,D-26-8,
000000000000100444,1000,0001,490,25,40,D-02-5,
000000000000100444,1000,0002,796,0,0,B-26-2,
000000000000100444,2000,0001,886,25,40,D-07-6,
000000000000100445,1000,0002,166,0,0,B-19-2,
000000000000100445,2000,0002,281,0,40,D-11-8,
000000000000100446,1000,0002,21,0,0,B-07-3,
000000000000100446,2000,0001,46,0,40,C-11-1,
000000000000100446,2000,0002,850,25,0,C-09-2,
000000000000100447,2000,0001,158,25,0,D-23-1,
000000000000100447,2000,0002,325,0,0,D-28-2,
000000000000100448,1000,0002,777,0,0,B-04-2,
000000000000100449,3000,0001,865,25,0,D-03-2,
000000000000100449,3000,0002,173,0,0,B-01-8,
000000000000100450,2000,0001,3,0,0,B-03-1,
000000000000100452,3000,0001,602,0,40,C-01-8,
000000000000100452,3000,0002,148,0,0,A-18-3,
000000000000100453,1000,0001,372,25,0,B-04-5,
000000000000100453,1000,0002,462,25,0,D-14-7,
000000000000100453,2000,0002,817,25,0,D-18-8,
000000000000100454,1000,0001,612,0,0,D-19-6,
000000000000100454,1000,0002,516,0,0,D-21-3,
000000000000100455,2000,0002,493,0,40,C-13-5,
000000000000100456,1000,0002,200,0,0,B-29-8,
000000000000100456,2000,0002,866,0,40,C-23-4,
000000000000100457,2000,0002,600,0,0,B-22-1,
000000000000100458,1000,0001,376,25,0,B-20-4,
000000000000100458,1000,0002,847,0,0,B-19-4,
000000000000100459,2000,0001,262,0,0,A-10-2,
000000000000100460,3000,0001,448,0,0,D-12-7,
000000000000100460,3000,0002,502,25,0,D-11-8,
000000000000100461,2000,0001,162,0,0,B-08-7,
000000000000100463,1000,0001,426,0,0,C-26-4,
000000000000100464,1000,0002,350,0,0,C-19-8,
000000000000100465,2000,0001,177,25,0,B-27-1,
000000000000100466,1000,0001,534,0,0,C-17-4,
000000000000100466,1000,0002,690,0,0,B-06-1,
000000000000100466,2000,0001,737,0,0,D-10-8,
000000000000100467,3000,0002,179,0,0,A-04-3,
000000000000100468,2000,0002,581,25,0,A-06-1,
000000000000100469,2000,0002,886,0,0,C-23-6,
000000000000100470,3000,0001,494,0,0,A-20-5,
000000000000100471,2000,0002,242,0,40,A-08-9,
000000000000100472,2000,0001,255,0,0,A-22-7,
000000000000100473,1000,0001,426,0,40,C-03-1,
000000000000100473,2000,0001,44,0,40,C-12-4,
000000000000100473,2000,0002,323,0,0,A-29-1,
000000000000100474,1000,0001,482,0,0,C-22-7,
000000000000100474,1000,0002,667,0,0,D-18-2,
000000000000100474,2000,0001,42,25,0,C-12-7,
000000000000100474,2000,0002,405,0,0,B-02-8,
000000000000100475,2000,0001,71,0,0,C-07-4,
000000000000100475,2000,0002,364,0,0,C-25-5,
000000000000100476,1000,0001,683,0,40,B-27-6,
000000000000100476,1000,0002,385,25,40,C-01-8,
000000000000100476,2000,0002,123,0,0,C-02-4,
000000000000100477,1000,0002,707,25,0,B-05-5,
000000000000100478,3000,0001,498,0,0,D-07-7,
000000000000100479,1000,0001,388,25,0,C-07-2,
000000000000100479,2000,0001,348,0,40,A-13-6,
000000000000100479,2000,0002,373,0,0,A-25-7,
000000000000100480,1000,0001,612,0,0,B-04-5,
000000000000100480,1000,0002,87,0,0,B-16-2,
000000000000100481,1000,0001,136,0,0,B-28-6,
000000000000100481,1000,0002,67,0,0,B-16-8,
000000000000100481,2000,0002,159,0,0,D-06-6,
000000000000100483,2000,0001,13,0,0,D-03-7,
000000000000100484,1000,0001,662,0,0,D-18-3,
000000000000100485,3000,0002,716,0,0,C-24-5,
000000000000100486,3000,0001,233,0,0,D-20-5,
000000000000100486,3000,0002,824,25,0,A-01-2,
000000000000100488,2000,0002,755,0,40,B-17-1,
000000000000100491,2000,0001,403,25,0,B-29-4,
000000000000100492,3000,0001,378,0,0,B-04-4,
000000000000100493,1000,0001,706,0,0,C-27-3,
000000000000100493,3000,0001,523,0,0,A-11-9,
000000000000100493,3000,0002,773,0,0,C-09-3,
000000000000100494,2000,0001,865,0,0,B-22-1,
000000000000100495,1000,0001,459,0,0,C-17-5,
000000000000100495,1000,0002,491,0,0,C-20-1,
000000000000100495,2000,0001,897,0,0,D-06-5,
000000000000100496,3000,0002,789,0,0,A-23-4,
000000000000100497,3000,0001,217,0,40,C-01-7,
000000000000100497,3000,0002,576,25,0,C-25-6,
000000000000100498,1000,0001,871,0,0,B-07-6,
000000000000100499,1000,0001,892,0,0,C-14-4,
000000000000100500,3000,0002,363,0,0,C-21-8,
000000000000100501,3000,0002,229,0,0,A-03-4,
000000000000100503,3000,0001,688,0,0,B-21-4,
000000000000100503,3000,0002,416,25,40,D-16-3,
000000000000100505,3000,0002,465,0,0,A-28-9,
000000000000100508,1000,0002,589,0,0,D-03-6,
000000000000100509,2000,0001,257,0,0,A-21-2,
000000000000100510,1000,0002,232,0,40,B-17-4,
000000000000100510,2000,0002,698,0,0,B-28-7,
000000000000100511,2000,0002,211,25,0,A-08-5,
000000000000100512,1000,0001,41,0,0,D-13-5,
000000000000100512,1000,0002,125,25,0,C-29-5,
000000000000100512,2000,0001,201,25,0,B-07-3,
000000000000100512,2000,0002,339,0,0,C-24-9,
000000000000100513,2000,0001,167,0,0,C-11-1,
000000000000100514,1000,0002,192,25,40,C-03-8,
000000000000100515,1000,0002,808,0,0,D-05-7,
000000000000100515,2000,0002,796,25,0,A-24-2,
000000000000100516,1000,0001,816,25,0,B-05-7,
000000000000100517,1000,0001,663,0,0,A-06-5,
000000000000100517,1000,0002,889,0,0,C-10-6,
000000000000100518,2000,0001,238,25,0,D-11-7,
000000000000100518,2000,0002,680,0,0,C-20-1,
000000000000100521,1000,0002,555,0,0,C-01-5,
000000000000100521,2000,0002,109,0,0,D-22-8,
000000000000100522,3000,0002,217,0,40,D-13-4,
000000000000100523,1000,0001,854,0,0,B-02-8,
000000000000100523,1000,0002,194,25,0,D-07-4,
000000000000100524,2000,0001,129,0,0,C-18-5,
000000000000100524,2000,0002,289,0,40,A-07-9,
000000000000100525,1000,0002,408,25,0,B-03-2,
000000000000100525,2000,0001,96,0,0,B-04-3,
000000000000100526,3000,0001,251,0,40,D-26-5,
000000000000100527,2000,0002,886,0,0,D-19-3,
000000000000100528,2000,0001,884,0,40,D-01-7,
000000000000100530,2000,0002,632,0,0,C-02-9,
000000000000100531,2000,0002,558,0,0,C-16-1,
000000000000100532,1000,0001,69,0,40,B-02-7,
000000000000100532,1000,0002,107,0,0,A-06-3,
000000000000100533,3000,0002,669,0,40,C-05-9,
000000000000100534,1000,0002,480,0,40,C-03-1,
000000000000100534,2000,0001,382,25,0,D-12-4,
000000000000100535,1000,0001,166,0,0,A-01-1,
000000000000100536,1000,0001,828,0,40,D-19-7,
000000000000100536,3000,0001,547,0,0,D-01-5,
000000000000100537,2000,0002,132,0,0,D-06-9,
000000000000100538,2000,0001,649,0,0,C-11-8,
000000000000100539,3000,0001,893,25,0,B-20-1,
000000000000100539,3000,0002,140,0,40,A-25-8,
000000000000100540,1000,0002,231,0,0,B-14-6,
000000000000100540,2000,0002,348,0,0,A-04-3,
000000000000100541,2000,0001,324,25,40,A-28-4,
000000000000100541,2000,0002,40,0,0,D-07-2,
000000000000100542,2000,0002,143,0,0,D-26-1,
000000000000100543,2000,0001,188,0,0,D-05-9,
000000000000100543,2000,0002,526,0,40,D-21-9,
000000000000100544,3000,0001,171,0,0,D-09-9,
000000000000100545,1000,0001,188,25,40,A-28-7,
000000000000100545,3000,0001,473,25,0,D-08-1,
000000000000100545,3000,0002,11,0,0,C-01-5,
000000000000100547,1000,0001,202,0,0,C-10-6,
000000000000100547,1000,0002,283,0,0,D-01-2,
000000000000100548,3000,0001,806,0,0,D-27-3,
000000000000100548,3000,0002,352,25,0,B-22-5,
000000000000100549,1000,0001,304,0,40,C-25-5,
000000000000100549,2000,0001,614,0,0,C-18-8,
000000000000100549,2000,0002,416,0,0,B-09-7,
000000000000100550,2000,0002,20,0,40,B-12-1,
000000000000100551,1000,0001,336,0,0,C-19-8,
000000000000100552,1000,0001,314,0,0,D-18-8,
000000000000100552,1000,0002,806,0,0,B-24-2,
000000000000100552,2000,0001,222,25,0,D-26-7,
000000000000100553,1000,0002,10,0,0,B-11-3,
000000000000100554,1000,0002,839,25,0,A-14-9,
000000000000100554,3000,0001,513,0,40,C-03-8,
000000000000100556,1000,0001,265,0,0,A-17-6,
000000000000100557,3000,0001,757,25,0,C-29-5,
000000000000100558,3000,0001,419,0,40,D-18-3,
000000000000100559,2000,0001,9,25,0,D-05-8,
000000000000100559,2000,0002,128,0,0,C-11-7,
000000000000100560,1000,0001,331,0,40,C-20-5,
000000000000100562,2000,0002,328,0,0,C-12-1,
000000000000100565,1000,0002,870,0,0,D-09-6,
000000000000100565,2000,0001,185,25,40,A-26-3,
000000000000100565,2000,0002,225,0,40,B-04-7,
000000000000100566,1000,0001,872,0,0,B-19-2,
000000000000100566,1000,0002,373,0,40,D-12-1,
000000000000100567,1000,0001,781,25,0,B-22-8,
000000000000100567,1000,0002,543,0,0,B-28-7,
000000000000100567,3000,0001,843,0,0,A-13-9,
000000000000100567,3000,0002,458,0,0,A-29-1,
000000000000100568,1000,0002,237,25,0,A-23-7,
000000000000100568,2000,0001,6,0,0,D-27-4,
000000000000100569,1000,0001,413,0,40,A-03-4,
000000000000100569,1000,0002,295,25,0,C-07-7,
000000000000100570,1000,0002,683,0,0,C-27-7,
000000000000100571,1000,0001,888,25,0,A-13-2,
000000000000100571,2000,0002,651,0,0,B-11-5,
000000000000100572,3000,0001,779,0,0,A-02-5,
000000000000100573,1000,0002,100,0,40,D-08-6,
000000000000100573,2000,0001,813,25,40,A-05-1,
000000000000100574,1000,0001,681,25,0,A-16-9,
000000000000100575,1000,0002,173,0,0,B-09-7,
000000000000100575,2000,0002,635,0,0,B-01-9,
000000000000100576,2000,0002,742,0,40,A-01-5,
000000000000100577,1000,0002,74,0,0,B-24-6,
000000000000100578,1000,0002,146,0,0,D-04-2,
000000000000100578,2000,0001,667,0,40,A-16-8,
000000000000100578,2000,0002,412,0,40,D-05-5,
000000000000100579,1000,0001,253,25,0,C-18-8,
000000000000100579,2000,0001,511,25,0,C-11-6,
000000000000100579,2000,0002,205,0,0,A-03-4,
000000000000100580,1000,0002,237,0,40,C-22-6,
000000000000100580,2000,0002,443,25,40,A-13-5,
000000000000100581,1000,0001,710,25,0,B-05-1,
000000000000100583,3000,0001,71,0,0,C-10-3,
000000000000100584,2000,0002,37,0,0,D-27-2,
000000000000100585,1000,0002,197,0,0,C-28-6,
000000000000100586,1000,0001,810,0,0,C-17-6,
000000000000100586,2000,0001,321,0,0,B-28-2,
000000000000100586,2000,0002,709,25,40,B-19-8,
000000000000100587,1000,0001,477,0,0,C-11-2,
000000000000100587,2000,0001,815,0,0,B-12-2,
000000000000100588,2000,0001,827,0,0,A-10-8,
000000000000100588,2000,0002,21,0,0,D-18-6,
000000000000100589,2000,0002,22,0,0,B-15-3,
000000000000100590,3000,0001,325,0,0,A-20-2,
000000000000100591,2000,0001,788,0,0,D-13-5,
000000000000100592,2000,0001,625,0,0,D-12-9,
000000000000100593,1000,0001,833,0,0,C-03-3,
000000000000100594,3000,0001,873,25,40,B-28-4,
000000000000100594,3000,0002,399,0,0,A-08-3,
000000000000100595,2000,0001,607,25,0,D-03-5,
000000000000100596,3000,0001,867,0,40,A-01-6,
000000000000100597,1000,0001,140,0,0,D-11-3,
000000000000100597,1000,0002,351,0,0,D-05-3,
000000000000100597,2000,0001,711,0,0,A-24-2,
000000000000100597,2000,0002,619,0,0,D-01-9,
000000000000100598,1000,0001,321,0,0,A-24-3,
000000000000100598,1000,0002,400,0,0,B-06-2,
000000000000100598,2000,0002,649,0,0,D-15-9,
000000000000100599,1000,0002,9,0,0,C-07-4,
000000000000100600,1000,0001,691,0,0,C-13-9,
000000000000100600,2000,0001,35,0,0,A-16-6,
000000000000100600,2000,0002,850,25,0,C-13-3,
000000000000100602,3000,0001,125,25,40,B-10-1,
000000000000100603,2000,0001,291,25,0,B-20-8,
000000000000100603,2000,0002,727,25,0,A-23-7,
000000000000100604,3000,0001,83,0,0,D-11-9,
000000000000100604,3000,0002,802,0,40,D-08-6,
000000000000100605,1000,0001,212,0,0,A-26-7,
000000000000100605,2000,0001,515,25,0,D-06-6,
000000000000100605,2000,0002,646,0,0,B-20-8,
000000000000100606,1000,0001,191,0,0,A-01-1,
000000000000100608,1000,0002,657,0,0,A-15-4,
000000000000100608,3000,0001,705,25,40,C-17-1,
000000000000100608,3000,0002,114,25,40,B-23-6,
000000000000100609,1000,0002,848,0,40,D-26-9,
000000000000100609,2000,0001,319,0,0,A-09-2,
000000000000100610,1000,0001,508,0,40,D-23-3,
000000000000100611,1000,0002,16,0,40,A-22-1,
000000000000100611,2000,0002,184,0,0,D-09-1,
000000000000100612,1000,0002,45,0,0,D-25-5,
000000000000100612,2000,0001,538,0,0,C-25-7,
000000000000100614,1000,0001,260,0,40,A-19-6,
000000000000100614,2000,0001,166,0,0,A-21-7,
000000000000100614,2000,0002,271,0,40,A-19-2,
000000000000100615,1000,0001,115,0,0,D-29-3,
000000000000100616,1000,0001,867,0,0,B-02-4,
000000000000100616,1000,0002,120,25,0,A-29-6,
000000000000100616,2000,0002,257,0,0,C-15-4,
000000000000100617,1000,0001,463,25,0,C-23-4,
000000000000100617,1000,0002,437,0,0,C-18-8,
000000000000100618,1000,0001,463,25,0,B-26-1,
000000000000100619,3000,0002,869,0,0,D-24-8,
000000000000100620,1000,0001,632,0,0,B-21-6,
000000000000100621,1000,0002,429,25,0,C-20-3,
000000000000100622,2000,0002,205,0,0,A-07-3,
000000000000100623,1000,0001,879,0,40,D-14-3,
000000000000100623,1000,0002,347,25,0,D-01-3,
000000000000100624,1000,0001,187,0,0,B-27-8,
000000000000100625,1000,0001,501,0,0,A-26-3,
000000000000100626,1000,0001,818,25,0,B-12-9,
000000000000100626,1000,0002,864,25,0,B-07-8,
000000000000100626,2000,0001,406,25,0,B-09-6,
000000000000100627,1000,0001,766,0,0,A-08-9,
000000000000100627,1000,0002,709,25,0,B-07-3,
000000000000100627,2000,0002,716,0,0,A-06-9,
000000000000100628,3000,0001,460,0,0,A-19-3,
000000000000100629,1000,0002,836,0,0,A-22-4,
000000000000100630,2000,0001,401,0,40,B-24-6,
000000000000100631,3000,0001,537,0,0,D-05-9,
000000000000100632,3000,0001,401,0,0,A-18-2,
000000000000100632,3000,0002,624,0,0,B-07-6,
000000000000100633,2000,0001,366,25,0,D-14-8,
000000000000100634,1000,0001,736,25,40,C-26-5,
000000000000100634,3000,0001,555,0,0,C-07-1,
000000000000100634,3000,0002,362,0,0,A-27-5,
000000000000100635,1000,0002,172,0,0,B-03-7,
000000000000100635,2000,0001,380,0,40,D-25-2,
000000000000100635,2000,0002,650,0,0,B-02-1,
000000000000100636,3000,0002,43,0,0,C-27-7,
000000000000100637,2000,0001,85,0,0,C-15-9,
000000000000100637,2000,0002,264,0,0,D-17-1,
000000000000100638,1000,0001,252,25,0,C-07-4,
000000000000100639,1000,0002,680,25,0,A-28-9,
000000000000100640,1000,0002,49,0,0,C-18-8,
000000000000100640,2000,0002,544,0,0,C-01-9,
000000000000100641,1000,0001,767,0,40,C-09-7,
000000000000100641,2000,0001,568,0,0,B-18-6,
000000000000100641,2000,0002,800,0,40,D-25-9,
000000000000100642,3000,0002,264,25,40,C-25-1,
000000000000100643,2000,0001,9,0,0,B-24-3,
000000000000100644,3000,0002,43,0,0,A-16-8,
000000000000100646,1000,0001,219,0,0,D-02-3,
000000000000100646,2000,0001,261,0,40,D-26-3,
000000000000100646,2000,0002,294,0,0,D-25-3,
000000000000100647,3000,0001,886,0,40,A-23-7,
000000000000100647,3000,0002,220,0,0,A-14-7,
000000000000100648,3000,0001,152,25,0,C-14-8,
000000000000100649,1000,0002,764,0,0,B-20-1,
000000000000100649,3000,0001,39,25,40,B-10-8,
000000000000100650,1000,0002,305,0,0,A-11-9,
000000000000100651,1000,0001,825,0,0,D-03-9,
000000000000100651,1000,0002,412,25,0,A-07-4,
000000000000100651,2000,0002,54,0,40,D-03-4,
000000000000100652,1000,0002,282,0,0,A-05-7,
000000000000100652,3000,0001,721,0,40,A-23-3,
000000000000100653,1000,0001,597,0,0,B-26-8,
000000000000100653,1000,0002,509,0,0,A-09-9,
000000000000100653,2000,0001,491,25,40,B-14-5,
000000000000100653,2000,0002,801,0,40,C-20-5,
000000000000100654,1000,0002,837,0,0,C-22-9,
000000000000100655,1000,0001,172,0,0,C-02-9,
000000000000100655,1000,0002,421,25,0,C-17-5,
000000000000100656,2000,0001,590,0,0,C-22-7,
000000000000100656,2000,0002,569,0,0,A-07-1,
000000000000100657,1000,0002,754,0,40,C-18-6,
000000000000100657,2000,0001,428,0,40,A-06-4,
000000000000100658,2000,0002,751,0,40,D-18-7,
000000000000100659,1000,0001,449,0,40,D-03-1,
000000000000100660,1000,0001,537,0,0,D-22-9,
000000000000100662,1000,0001,234,0,0,B-28-2,
000000000000100662,1000,0002,267,0,0,C-19-4,
000000000000100662,2000,0001,204,0,0,A-23-4,
000000000000100662,2000,0002,856,0,0,A-24-5,
000000000000100663,3000,0001,664,0,0,B-11-8,
000000000000100664,2000,0001,442,0,0,C-28-8,
000000000000100664,2000,0002,277,25,0,B-17-9,
000000000000100665,3000,0001,392,0,0,C-02-2,
000000000000100666,1000,0001,844,0,40,D-03-2,
000000000000100666,2000,0002,447,0,40,D-11-9,
000000000000100667,2000,0001,49,0,40,A-25-5,
000000000000100668,1000,0001,603,0,0,A-14-1,
000000000000100669,2000,0001,213,25,0,D-05-4,
000000000000100669,2000,0002,-37,25,0,B-09-9,
000000000000100670,3000,0001,573,25,0,D-19-6,
000000000000100670,3000,0002,688,0,0,D-16-2,
000000000000100671,1000,0001,163,0,0,A-02-3,
000000000000100671,1000,0002,301,0,0,C-10-8,
000000000000100671,3000,0001,258,25,0,B-03-9,
000000000000100672,3000,0002,869,0,40,B-17-8,
000000000000100673,1000,0001,297,0,0,A-08-9,
000000000000100674,1000,0002,840,0,40,C-24-4,
000000000000100674,2000,0001,574,0,0,A-17-4,
000000000000100675,1000,0001,768,25,40,C-02-6,
000000000000100675,2000,0001,297,0,0,A-02-7,
000000000000100675,2000,0002,153,0,0,D-27-1,
000000000000100676,2000,0002,167,25,40,D-12-8,
000000000000100677,1000,0001,205,0,40,C-28-1,
000000000000100677,1000,0002,863,0,40,C-12-5,
000000000000100677,2000,0002,818,0,0,B-24-8,
000000000000100678,3000,0001,178,25,0,D-20-7,
000000000000100678,3000,0002,-24,25,40,B-02-3,
000000000000100679,2000,0001,885,25,0,D-25-4,
000000000000100680,2000,0002,506,0,0,A-13-6,
000000000000100681,1000,0001,856,0,0,C-01-9,
000000000000100681,1000,0002,765,0,40,D-24-8,
000000000000100681,2000,0001,300,25,0,D-22-1,
000000000000100681,2000,0002,419,0,0,A-25-2,
000000000000100682,2000,0002,809,25,40,D-04-7,
000000000000100683,2000,0002,232,0,0,C-26-6,
000000000000100685,2000,0002,153,25,0,C-17-4,
000000000000100686,1000,0001,21,0,0,B-25-2,
000000000000100686,1000,0002,185,25,0,B-15-5,
000000000000100686,2000,0001,564,0,0,C-04-2,
000000000000100687,2000,0001,860,0,0,C-08-2,
000000000000100688,3000,0001,569,0,0,A-02-9,
000000000000100689,1000,0001,37,0,40,C-27-5,
000000000000100690,3000,0002,618,25,40,A-26-1,
000000000000100691,1000,0001,381,0,0,C-09-1,
000000000000100691,2000,0001,774,0,0,D-06-7,
000000000000100691,2000,0002,693,0,40,C-24-3,
000000000000100692,2000,0001,155,0,0,D-18-3,
000000000000100692,2000,0002,329,25,0,C-13-9,
000000000000100693,1000,0002,780,0,0,A-13-2,
000000000000100693,2000,0001,689,25,0,B-09-3,
000000000000100693,2000,0002,195,0,0,A-08-5,
000000000000100694,1000,0002,217,25,0,A-21-4,
000000000000100695,1000,0001,137,0,0,D-10-9,
000000000000100695,1000,0002,260,0,0,D-10-3,
000000000000100695,2000,0001,181,0,40,B-28-4,
000000000000100696,1000,0001,410,0,40,D-04-8,
000000000000100696,1000,0002,527,25,0,A-29-4,
000000000000100696,2000,0002,21,0,0,A-27-1,
000000000000100697,1000,0002,416,0,0,A-25-3,
000000000000100697,3000,0001,219,0,0,C-09-2,
000000000000100697,3000,0002,756,25,0,C-17-7,
000000000000100698,1000,0001,411,25,0,B-10-6,
000000000000100698,1000,0002,805,25,0,C-25-1,
000000000000100699,1000,0001,323,25,0,C-18-7,
000000000000100699,2000,0002,427,0,40,B-05-3,
000000000000100700,1000,0002,614,25,0,D-08-2,
000000000000100700,2000,0001,398,0,0,A-16-6,
000000000000100700,2000,0002,731,25,0,A-11-2,
000000000000100701,2000,0002,415,0,0,B-28-6,
000000000000100702,2000,0002,352,25,0,B-15-3,
000000000000100703,2000,0001,853,0,0,B-18-5,
000000000000100703,2000,0002,535,0,0,D-19-7,
000000000000100704,1000,0001,233,25,0,C-19-1,
000000000000100704,1000,0002,201,0,0,D-14-1,
000000000000100705,1000,0002,873,25,0,B-24-5,
000000000000100706,1000,0001,290,25,0,C-21-1,
000000000000100706,1000,0002,860,0,40,A-03-7,
000000000000100708,3000,0001,149,0,0,B-28-2,
000000000000100708,3000,0002,88,25,40,C-10-2,
000000000000100709,1000,0001,725,0,40,C-29-6,
000000000000100709,2000,0001,515,0,40,C-07-5,
000000000000100709,2000,0002,273,0,40,A-19-1,
000000000000100710,1000,0002,729,0,0,B-19-5,
000000000000100711,1000,0001,807,0,0,B-10-1,
000000000000100711,1000,0002,355,0,0,C-12-6,
000000000000100712,1000,0001,221,0,0,A-01-1,
000000000000100713,1000,0001,432,0,40,A-05-1,
000000000000100713,1000,0002,490,0,0,B-13-1,
000000000000100713,2000,0001,883,0,0,D-04-2,
000000000000100715,2000,0001,557,0,0,D-05-5,
000000000000100716,2000,0001,529,0,40,A-15-1,
000000000000100717,3000,0001,811,25,0,A-04-8,
000000000000100717,3000,0002,46,0,0,C-03-7,
000000000000100718,2000,0001,128,0,40,C-02-5,
000000000000100720,1000,0001,423,25,0,D-24-7,
000000000000100720,2000,0001,305,0,0,D-14-5,
000000000000100720,2000,0002,220,0,0,C-17-2,
000000000000100721,2000,0001,563,25,40,A-04-5,
000000000000100723,1000,0001,41,0,0,A-14-6,
000000000000100725,3000,0001,93,0,0,A-08-9,
000000000000100725,3000,0002,568,0,0,B-28-1,
000000000000100726,1000,0002,704,0,0,D-21-3,
000000000000100726,2000,0001,186,0,0,C-12-5,
000000000000100728,1000,0001,348,0,40,A-23-4,
000000000000100728,2000,0001,346,0,0,A-13-9,
000000000000100729,1000,0002,228,0,0,C-13-3,
000000000000100730,3000,0001,256,0,40,A-20-1,
000000000000100730,3000,0002,477,0,0,D-23-4,
000000000000100731,3000,0002,146,0,0,C-17-9,
000000000000100732,1000,0001,225,0,0,C-22-7,
000000000000100732,1000,0002,652,0,0,D-13-6,
000000000000100732,2000,0001,448,0,0,A-15-3,
000000000000100732,2000,0002,473,25,0,D-11-6,
000000000000100734,2000,0002,206,25,40,A-15-4,
000000000000100735,1000,0001,488,25,0,C-28-1,
000000000000100736,3000,0001,801,0,0,B-18-2,
000000000000100737,2000,0001,790,0,0,C-09-7,
000000000000100737,2000,0002,108,25,0,A-21-8,
000000000000100738,1000,0001,265,0,0,B-07-5,
000000000000100739,1000,0001,478,0,0,C-21-6,
000000000000100740,3000,0001,850,0,0,D-05-9,
000000000000100741,2000,0002,730,0,0,A-22-7,
000000000000100742,1000,0001,417,0,0,D-08-9,
000000000000100742,1000,0002,368,0,0,B-23-8,
000000000000100742,2000,0001,131,0,0,A-14-5,
000000000000100742,2000,0002,727,0,0,C-27-6,
000000000000100744,2000,0001,427,0,0,B-23-9,
000000000000100745,3000,0001,713,25,0,D-01-7,
000000000000100746,3000,0001,577,0,0,B-19-5,
000000000000100747,2000,0001,632,25,40,B-04-3,
000000000000100747,2000,0002,224,25,0,C-15-7,
000000000000100749,3000,0001,645,0,40,D-27-5,
000000000000100749,3000,0002,747,25,0,B-29-6,
000000000000100750,1000,0001,240,0,40,C-04-3,
000000000000100750,1000,0002,413,0,0,D-06-9,
000000000000100750,2000,0002,304,0,0,B-02-8,
000000000000100753,2000,0001,334,25,40,B-06-7,
000000000000100755,1000,0001,871,0,0,B-05-9,
000000000000100755,1000,0002,261,0,40,C-28-2,
000000000000100757,1000,0001,778,25,0,D-28-8,
000000000000100757,1000,0002,688,0,0,C-11-3,
000000000000100758,1000,0002,112,25,0,D-02-6,
000000000000100759,3000,0001,435,0,0,D-01-5,
000000000000100759,3000,0002,777,0,0,A-20-6,
000000000000100760,3000,0001,674,25,0,A-06-9,
000000000000100761,1000,0001,11,0,40,B-29-9,
000000000000100761,2000,0001,236,0,0,D-09-7,
000000000000100762,1000,0001,359,25,40,A-02-3,
000000000000100762,1000,0002,581,0,0,D-05-5,
000000000000100762,2000,0001,678,0,0,B-02-4,
000000000000100762,2000,0002,133,0,0,B-19-1,
000000000000100763,3000,0001,80,0,0,D-07-7,
000000000000100763,3000,0002,803,0,0,C-29-9,
000000000000100764,3000,0002,662,0,0,B-19-8,
000000000000100765,1000,0002,896,25,0,A-21-5,
000000000000100765,2000,0001,129,0,0,C-22-4,
000000000000100765,2000,0002,99,0,0,A-22-7,
000000000000100766,1000,0002,734,0,40,D-29-8,
000000000000100766,2000,0001,869,25,40,D-14-4,
000000000000100767,2000,0002,742,0,0,A-02-2,
000000000000100768,1000,0001,869,0,0,B-01-3,
000000000000100769,1000,0001,703,0,40,B-23-3,
000000000000100769,1000,0002,649,0,0,D-01-8,
000000000000100769,2000,0001,626,0,0,D-16-8,
000000000000100771,1000,0002,626,25,0,D-18-4,
000000000000100771,2000,0001,547,0,0,C-06-9,
000000000000100771,2000,0002,126,25,0,D-21-9,
000000000000100772,2000,0002,357,0,0,C-12-8,
000000000000100774,2000,0001,-58,0,0,C-18-9,
000000000000100774,2000,0002,554,0,0,B-04-7,
000000000000100775,2000,0001,229,0,0,C-07-2,
000000000000100776,1000,0002,123,25,40,C-03-3,
000000000000100776,2000,0001,155,0,0,A-27-2,
000000000000100776,2000,0002,275,25,0,A-29-3,
000000000000100777,2000,0001,670,0,0,B-07-4,
000000000000100778,1000,0001,163,0,0,A-19-3,
000000000000100778,1000,0002,764,25,0,B-24-7,
000000000000100779,3000,0001,640,0,0,A-17-5,
000000000000100781,3000,0002,884,0,0,C-25-3,
000000000000100782,2000,0001,572,0,0,D-25-3,
000000000000100783,2000,0001,304,0,40,B-17-2,
000000000000100784,1000,0001,119,0,40,A-05-5,
000000000000100785,3000,0001,657,0,0,C-18-6,
000000000000100785,3000,0002,332,25,0,B-27-5,
000000000000100786,2000,0001,599,0,0,D-06-7,
000000000000100786,2000,0002,237,25,0,B-22-5,
000000000000100787,3000,0001,454,0,0,C-17-3,
000000000000100789,1000,0002,38,0,0,A-17-4,
000000000000100789,3000,0001,545,25,0,C-04-4,
000000000000100790,1000,0001,33,0,0,D-04-5,
000000000000100791,3000,0001,789,0,0,B-19-3,
000000000000100792,1000,0002,475,0,40,A-09-8,
000000000000100792,2000,0001,796,0,40,D-09-5,
000000000000100793,2000,0001,353,0,0,B-29-6,
000000000000100794,1000,0001,897,0,0,D-11-3,
000000000000100794,1000,0002,443,25,40,B-13-7,
000000000000100795,2000,0002,53,0,0,A-06-5,
000000000000100796,3000,0002,377,25,0,D-27-8,
000000000000100797,3000,0001,245,0,40,C-12-7,
000000000000100797,3000,0002,258,0,0,B-24-8,
000000000000100798,3000,0001,361,25,0,A-19-4,
000000000000100798,3000,0002,237,0,40,D-14-1,
000000000000100799,3000,0001,301,0,0,C-11-5,
000000000000100799,3000,0002,626,25,40,B-24-7,
000000000000100800,3000,0001,284,0,0,C-25-7,
000000000000100800,3000,0002,771,0,0,A-26-5,
000000000000100801,1000,0001,746,0,40,B-16-5,
000000000000100802,1000,0001,341,0,0,B-27-8,
000000000000100802,1000,0002,540,25,0,D-01-7,
000000000000100803,3000,0001,858,25,40,B-10-4,
000000000000100804,1000,0001,523,0,0,B-11-3,
000000000000100805,1000,0002,827,25,40,A-20-9,
000000000000100805,2000,0002,90,0,0,B-12-9,
000000000000100806,2000,0001,839,0,0,C-24-4,
000000000000100806,2000,0002,369,25,0,C-24-8,
000000000000100807,3000,0001,478,0,0,C-06-5,
000000000000100807,3000,0002,211,0,0,C-17-6,
000000000000100808,3000,0001,691,0,0,C-29-9,
000000000000100809,2000,0001,532,0,0,B-13-5,
000000000000100810,2000,0002,396,0,0,C-22-3,
000000000000100811,1000,0001,296,0,0,C-13-8,
000000000000100811,1000,0002,228,0,0,B-01-2,
000000000000100812,3000,0001,551,25,0,A-29-1,
000000000000100812,3000,0002,822,0,0,A-09-8,
000000000000100814,1000,0002,120,25,0,D-21-6,
000000000000100814,2000,0002,713,0,0,C-19-1,
000000000000100815,2000,0002,250,0,0,B-08-9,
000000000000100816,1000,0002,236,0,0,A-03-5,
000000000000100816,2000,0002,85,0,40,C-04-9,
000000000000100817,1000,0001,257,0,0,D-20-4,
000000000000100817,1000,0002,434,0,0,A-23-1,
000000000000100818,3000,0001,366,0,0,A-19-7,
000000000000100818,3000,0002,618,25,0,A-02-9,
000000000000100819,1000,0001,603,0,0,D-13-5,
000000000000100819,1000,0002,343,0,40,A-29-9,
000000000000100820,3000,0002,629,0,0,B-03-1,
000000000000100821,2000,0001,66,25,0,A-25-4,
000000000000100822,1000,0001,881,25,0,A-12-9,
000000000000100822,1000,0002,786,0,40,C-09-8,
000000000000100822,2000,0001,821,0,0,A-12-6,
000000000000100823,1000,0001,455,25,0,A-17-2,
000000000000100823,1000,0002,790,0,40,D-17-2,
000000000000100823,2000,0002,675,0,40,D-04-8,
000000000000100825,1000,0001,256,0,0,A-23-9,
000000000000100825,2000,0001,691,0,0,C-25-8,
000000000000100826,1000,0001,680,0,0,B-16-4,
000000000000100827,2000,0001,439,0,40,A-02-1,
