MATNR,BWKEY,VPRSV,BKLAS,VERPR,STPRS,PEINH,LBKUM,SALK3
000000000000100001,3000,S,7920,0.00,14.96,1,3488,52180.48
000000000000100002,1000,V,3100,19.63,0.00,1,2903,56985.89
000000000000100003,2000,V,3100,16.33,0.00,1,579,9455.07
000000000000100004,2000,V,3100,0.81,0.00,1,3693,2991.33
000000000000100005,3000,S,7900,0.00,6.48,1,1282,8307.36
000000000000100006,1000,V,3100,5.92,0.00,1,3492,20672.64
000000000000100007,1000,V,3100,11.82,0.00,1,851,10058.82
000000000000100007,2000,V,3100,15.46,0.00,1,165,2550.90
000000000000100009,1000,V,3100,21.26,0.00,1,1911,40627.86
000000000000100009,2000,V,3100,21.52,0.00,1,2334,50227.68
000000000000100010,2000,V,3030,1.09,0.00,1,59,64.31
000000000000100011,2000,V,3030,18.17,0.00,1,2623,47659.91
000000000000100012,3000,S,7900,0.00,4.15,1,1381,5731.15
000000000000100013,1000,V,3100,18.26,0.00,1,2736,49959.36
000000000000100014,3000,V,3000,22.44,0.00,1,146,3276.24
000000000000100015,2000,V,3100,13.67,0.00,1,985,13464.95
000000000000100016,2000,V,3100,8.66,0.00,1,0,0.00
000000000000100017,1000,S,7920,0.00,9.60,1,1603,15388.80
000000000000100017,3000,S,7920,0.00,5.50,1,923,5076.50
000000000000100018,1000,V,3100,16.40,0.00,1,63,1033.20
000000000000100018,2000,V,3100,15.39,0.00,1,93,1431.27
000000000000100019,1000,V,3100,19.85,0.00,1,1377,27333.45
000000000000100020,1000,V,3030,9.70,0.00,1,2604,25258.80
000000000000100021,1000,V,3100,7.63,0.00,1,1502,11460.26
000000000000100022,2000,V,3100,21.38,0.00,1,1420,30359.60
000000000000100023,1000,V,3100,7.85,0.00,1,0,0.00
000000000000100023,2000,V,3100,17.34,0.00,1,0,0.00
000000000000100024,1000,V,3100,17.90,0.00,1,1245,22285.50
000000000000100024,2000,V,3100,5.51,0.00,1,3209,17681.59
000000000000100025,1000,V,3100,5.57,0.00,1,0,0.00
000000000000100026,1000,V,3100,19.73,0.00,1,2790,55046.70
000000000000100026,2000,V,3100,4.20,0.00,1,3439,14443.80
000000000000100027,1000,V,3100,8.47,0.00,1,1129,9562.63
000000000000100028,2000,V,3100,21.92,0.00,1,0,0.00
000000000000100029,1000,S,7920,0.00,3.97,1,2776,11020.72
000000000000100029,3000,S,7920,0.00,1.41,1,1886,2659.26
000000000000100030,1000,V,3030,20.11,0.00,1,2506,50395.66
000000000000100031,2000,V,3100,15.21,0.00,1,2953,44915.13
000000000000100033,1000,V,3030,19.43,0.00,1,252,4896.36
000000000000100034,1000,V,3100,3.98,0.00,1,1662,6614.76
000000000000100034,2000,V,3100,4.17,0.00,1,354,1476.18
000000000000100035,1000,V,3100,1.28,0.00,1,3114,3985.92
000000000000100035,2000,V,3100,0.50,0.00,1,3317,1658.50
000000000000100038,1000,V,3100,7.30,0.00,1,52,379.60
000000000000100039,1000,V,3100,3.36,0.00,1,2526,8487.36
000000000000100040,2000,V,3100,8.88,0.00,1,431,3827.28
000000000000100041,1000,V,3100,19.24,0.00,1,1356,26089.44
000000000000100041,2000,V,3100,16.66,0.00,1,425,7080.50
000000000000100044,1000,V,3100,20.82,0.00,1,1084,22568.88
000000000000100045,2000,V,3100,13.86,0.00,1,1735,24047.10
000000000000100046,1000,V,3030,15.21,0.00,1,1102,16761.42
000000000000100046,2000,V,3030,7.93,0.00,1,1376,10911.68
000000000000100047,1000,V,3100,0.00,0.00,1,367,7839.12
000000000000100048,2000,V,3030,2.87,0.00,1,1467,4210.29
000000000000100049,1000,V,3100,23.39,0.00,1,932,21799.48
000000000000100049,2000,V,3100,7.61,0.00,1,2480,18872.80
000000000000100050,1000,V,3100,16.02,0.00,1,125,2002.50
000000000000100050,2000,V,7900,21.93,0.00,1,2766,60658.38
000000000000100051,1000,V,3100,18.31,0.00,1,1069,19573.39
000000000000100051,2000,V,3100,16.24,0.00,1,1518,24652.32
000000000000100052,1000,V,3100,9.79,0.00,1,664,6500.56
000000000000100052,2000,V,3100,13.64,0.00,1,2350,32054.00
000000000000100053,1000,V,3100,18.69,0.00,1,2742,51247.98
000000000000100054,1000,V,3100,21.87,0.00,1,2575,56315.25
000000000000100055,2000,V,3030,24.47,0.00,1,1393,34086.71
000000000000100056,2000,V,3030,13.53,0.00,1,1521,20579.13
000000000000100057,1000,V,3100,13.96,0.00,1,0,0.00
000000000000100057,2000,V,3100,15.79,0.00,1,0,0.00
000000000000100058,1000,V,3100,21.24,0.00,1,2309,49043.16
000000000000100058,2000,V,3100,21.08,0.00,1,3495,73674.60
000000000000100059,1000,V,3100,23.29,0.00,1,1479,34445.91
000000000000100060,1000,V,3100,1.33,0.00,1,1378,1832.74
000000000000100061,3000,S,7920,0.00,22.24,1,1320,29356.80
000000000000100062,3000,S,7920,0.00,15.20,1,3492,53078.40
000000000000100063,1000,V,3100,17.65,0.00,1,3529,62286.85
000000000000100063,2000,V,3100,23.40,0.00,1,139,3252.60
000000000000100064,1000,V,3100,21.23,0.00,1,3630,0.00
000000000000100065,1000,V,3100,14.93,0.00,1,848,12660.64
000000000000100065,2000,V,3100,4.88,0.00,1,11,53.68
000000000000100066,3000,V,3000,4.62,0.00,1,2592,11975.04
000000000000100067,2000,V,3100,22.76,0.00,1,3821,86965.96
000000000000100068,2000,V,3100,2.70,0.00,1,2391,6455.70
000000000000100069,1000,V,3100,13.41,0.00,1,2995,40162.95
000000000000100070,3000,S,7920,0.00,21.24,1,2142,45496.08
000000000000100071,2000,V,3100,13.39,0.00,1,1774,23753.86
000000000000100072,2000,V,3100,13.50,0.00,1,3293,44455.50
000000000000100073,1000,S,3030,13.68,0.00,1,2595,35499.60
000000000000100074,1000,V,3100,1.60,0.00,1,357,571.20
000000000000100075,1000,V,3100,13.89,0.00,1,2649,36794.61
000000000000100076,1000,V,3100,10.50,0.00,1,1075,11287.50
000000000000100078,1000,V,3100,14.07,0.00,1,1516,21330.12
000000000000100078,2000,V,3100,22.58,0.00,1,2018,45566.44
000000000000100079,3000,V,7900,8.34,0.00,1,630,5254.20
000000000000100080,1000,V,3100,13.62,0.00,1,0,0.00
000000000000100080,2000,V,3100,22.53,0.00,1,0,0.00
000000000000100081,2000,V,3100,13.22,0.00,1,2831,37425.82
000000000000100082,3000,S,7900,0.00,23.81,1,1825,43453.25
000000000000100083,1000,V,3100,5.23,0.00,1,3641,19042.43
000000000000100083,2000,V,3100,1.21,0.00,1,2522,3051.62
000000000000100084,1000,V,3100,19.17,0.00,1,2188,41943.96
000000000000100084,2000,V,3100,23.35,0.00,1,539,12585.65
000000000000100085,1000,V,3100,15.53,0.00,1,448,6957.44
000000000000100085,2000,V,3100,2.26,0.00,1,1130,2553.80
000000000000100086,1000,V,3100,9.94,0.00,1,3157,31380.58
000000000000100086,2000,V,3100,5.56,0.00,1,3106,17269.36
000000000000100087,1000,V,3100,15.41,0.00,1,721,11110.61
000000000000100088,1000,V,3030,6.94,0.00,1,2133,14803.02
000000000000100089,2000,V,3100,21.50,0.00,1,2717,58415.50
000000000000100090,2000,V,3100,0.77,0.00,1,1778,1369.06
000000000000100091,1000,V,3100,17.26,0.00,1,3278,56578.28
000000000000100091,2000,V,3100,24.00,0.00,1,925,22200.00
000000000000100092,1000,V,3100,23.98,0.00,1,1349,32349.02
000000000000100092,2000,V,3100,12.46,0.00,1,1159,14441.14
000000000000100093,2000,V,3100,4.54,0.00,1,3651,16575.54
000000000000100094,1000,V,3030,5.13,0.00,1,2607,13373.91
000000000000100094,2000,V,3030,19.13,0.00,1,3536,67643.68
000000000000100095,3000,V,3000,10.89,0.00,1,529,5760.81
000000000000100096,2000,V,3100,5.30,0.00,1,818,4335.40
000000000000100097,1000,V,3100,10.48,0.00,1,3312,34709.76
000000000000100097,2000,V,3100,9.26,0.00,1,1239,11473.14
000000000000100098,2000,V,3100,9.67,0.00,1,503,4864.01
000000000000100099,1000,V,3100,20.83,0.00,1,3538,73696.54
000000000000100100,1000,V,3100,8.41,0.00,1,3970,33387.70
000000000000100100,2000,V,3100,3.19,0.00,1,3793,12099.67
000000000000100101,3000,V,7900,0.00,14.84,1,1797,26667.48
000000000000100102,1000,V,3100,3.61,0.00,1,2036,7349.96
000000000000100103,2000,V,3030,6.22,0.00,1,2878,17901.16
000000000000100104,2000,V,3100,4.48,0.00,1,3875,17360.00
000000000000100105,1000,S,7920,0.00,0.58,1,3173,1840.34
000000000000100105,3000,S,7920,0.00,21.00,1,1157,24297.00
000000000000100106,2000,V,3030,17.05,0.00,1,3278,55889.90
000000000000100107,1000,V,3100,9.06,0.00,1,0,0.00
000000000000100107,2000,V,3100,6.86,0.00,1,0,0.00
000000000000100108,3000,V,3000,6.63,0.00,1,2971,19697.73
000000000000100109,1000,V,3100,9.52,0.00,1,1416,13480.32
000000000000100109,2000,V,3100,0.53,0.00,1,1531,811.43
000000000000100110,1000,V,3030,4.23,0.00,1,3527,14919.21
000000000000100111,1000,V,3100,6.87,0.00,1,2241,15395.67
000000000000100111,2000,V,3100,22.88,0.00,1,3145,71957.60
000000000000100112,2000,V,3100,5.47,0.00,1,585,3199.95
000000000000100113,1000,V,3100,19.74,0.00,1,3845,75900.30
000000000000100113,2000,V,3100,4.46,0.00,1,1413,6301.98
000000000000100114,2000,V,3100,20.95,0.00,1,221,4629.95
000000000000100115,1000,V,3100,15.65,0.00,1,263,4115.95
000000000000100116,3000,V,3000,12.99,0.00,1,975,12665.25
000000000000100117,1000,V,3100,8.19,0.00,1,119,974.61
000000000000100118,1000,V,3100,21.77,0.00,1,249,5420.73
000000000000100118,2000,V,3100,14.13,0.00,1,2890,40835.70
000000000000100119,1000,V,3100,8.66,0.00,1,3356,29062.96
000000000000100119,2000,V,3100,15.03,0.00,1,3224,48456.72
000000000000100120,2000,V,3100,13.47,0.00,1,742,9994.74
000000000000100121,1000,V,3100,13.02,0.00,1,3600,46872.00
000000000000100122,2000,V,3100,18.40,0.00,1,3094,56929.60
000000000000100123,2000,V,3100,19.61,0.00,1,1659,32532.99
000000000000100124,1000,V,3100,18.52,0.00,1,2348,43484.96
000000000000100125,1000,V,3100,3.85,0.00,1,1827,7033.95
000000000000100126,1000,V,3030,14.63,0.00,1,862,12611.06
000000000000100127,1000,V,3100,3.33,0.00,1,1067,3553.11
000000000000100127,2000,V,3100,3.35,0.00,1,927,3105.45
000000000000100128,3000,S,7900,0.00,11.09,1,1976,21913.84
000000000000100129,1000,V,3100,20.89,0.00,1,1269,26509.41
000000000000100130,1000,V,3030,11.72,0.00,1,1254,14696.88
000000000000100131,1000,V,3030,21.42,0.00,1,2801,59997.42
000000000000100132,2000,V,3100,2.27,0.00,1,1624,3686.48
000000000000100133,2000,V,3100,18.83,0.00,1,3329,62685.07
000000000000100134,2000,V,3100,6.48,0.00,1,1133,7341.84
000000000000100135,1000,V,3100,14.63,0.00,1,1513,22135.19
000000000000100135,2000,V,3100,14.31,0.00,1,526,7527.06
000000000000100136,3000,S,7900,0.00,18.03,1,3004,54162.12
000000000000100137,3000,V,3000,10.21,0.00,1,2459,25106.39
000000000000100138,1000,V,3100,3.07,0.00,1,437,1341.59
000000000000100138,2000,V,3100,4.58,0.00,1,1015,4648.70
000000000000100139,1000,V,3100,2.00,0.00,1,1059,2118.00
000000000000100139,2000,V,3100,22.99,0.00,1,1140,26208.60
000000000000100140,3000,V,3000,23.28,0.00,1,3564,82969.92
000000000000100142,1000,V,3100,12.62,0.00,1,7,88.34
000000000000100143,3000,S,7920,0.00,2.20,1,139,305.80
000000000000100144,3000,S,7900,0.00,11.31,1,3406,38521.86
000000000000100145,1000,V,3030,11.95,0.00,1,3019,36077.05
000000000000100145,2000,V,3030,3.81,0.00,1,2333,8888.73
000000000000100146,1000,V,3100,4.05,0.00,1,135,546.75
000000000000100146,2000,V,3100,15.81,0.00,1,3872,61216.32
000000000000100147,1000,V,3100,19.36,0.00,1,3240,62726.40
000000000000100148,1000,V,3030,8.89,0.00,1,1845,16402.05
000000000000100148,2000,V,3030,2.25,0.00,1,1108,2493.00
000000000000100149,1000,V,3100,9.37,0.00,1,3647,34172.39
000000000000100149,2000,V,3100,12.55,0.00,1,2476,31073.80
000000000000100150,2000,V,3100,2.83,0.00,1,2191,6200.53
000000000000100151,1000,V,3100,0.62,0.00,1,353,218.86
000000000000100152,3000,S,7920,0.00,10.72,1,3304,35418.88
000000000000100153,1000,V,3100,8.21,0.00,1,3897,31994.37
000000000000100153,2000,V,3100,2.63,0.00,1,1794,4718.22
000000000000100154,1000,V,3100,10.40,0.00,1,3402,35380.80
000000000000100155,1000,V,3100,15.57,0.00,1,0,0.00
000000000000100157,1000,S,7920,0.00,14.32,1,3867,55375.44
000000000000100157,3000,S,7920,0.00,14.07,1,3501,49259.07
000000000000100158,3000,S,7900,0.00,9.76,1,3642,35545.92
000000000000100159,2000,V,3100,7.00,0.00,1,3523,24661.00
000000000000100160,2000,V,3100,7.10,0.00,1,532,3777.20
000000000000100161,1000,V,3030,9.56,0.00,1,889,8498.84
000000000000100161,2000,V,3030,23.40,0.00,1,3216,75254.40
000000000000100162,1000,V,3100,19.17,0.00,1,1931,37017.27
000000000000100163,2000,V,3100,15.12,0.00,1,310,4687.20
000000000000100165,2000,V,3100,23.30,0.00,1,1198,27913.40
000000000000100166,2000,V,3100,12.36,0.00,1,3945,48760.20
000000000000100167,2000,V,3100,1.28,0.00,1,1309,1675.52
000000000000100170,1000,V,3100,11.45,0.00,1,3866,44265.70
000000000000100171,2000,V,3100,21.04,0.00,1,2649,55734.96
000000000000100172,3000,V,3000,17.87,0.00,1,1952,34882.24
000000000000100173,2000,V,3100,16.50,0.00,1,2631,43411.50
000000000000100174,1000,V,3100,15.25,0.00,1,0,0.00
000000000000100174,2000,V,3100,10.57,0.00,1,0,0.00
000000000000100176,2000,V,3100,21.97,0.00,1,1251,27484.47
000000000000100177,1000,V,3100,0.00,0.00,1,3125,16968.75
000000000000100178,2000,V,3100,5.78,0.00,1,2422,13999.16
000000000000100179,1000,V,3100,6.01,0.00,1,511,3071.11
000000000000100180,1000,V,3100,4.10,0.00,1,99,405.90
000000000000100180,2000,V,3100,13.34,0.00,1,2,26.68
000000000000100181,1000,V,3100,19.22,0.00,1,3393,65213.46
000000000000100181,2000,V,3100,19.55,0.00,1,3460,67643.00
000000000000100183,1000,V,3100,0.58,0.00,1,2665,1545.70
000000000000100184,1000,V,3100,5.22,0.00,1,1397,7292.34
000000000000100184,2000,V,3100,22.85,0.00,1,2154,49218.90
000000000000100185,1000,V,3100,7.86,0.00,1,813,6390.18
000000000000100185,2000,V,3100,23.25,0.00,1,2668,62031.00
000000000000100186,1000,V,3030,14.17,0.00,1,3099,43912.83
000000000000100187,3000,V,3000,6.91,0.00,1,1894,13087.54
000000000000100188,1000,V,3100,16.61,0.00,1,2794,46408.34
000000000000100189,3000,V,3000,21.43,0.00,1,2275,48753.25
000000000000100190,2000,V,3100,9.10,0.00,1,318,2893.80
000000000000100192,2000,V,3100,16.66,0.00,1,993,16543.38
000000000000100193,1000,V,3100,6.85,0.00,1,2193,15022.05
000000000000100194,1000,V,3100,12.38,0.00,1,769,9520.22
000000000000100194,2000,V,3100,0.93,0.00,1,226,210.18
000000000000100195,3000,S,7920,0.00,20.10,1,3009,60480.90
000000000000100196,1000,V,3100,9.66,0.00,1,0,0.00
000000000000100197,1000,V,3100,19.00,0.00,1,882,16758.00
000000000000100199,3000,V,3000,5.69,0.00,1,1773,10088.37
000000000000100200,2000,V,3100,21.33,0.00,1,3862,82376.46
000000000000100202,1000,V,3100,16.89,0.00,1,2021,34134.69
000000000000100202,2000,V,3100,9.71,0.00,1,3569,34654.99
000000000000100203,2000,V,3100,16.52,0.00,1,246,4063.92
000000000000100204,2000,V,3030,1.06,0.00,1,1450,1537.00
000000000000100205,3000,S,7900,0.00,1.19,1,3193,3799.67
000000000000100206,1000,V,3100,1.19,0.00,1,151,179.69
000000000000100207,3000,V,3000,2.72,0.00,1,2679,7286.88
000000000000100208,1000,V,3100,9.58,0.00,1,3509,33616.22
000000000000100208,2000,V,3100,22.90,0.00,1,3961,90706.90
000000000000100209,2000,V,3100,11.81,0.00,1,3356,39634.36
000000000000100210,1000,V,3100,11.29,0.00,1,3869,43681.01
000000000000100211,2000,V,3100,5.49,0.00,1,3729,20472.21
000000000000100212,2000,V,7900,19.85,0.00,1,523,10381.55
000000000000100214,3000,V,3000,8.41,0.00,1,1947,16374.27
000000000000100215,2000,V,3100,20.51,0.00,1,1565,32098.15
000000000000100216,2000,V,3030,15.97,0.00,1,1619,25855.43
000000000000100217,1000,V,3100,12.76,0.00,1,2681,34209.56
000000000000100218,1000,S,7920,0.00,11.26,1,1524,17160.24
000000000000100218,3000,S,7920,0.00,0.23,1,2246,516.58
000000000000100219,1000,V,3100,9.68,0.00,1,0,0.00
000000000000100220,1000,V,3100,3.20,0.00,1,1742,5574.40
000000000000100220,2000,S,3100,12.18,0.00,1,796,9695.28
000000000000100221,1000,V,3100,13.68,0.00,1,2147,29370.96
000000000000100221,2000,V,3100,15.98,0.00,1,1411,22547.78
000000000000100222,1000,V,3100,3.44,0.00,1,2923,10055.12
000000000000100223,2000,V,3100,10.98,0.00,1,992,10892.16
000000000000100224,1000,V,3100,2.63,0.00,1,3868,10172.84
000000000000100225,1000,V,3100,6.25,0.00,1,1412,8825.00
000000000000100226,2000,V,3100,19.02,0.00,1,2543,48367.86
000000000000100227,1000,V,3100,2.09,0.00,1,2548,5325.32
000000000000100228,1000,V,3100,10.21,0.00,1,234,2389.14
000000000000100228,2000,V,3100,7.62,0.00,1,88,670.56
000000000000100229,1000,V,3030,17.95,0.00,1,2200,39490.00
000000000000100230,3000,V,3000,17.76,0.00,1,1761,31275.36
000000000000100231,1000,V,3030,18.96,0.00,1,1973,37408.08
000000000000100231,2000,V,3030,21.58,0.00,1,2515,54273.70
000000000000100232,3000,V,3000,2.45,0.00,1,2305,5647.25
000000000000100233,1000,S,3100,11.84,0.00,1,2128,25195.52
000000000000100233,2000,V,3100,18.27,0.00,1,2126,38842.02
000000000000100234,2000,V,3100,5.02,0.00,1,3798,19065.96
000000000000100235,1000,V,3100,22.87,0.00,1,0,0.00
000000000000100236,2000,V,3100,19.50,0.00,1,2309,45025.50
000000000000100237,1000,V,3100,16.91,0.00,1,88,1488.08
000000000000100237,2000,V,3100,0.83,0.00,1,3174,2634.42
000000000000100239,1000,V,3100,8.48,0.00,1,3949,33487.52
000000000000100239,2000,V,3100,0.20,0.00,1,254,50.80
000000000000100240,2000,V,3030,5.85,0.00,1,878,5136.30
000000000000100241,2000,V,3030,14.96,0.00,1,1949,29157.04
000000000000100242,1000,V,3100,23.96,0.00,1,0,0.00
000000000000100242,2000,V,3100,10.18,0.00,1,0,0.00
000000000000100244,1000,V,3100,0.73,0.00,1,2366,1727.18
000000000000100245,3000,S,7920,0.00,1.45,1,3324,4819.80
000000000000100246,3000,S,7920,0.00,8.57,1,2527,21656.39
000000000000100247,3000,S,7900,0.00,16.78,1,2897,48611.66
000000000000100248,1000,V,3100,12.58,0.00,1,3576,44986.08
000000000000100248,2000,V,3100,22.94,0.00,1,2620,60102.80
000000000000100249,1000,V,3100,7.52,0.00,1,3819,28718.88
000000000000100250,1000,V,3100,8.13,0.00,1,3471,28219.23
000000000000100252,1000,V,3100,21.76,0.00,1,2331,50722.56
000000000000100253,2000,V,3100,8.69,0.00,1,3694,32100.86
000000000000100254,2000,V,3100,6.65,0.00,1,2204,14656.60
000000000000100255,1000,V,3100,7.60,0.00,1,3044,23134.40
000000000000100256,1000,V,3030,11.36,0.00,1,2864,32535.04
000000000000100256,2000,V,3030,18.77,0.00,1,1786,33523.22
000000000000100257,1000,V,3100,7.25,0.00,1,1965,14246.25
000000000000100257,2000,V,3100,22.19,0.00,1,3239,71873.41
000000000000100258,1000,S,7920,0.00,20.96,1,2643,55397.28
000000000000100258,3000,S,7920,0.00,4.20,1,1476,6199.20
000000000000100259,2000,V,3100,16.10,0.00,1,3121,50248.10
000000000000100260,1000,V,3100,20.55,0.00,1,3550,72952.50
000000000000100261,2000,V,3100,17.40,0.00,1,249,4332.60
000000000000100262,1000,V,3100,16.80,0.00,1,1287,21621.60
000000000000100262,2000,V,3100,8.95,0.00,1,2383,21327.85
000000000000100263,2000,V,3100,2.48,0.00,1,0,0.00
000000000000100265,1000,V,3100,17.72,0.00,1,842,14920.24
000000000000100265,2000,V,3100,16.10,0.00,1,3266,52582.60
000000000000100266,2000,V,3100,15.59,0.00,1,2032,31678.88
000000000000100267,3000,V,3000,19.10,0.00,1,2065,39441.50
000000000000100268,1000,V,3100,2.65,0.00,1,1933,5122.45
000000000000100268,2000,V,3100,22.24,0.00,1,2344,52130.56
000000000000100269,3000,S,7900,0.00,22.77,1,2497,56856.69
000000000000100270,1000,V,3100,4.88,0.00,1,2616,12766.08
000000000000100271,1000,V,3100,6.21,0.00,1,1583,9830.43
000000000000100272,2000,V,3030,11.33,0.00,1,3844,43552.52
000000000000100273,2000,S,3100,12.65,0.00,1,3270,41365.50
000000000000100274,3000,V,3000,4.66,0.00,1,1106,5153.96
000000000000100275,1000,V,3100,14.21,0.00,1,787,11183.27
000000000000100276,2000,V,3100,17.61,0.00,1,4000,70440.00
000000000000100277,1000,V,3100,10.02,0.00,1,29,290.58
000000000000100277,2000,V,3100,24.27,0.00,1,1664,40385.28
000000000000100278,1000,V,3100,14.03,0.00,1,2597,36435.91
000000000000100278,2000,V,3100,17.33,0.00,1,141,2443.53
000000000000100279,2000,V,3100,23.88,0.00,1,2363,56428.44
000000000000100280,1000,V,3100,11.44,0.00,1,2502,28622.88
000000000000100281,1000,V,3030,6.38,0.00,1,3426,21857.88
000000000000100282,3000,S,7900,0.00,0.35,1,2981,1043.35
000000000000100283,3000,V,3000,9.80,0.00,1,242,2371.60
000000000000100284,1000,V,3100,21.61,0.00,1,868,18757.48
000000000000100284,2000,V,3100,11.50,0.00,1,3936,45264.00
000000000000100285,2000,V,3100,9.42,0.00,1,3817,35956.14
000000000000100286,1000,V,3100,13.36,0.00,1,2374,31716.64
000000000000100286,2000,V,3100,8.25,0.00,1,3991,32925.75
000000000000100287,1000,V,3030,2.40,0.00,1,2809,6741.60
000000000000100287,2000,V,3030,16.47,0.00,1,349,5748.03
000000000000100288,2000,V,3100,15.62,0.00,1,3188,49796.56
000000000000100289,1000,V,3100,9.85,0.00,1,148,1457.80
000000000000100290,2000,V,3100,1.51,0.00,1,131,197.81
000000000000100291,1000,S,7920,0.00,7.42,1,2331,17296.02
000000000000100291,3000,S,7920,0.00,3.56,1,511,1819.16
000000000000100292,3000,S,7900,0.00,8.26,1,1327,0.00
000000000000100293,1000,V,3100,0.38,0.00,1,0,-5239.00
000000000000100293,2000,V,3100,23.22,0.00,1,0,0.00
000000000000100294,1000,V,3100,22.55,0.00,1,2965,66860.75
000000000000100294,2000,V,3100,15.48,0.00,1,1420,-883.00
000000000000100295,1000,V,3100,21.51,0.00,1,3112,66939.12
000000000000100296,2000,V,3100,19.33,0.00,1,0,0.00
000000000000100297,1000,V,3100,24.19,0.00,1,3467,83866.73
000000000000100297,2000,V,3100,24.08,0.00,1,1570,37805.60
000000000000100298,2000,V,3100,23.69,0.00,1,2009,47593.21
000000000000100299,1000,V,3100,8.88,0.00,1,1044,9270.72
000000000000100300,1000,V,3100,0.25,0.00,1,3399,849.75
000000000000100301,2000,V,3100,18.88,0.00,1,1927,36381.76
000000000000100302,2000,V,3100,13.83,0.00,1,0,0.00
000000000000100303,1000,V,3100,22.11,0.00,1,1912,42274.32
000000000000100304,1000,V,3100,11.98,0.00,1,2070,24798.60
000000000000100306,3000,V,3000,14.57,0.00,1,3719,54185.83
000000000000100307,2000,V,3100,6.02,0.00,1,494,2973.88
000000000000100309,2000,V,3100,17.97,0.00,1,3093,55581.21
000000000000100310,2000,V,3100,7.94,0.00,1,591,4692.54
000000000000100311,2000,V,3100,11.06,0.00,1,746,8250.76
000000000000100312,2000,V,3100,0.00,0.00,1,0,0.00
000000000000100313,1000,V,3100,19.91,0.00,1,16,318.56
000000000000100313,2000,V,3100,6.59,0.00,1,3064,20191.76
000000000000100314,1000,V,3100,0.37,0.00,1,2634,974.58
000000000000100314,2000,V,3100,3.66,0.00,1,2455,8985.30
000000000000100315,1000,V,3100,4.75,0.00,1,858,4075.50
000000000000100315,2000,V,3100,6.33,0.00,1,2945,18641.85
000000000000100316,2000,V,3100,17.12,0.00,1,2797,47884.64
000000000000100317,3000,S,7900,0.00,23.53,1,1857,43695.21
000000000000100318,2000,V,3100,20.47,0.00,1,1314,26897.58
000000000000100320,3000,V,3000,22.04,0.00,1,3601,79366.04
000000000000100321,1000,V,3100,22.55,0.00,1,3371,76016.05
000000000000100321,2000,V,3100,2.62,0.00,1,1089,2853.18
000000000000100322,2000,V,3100,12.20,0.00,1,1279,15603.80
000000000000100323,3000,S,7920,0.00,8.32,1,3053,25400.96
000000000000100324,1000,V,3100,0.00,0.00,1,3982,80675.32
000000000000100324,2000,V,3100,5.25,0.00,0,3061,16070.25
000000000000100325,1000,V,3100,0.22,0.00,1,3174,698.28
000000000000100326,1000,V,3100,7.72,0.00,1,2857,22056.04
000000000000100327,2000,V,3100,1.93,0.00,1,22,42.46
000000000000100328,1000,V,3100,13.61,0.00,1,348,4736.28
000000000000100328,2000,V,3100,11.76,0.00,1,2528,29729.28
000000000000100329,1000,V,3100,18.61,0.00,1,3512,65358.32
000000000000100330,2000,V,3100,11.77,0.00,1,2116,24905.32
000000000000100331,1000,V,3100,18.39,0.00,1,3110,57192.90
000000000000100331,2000,V,3100,6.08,0.00,1,3660,22252.80
000000000000100332,3000,S,7920,0.00,12.22,1,3489,42635.58
000000000000100333,1000,V,3100,3.41,0.00,1,3991,13609.31
000000000000100334,1000,V,3100,20.19,0.00,1,1499,30264.81
000000000000100335,1000,V,3100,16.41,0.00,1,706,11585.46
000000000000100336,1000,V,3030,14.11,0.00,1,3173,44771.03
000000000000100336,2000,V,3030,5.54,0.00,1,3955,21910.70
000000000000100337,2000,V,3100,13.68,0.00,1,3479,47592.72
000000000000100338,1000,V,3100,4.63,0.00,1,199,921.37
000000000000100338,2000,V,3100,14.71,0.00,0,1190,17504.90
000000000000100339,2000,V,3100,17.43,0.00,1,423,7372.89
000000000000100340,1000,V,3100,3.87,0.00,1,998,3862.26
000000000000100340,2000,V,3100,16.16,0.00,1,2512,40593.92
000000000000100341,1000,V,3100,9.97,0.00,1,858,8554.26
000000000000100341,2000,V,3100,4.60,0.00,1,1589,7309.40
000000000000100342,1000,V,3030,1.63,0.00,1,122,198.86
000000000000100343,1000,V,3030,8.32,0.00,1,1950,16224.00
000000000000100344,3000,S,7900,0.00,22.90,1,247,5656.30
000000000000100345,2000,V,3030,9.81,0.00,1,3720,36493.20
000000000000100346,1000,V,3030,14.88,0.00,1,1453,21620.64
000000000000100347,2000,V,3100,8.85,0.00,1,873,7726.05
000000000000100348,1000,V,3100,20.31,0.00,1,3591,72933.21
000000000000100348,2000,V,3100,13.81,0.00,1,2503,34566.43
000000000000100349,1000,V,3100,13.56,0.00,1,2612,35418.72
000000000000100349,2000,V,3100,16.79,0.00,1,3414,57321.06
000000000000100350,2000,V,3100,19.15,0.00,1,2091,40042.65
000000000000100351,3000,V,3000,1.53,0.00,1,2002,3063.06
000000000000100352,1000,V,3100,19.89,0.00,1,1254,24942.06
000000000000100352,2000,V,3100,16.07,0.00,1,1041,16728.87
000000000000100353,1000,V,3100,9.35,0.00,1,3995,37353.25
000000000000100354,1000,V,3030,17.45,0.00,1,2042,35632.90
000000000000100355,1000,V,3100,13.42,0.00,1,594,7971.48
000000000000100356,1000,V,3100,12.70,0.00,1,899,11417.30
000000000000100356,2000,V,3100,10.33,0.00,1,2108,21775.64
000000000000100357,1000,V,3100,9.16,0.00,1,0,0.00
000000000000100357,2000,V,3100,6.82,0.00,1,0,0.00
000000000000100359,1000,V,3100,4.29,0.00,1,1800,7722.00
000000000000100359,2000,V,3100,19.63,0.00,1,1422,27913.86
000000000000100360,2000,V,3100,6.04,0.00,1,1553,9380.12
000000000000100361,2000,V,3100,14.49,0.00,1,2286,33124.14
000000000000100362,2000,V,3100,3.30,0.00,1,3489,11513.70
000000000000100363,1000,V,3100,5.93,0.00,1,2273,13478.89
000000000000100365,1000,V,3100,22.42,0.00,1,2322,52059.24
000000000000100365,2000,V,3100,14.73,0.00,1,3927,0.00
000000000000100366,3000,V,3000,4.79,0.00,1,1020,4885.80
000000000000100367,2000,V,3100,23.90,0.00,1,1338,31978.20
000000000000100368,1000,V,3100,4.37,0.00,1,3134,13695.58
000000000000100369,3000,S,7900,0.00,2.40,1,3977,9544.80
000000000000100372,1000,V,3030,8.80,0.00,1,726,6388.80
000000000000100372,2000,V,3030,19.98,0.00,1,2412,48191.76
000000000000100373,1000,V,3100,0.98,0.00,1,814,797.72
000000000000100373,2000,V,3100,1.00,0.00,1,2080,2080.00
000000000000100374,3000,S,7900,0.00,14.08,1,529,7448.32
000000000000100376,2000,V,3030,9.07,0.00,1,1567,14212.69
000000000000100377,2000,V,3100,18.34,0.00,1,2232,40934.88
000000000000100379,1000,V,3100,17.86,0.00,1,2489,44453.54
000000000000100380,2000,V,3100,12.09,0.00,1,255,3082.95
000000000000100381,2000,V,3100,18.78,0.00,1,3974,74631.72
000000000000100382,3000,S,7900,0.00,0.40,1,1664,665.60
000000000000100383,1000,V,3100,19.23,0.00,1,3203,61593.69
000000000000100384,1000,V,3100,9.85,0.00,1,1021,10056.85
000000000000100384,2000,V,3100,21.02,0.00,1,2348,49354.96
000000000000100385,1000,V,3100,21.72,0.00,1,3202,69547.44
000000000000100385,2000,V,3100,3.71,0.00,1,40,148.40
000000000000100386,1000,V,3100,18.29,0.00,1,0,0.00
000000000000100386,2000,V,3100,21.37,0.00,1,0,0.00
000000000000100387,1000,S,7920,0.00,14.25,1,1891,26946.75
000000000000100387,3000,S,7920,0.00,23.45,1,1892,44367.40
000000000000100388,2000,V,3100,22.65,0.00,1,2806,63555.90
000000000000100389,3000,S,7900,0.00,13.51,1,2081,28114.31
000000000000100390,1000,V,3100,8.95,0.00,1,1840,16468.00
000000000000100390,2000,V,3100,23.38,0.00,1,1800,42084.00
000000000000100391,1000,V,3100,13.72,0.00,1,3966,54413.52
000000000000100391,2000,V,3100,13.98,0.00,1,360,5032.80
000000000000100392,3000,V,3000,20.27,0.00,1,804,16297.08
000000000000100393,1000,V,3100,9.62,0.00,1,599,5762.38
000000000000100393,2000,V,3100,8.59,0.00,1,3463,29747.17
000000000000100394,1000,S,7920,0.00,15.67,1,24,376.08
000000000000100394,3000,S,7920,0.00,13.34,1,3881,51772.54
000000000000100395,2000,V,3100,1.87,0.00,1,2731,5106.97
000000000000100396,1000,V,3100,16.47,0.00,1,3240,53362.80
000000000000100396,2000,V,3100,11.74,0.00,1,30,352.20
000000000000100398,1000,V,3100,9.22,0.00,1,3761,34676.42
000000000000100399,3000,S,7900,0.00,4.22,1,1385,5844.70
000000000000100400,3000,S,7900,0.00,4.52,1,2672,12077.44
000000000000100401,3000,S,7900,0.00,13.67,1,926,12658.42
000000000000100402,1000,V,3100,3.72,0.00,1,329,1223.88
000000000000100402,2000,V,3100,17.87,0.00,1,1522,27198.14
000000000000100403,1000,V,3100,1.38,0.00,1,975,1345.50
000000000000100404,2000,V,3100,12.63,0.00,1,3548,44811.24
000000000000100405,2000,V,3100,22.69,0.00,1,961,21805.09
000000000000100406,1000,V,3030,15.84,0.00,1,646,10232.64
000000000000100407,1000,V,3100,1.88,0.00,1,3210,6034.80
000000000000100408,3000,V,3000,11.46,0.00,1,728,8342.88
000000000000100409,1000,V,3100,3.04,0.00,1,1143,3474.72
000000000000100411,1000,V,3100,22.80,0.00,0,3022,68901.60
000000000000100411,2000,V,3100,12.38,0.00,1,3287,40693.06
000000000000100412,2000,V,3100,14.96,0.00,1,3741,55965.36
000000000000100413,2000,V,3100,1.37,0.00,1,3881,5316.97
000000000000100414,2000,V,3100,8.35,0.00,1,3617,30201.95
000000000000100415,2000,V,3100,23.73,0.00,1,904,21451.92
000000000000100416,1000,V,3100,22.34,0.00,1,3928,87751.52
000000000000100416,2000,V,3100,3.28,0.00,1,3623,11883.44
000000000000100418,1000,V,3100,7.34,0.00,1,0,0.00
000000000000100421,1000,V,3100,23.45,0.00,1,1543,36183.35
000000000000100422,1000,V,3100,22.57,0.00,1,2357,53197.49
000000000000100423,2000,V,3100,18.89,0.00,1,2584,48811.76
000000000000100424,2000,V,3100,9.17,0.00,1,799,7326.83
000000000000100426,1000,V,3100,5.21,0.00,1,2525,13155.25
000000000000100427,1000,V,3100,18.84,0.00,1,2098,39526.32
000000000000100427,2000,V,3100,20.46,0.00,1,3328,68090.88
000000000000100428,1000,V,3100,2.52,0.00,1,994,2504.88
000000000000100429,3000,S,7900,0.00,2.71,1,1166,3159.86
000000000000100430,2000,V,3100,7.19,0.00,1,0,0.00
000000000000100431,2000,V,3030,9.31,0.00,1,2055,19132.05
000000000000100432,1000,V,3100,13.90,0.00,1,2776,38586.40
000000000000100432,2000,V,3100,19.42,0.00,1,1864,0.00
000000000000100433,1000,V,3100,13.70,0.00,1,1441,19741.70
000000000000100433,2000,V,3100,22.36,0.00,1,2725,60931.00
000000000000100434,1000,V,3100,15.68,0.00,1,0,0.00
000000000000100435,1000,V,3030,20.60,0.00,1,3518,72470.80
000000000000100435,2000,V,3030,0.00,0.00,1,3720,71833.20
000000000000100436,3000,V,3000,7.52,0.00,1,1349,10144.48
000000000000100437,1000,V,3100,2.45,0.00,1,3917,9596.65
000000000000100438,1000,V,3100,20.72,0.00,1,2433,50411.76
000000000000100439,2000,V,3100,0.52,0.00,1,2765,1437.80
000000000000100440,2000,V,3100,3.80,0.00,1,1116,4240.80
000000000000100441,2000,V,3030,20.84,0.00,1,10,208.40
000000000000100442,1000,V,3100,15.84,0.00,1,1401,22191.84
000000000000100443,2000,V,3100,16.75,0.00,1,0,0.00
000000000000100444,1000,V,3100,16.56,0.00,1,687,11376.72
000000000000100444,2000,V,3100,20.17,0.00,1,70,1411.90
000000000000100445,1000,V,3100,8.92,0.00,1,2103,18758.76
000000000000100445,2000,V,3100,3.34,0.00,1,292,975.28
000000000000100446,1000,V,3100,0.83,0.00,1,3483,2890.89
000000000000100446,2000,V,3100,2.71,0.00,1,531,1439.01
000000000000100447,2000,V,3100,13.32,0.00,1,306,4075.92
000000000000100448,1000,V,3100,13.20,0.00,1,157,2072.40
000000000000100449,3000,V,3000,13.95,0.00,1,1358,18944.10
000000000000100450,2000,V,3100,13.52,0.00,1,3459,46765.68
000000000000100452,3000,V,3000,18.43,0.00,1,1080,19904.40
000000000000100453,1000,V,3100,0.21,0.00,1,2730,573.30
000000000000100453,2000,V,3100,5.68,0.00,1,288,1635.84
000000000000100454,1000,V,3100,14.83,0.00,1,1570,23283.10
000000000000100455,2000,V,3100,6.32,0.00,1,398,2515.36
000000000000100456,1000,V,3100,2.42,0.00,1,2432,5885.44
000000000000100456,2000,V,3100,16.10,0.00,1,3610,58121.00
000000000000100457,2000,V,3100,1.76,0.00,1,2221,3908.96
000000000000100458,1000,V,3100,7.44,0.00,1,876,6517.44
000000000000100459,2000,V,3100,1.73,0.00,1,539,932.47
000000000000100461,2000,V,3100,8.83,0.00,1,2811,24821.13
000000000000100463,1000,V,3100,2.26,0.00,1,1961,4431.86
000000000000100464,1000,V,3100,19.13,0.00,1,2794,53449.22
000000000000100465,2000,V,3100,14.07,0.00,1,3235,45516.45
000000000000100466,1000,V,3030,8.71,0.00,1,1996,17385.16
000000000000100466,2000,V,3030,2.27,0.00,1,3923,8905.21
000000000000100467,3000,V,3000,14.83,0.00,1,3670,54426.10
000000000000100468,2000,V,3100,2.18,0.00,1,1301,2836.18
000000000000100469,2000,V,3100,6.62,0.00,1,859,5686.58
000000000000100470,3000,V,3000,18.42,0.00,1,2153,39658.26
000000000000100471,2000,V,3100,0.95,0.00,1,1791,1701.45
000000000000100472,2000,V,3030,10.93,0.00,1,2191,23947.63
000000000000100473,1000,V,3100,18.23,0.00,1,3629,66156.67
000000000000100473,2000,V,3100,16.75,0.00,1,3841,64336.75
000000000000100474,1000,V,3100,23.39,0.00,1,1415,33096.85
000000000000100474,2000,V,3100,19.80,0.00,1,3539,70072.20
000000000000100475,2000,V,3100,17.30,0.00,1,1546,26745.80
000000000000100476,1000,V,3100,2.34,0.00,1,1991,4658.94
000000000000100476,2000,V,3100,11.80,0.00,1,2823,-3267.00
000000000000100477,1000,V,3030,8.75,0.00,1,3338,29207.50
000000000000100478,3000,S,7920,0.00,2.86,1,3944,11279.84
000000000000100479,1000,V,3100,1.74,0.00,1,3113,5416.62
000000000000100479,2000,V,3100,24.46,0.00,1,917,22429.82
000000000000100480,1000,V,3100,0.56,0.00,1,3643,2040.08
000000000000100481,1000,V,3100,20.92,0.00,1,3334,69747.28
000000000000100481,2000,V,3100,6.38,0.00,1,233,1486.54
000000000000100482,1000,V,3100,15.02,0.00,1,0,0.00
000000000000100482,2000,V,3100,4.91,0.00,1,0,0.00
000000000000100483,2000,V,3100,13.88,0.00,1,2648,36754.24
000000000000100484,1000,V,3100,11.19,0.00,1,567,6344.73
000000000000100485,3000,V,3000,13.52,0.00,1,1993,26945.36
000000000000100486,3000,V,3000,3.51,0.00,1,2602,9133.02
000000000000100487,1000,V,3100,4.34,0.00,1,0,0.00
000000000000100487,2000,V,3100,19.13,0.00,1,0,0.00
000000000000100488,2000,V,3030,14.11,0.00,1,2904,40975.44
000000000000100491,2000,V,3100,3.19,0.00,1,3892,12415.48
000000000000100492,3000,V,3000,14.04,0.00,1,2847,39971.88
000000000000100493,1000,S,7920,0.00,17.23,1,2285,39370.55
000000000000100493,3000,V,7920,0.00,18.00,1,3924,70632.00
000000000000100494,2000,V,3100,22.31,0.00,1,2342,52250.02
000000000000100495,1000,V,3100,8.90,0.00,1,601,5348.90
000000000000100495,2000,V,3100,1.05,0.00,1,1109,1164.45
000000000000100496,3000,S,7920,0.00,19.13,1,2072,39637.36
000000000000100497,3000,V,3000,22.10,0.00,1,3077,68001.70
000000000000100498,1000,V,3030,20.90,0.00,1,717,14985.30
000000000000100499,1000,V,3100,8.42,0.00,1,3741,31499.22
000000000000100500,3000,V,3000,0.87,0.00,1,1385,1204.95
000000000000100501,3000,S,7900,0.00,4.56,1,1461,6662.16
000000000000100503,3000,S,7920,0.00,4.67,1,998,4660.66
000000000000100504,1000,V,3100,1.03,0.00,1,0,0.00
000000000000100504,2000,V,3100,1.42,0.00,1,0,0.00
000000000000100505,3000,S,7920,0.00,23.21,1,3878,90008.38
000000000000100506,1000,V,3100,14.92,0.00,0,0,0.00
000000000000100506,2000,V,3100,16.85,0.00,1,0,0.00
000000000000100508,1000,V,3100,17.28,0.00,1,83,1434.24
000000000000100509,2000,V,3100,23.43,0.00,1,1380,32333.40
000000000000100510,1000,V,3100,15.10,0.00,1,1101,16625.10
000000000000100510,2000,V,3100,20.77,0.00,1,2909,60419.93
000000000000100511,2000,V,3100,4.89,0.00,1,1735,8484.15
000000000000100512,1000,V,3100,2.53,0.00,1,1692,4280.76
000000000000100512,2000,V,3100,15.84,0.00,1,846,13400.64
000000000000100513,2000,V,3100,19.77,0.00,1,186,3677.22
000000000000100514,1000,V,3100,4.64,0.00,1,779,3614.56
000000000000100515,1000,V,3100,21.81,0.00,1,113,2464.53
000000000000100515,2000,V,3100,6.94,0.00,1,3969,27544.86
000000000000100516,1000,V,3100,3.90,0.00,1,3112,12136.80
000000000000100517,1000,V,3100,0.31,0.00,1,1476,457.56
000000000000100518,2000,V,3100,5.46,0.00,1,3473,18962.58
000000000000100519,1000,V,3100,0.00,0.00,1,0,0.00
000000000000100520,1000,V,3100,3.96,0.00,1,0,0.00
000000000000100520,2000,V,3100,15.67,0.00,1,0,0.00
000000000000100521,1000,V,3100,11.06,0.00,1,2186,24177.16
000000000000100521,2000,V,3100,1.90,0.00,1,3038,5772.20
000000000000100522,3000,S,7920,0.00,6.00,1,1949,11694.00
000000000000100523,1000,V,3030,22.57,0.00,1,362,8170.34
000000000000100524,2000,V,3100,20.32,0.00,1,2841,57729.12
000000000000100525,1000,V,3030,16.07,0.00,1,2003,32188.21
000000000000100525,2000,V,3030,9.86,0.00,1,3065,30220.90
000000000000100526,3000,V,3000,20.93,0.00,1,357,7472.01
000000000000100527,2000,V,3030,19.21,0.00,1,379,7280.59
000000000000100528,2000,V,3100,16.10,0.00,1,225,3622.50
000000000000100530,2000,V,3100,11.64,0.00,1,3677,42800.28
000000000000100531,2000,V,3100,1.31,0.00,1,2339,3064.09
000000000000100532,1000,V,3100,16.64,0.00,1,3268,54379.52
000000000000100533,3000,S,7900,0.00,10.90,1,1768,19271.20
000000000000100534,1000,V,3100,4.57,0.00,1,1960,8957.20
000000000000100534,2000,S,3100,6.57,0.00,1,1005,6602.85
000000000000100536,1000,S,7920,0.00,17.62,1,1915,33742.30
000000000000100536,3000,S,7920,0.00,12.89,1,176,2268.64
000000000000100537,2000,V,3100,16.14,0.00,1,3665,59153.10
000000000000100538,2000,V,3100,20.34,0.00,1,2211,44971.74
000000000000100539,3000,V,3000,5.16,0.00,1,3176,16388.16
000000000000100540,1000,V,3100,23.26,0.00,1,39,907.14
000000000000100540,2000,V,3100,11.81,0.00,1,3615,42693.15
000000000000100541,2000,V,3100,9.44,0.00,1,2799,26422.56
000000000000100542,2000,V,3100,10.09,0.00,1,128,1291.52
000000000000100543,2000,V,3100,9.00,0.00,1,1591,14319.00
000000000000100544,3000,V,3000,4.26,0.00,1,2136,9099.36
000000000000100545,1000,S,7920,0.00,19.64,1,197,3869.08
000000000000100545,3000,S,7920,0.00,17.67,1,2068,36541.56
000000000000100547,1000,V,3100,15.57,0.00,1,433,6741.81
000000000000100548,3000,S,7900,0.00,22.34,1,327,7305.18
000000000000100549,1000,V,3100,22.60,0.00,1,928,20972.80
000000000000100549,2000,V,3100,12.28,0.00,1,2248,27605.44
000000000000100550,2000,V,3100,6.48,0.00,1,1850,11988.00
000000000000100551,1000,V,3100,20.42,0.00,1,3633,74185.86
000000000000100552,1000,V,3100,0.82,0.00,1,2244,1840.08
000000000000100552,2000,V,3100,3.11,0.00,1,3958,12309.38
000000000000100553,1000,V,3030,5.96,0.00,1,1770,10549.20
000000000000100554,1000,S,7920,0.00,24.21,1,609,14743.89
000000000000100554,3000,S,7920,0.00,12.10,1,2727,32996.70
000000000000100556,1000,V,3100,11.70,0.00,1,3292,38516.40
000000000000100557,3000,V,3000,18.52,0.00,1,5,92.60
000000000000100558,3000,V,3000,13.85,0.00,1,2030,28115.50
000000000000100559,2000,V,3100,7.63,0.00,1,373,2845.99
000000000000100560,1000,V,3030,5.88,0.00,1,2621,15411.48
000000000000100562,2000,V,3030,1.45,0.00,1,133,192.85
000000000000100563,1000,V,3100,20.63,0.00,1,0,0.00
000000000000100563,2000,V,3100,13.14,0.00,1,0,0.00
000000000000100565,1000,V,3100,17.42,0.00,1,3282,57172.44
000000000000100565,2000,V,3100,24.25,0.00,1,3664,88852.00
000000000000100566,1000,V,3100,19.47,0.00,1,3476,67677.72
000000000000100567,1000,S,7920,0.00,18.48,1,259,4786.32
000000000000100567,3000,S,7920,0.00,16.87,1,3933,66349.71
000000000000100568,1000,V,3030,23.39,0.00,1,1814,42429.46
000000000000100568,2000,V,3030,13.96,0.00,1,437,6100.52
000000000000100569,1000,V,3030,0.63,0.00,1,2501,1575.63
000000000000100570,1000,V,3100,7.26,0.00,1,3732,27094.32
000000000000100571,1000,S,3100,4.95,0.00,1,1160,5742.00
000000000000100571,2000,V,3100,17.98,0.00,1,3436,61779.28
000000000000100572,3000,S,7920,0.00,3.47,1,3949,13703.03
000000000000100573,1000,V,3030,16.95,0.00,1,3937,66732.15
000000000000100573,2000,V,3030,13.81,0.00,1,2941,40615.21
000000000000100574,1000,V,3100,2.52,0.00,1,735,1852.20
000000000000100575,1000,V,3100,14.67,0.00,1,906,13291.02
000000000000100575,2000,V,3100,3.08,0.00,1,1831,5639.48
000000000000100576,2000,V,3100,3.15,0.00,1,2686,8460.90
000000000000100577,1000,V,3100,20.42,0.00,1,1438,29363.96
000000000000100578,1000,V,3100,1.95,0.00,1,3442,6711.90
000000000000100578,2000,S,3100,12.27,0.00,1,1051,12895.77
000000000000100579,1000,V,3100,8.91,0.00,1,3459,30819.69
000000000000100579,2000,V,3100,9.85,0.00,1,2581,25422.85
000000000000100580,1000,V,3100,12.01,0.00,1,2027,24344.27
000000000000100580,2000,V,3100,8.68,0.00,1,2638,22897.84
000000000000100581,1000,V,3100,21.57,0.00,1,1505,32462.85
000000000000100583,3000,V,3000,1.22,0.00,1,78,95.16
000000000000100584,2000,V,3100,9.64,0.00,1,208,2005.12
000000000000100585,1000,V,3100,13.25,0.00,1,2625,34781.25
000000000000100586,1000,V,3100,20.81,0.00,1,960,19977.60
000000000000100586,2000,V,3100,8.26,0.00,1,2103,17370.78
000000000000100587,1000,V,3100,12.90,0.00,1,2921,37680.90
000000000000100587,2000,V,3100,9.50,0.00,1,2951,28034.50
000000000000100588,2000,V,3100,9.22,0.00,1,2341,21584.02
000000000000100589,2000,V,3100,10.25,0.00,1,2912,29848.00
000000000000100590,3000,S,7900,0.00,8.59,1,2503,21500.77
000000000000100591,2000,V,3030,21.31,0.00,1,491,10463.21
000000000000100592,2000,V,3100,8.84,0.00,1,1358,12004.72
000000000000100593,1000,V,3100,9.14,0.00,1,2750,25135.00
000000000000100594,3000,V,3000,23.85,0.00,1,692,16504.20
000000000000100595,2000,V,3100,6.55,0.00,1,3792,24837.60
000000000000100596,3000,V,3000,17.46,0.00,1,3889,67901.94
000000000000100597,1000,S,3100,3.53,0.00,1,3910,13802.30
000000000000100597,2000,V,3100,23.60,0.00,1,950,22420.00
000000000000100598,1000,V,3100,1.07,0.00,1,2095,2241.65
000000000000100598,2000,V,3100,8.63,0.00,1,268,2312.84
000000000000100599,1000,V,3100,11.14,0.00,1,410,4567.40
000000000000100600,1000,V,3100,0.31,0.00,1,1481,459.11
000000000000100600,2000,V,3100,3.29,0.00,1,2991,9840.39
000000000000100602,3000,S,7900,0.00,14.79,1,3862,57118.98
000000000000100603,2000,V,3100,24.00,0.00,1,3035,72840.00
000000000000100604,3000,S,7920,0.00,13.64,1,2799,38178.36
000000000000100605,1000,V,3030,21.46,0.00,1,3206,68800.76
000000000000100605,2000,V,3030,23.03,0.00,1,2266,52185.98
000000000000100608,1000,S,7920,0.00,19.76,1,1606,31734.56
000000000000100608,3000,S,7920,0.00,19.19,1,3170,60832.30
000000000000100609,1000,V,3030,18.26,0.00,1,2991,54615.66
000000000000100609,2000,V,3030,8.40,0.00,1,1662,13960.80
000000000000100610,1000,V,3100,9.05,0.00,1,2949,26688.45
000000000000100611,1000,V,3100,23.77,0.00,1,1422,33800.94
000000000000100611,2000,V,3100,0.47,0.00,1,1929,906.63
000000000000100612,1000,V,3100,6.39,0.00,1,3810,24345.90
000000000000100612,2000,V,3100,23.49,0.00,1,339,7963.11
000000000000100614,1000,V,3100,22.68,0.00,1,1842,41776.56
000000000000100614,2000,V,3100,2.03,0.00,1,1369,2779.07
000000000000100615,1000,V,3100,12.08,0.00,1,3804,45952.32
000000000000100617,1000,V,3100,2.55,0.00,1,1259,3210.45
000000000000100618,1000,V,3030,12.90,0.00,1,3662,47239.80
000000000000100619,3000,V,3000,10.46,0.00,1,2877,30093.42
000000000000100620,1000,V,3100,12.49,0.00,1,3319,41454.31
000000000000100621,1000,V,3100,22.46,0.00,1,1409,31646.14
000000000000100622,2000,V,3100,15.38,0.00,1,2397,36865.86
000000000000100623,1000,V,3100,13.19,0.00,1,3888,51282.72
000000000000100624,1000,V,3100,15.55,0.00,1,2527,39294.85
000000000000100625,1000,V,3100,8.76,0.00,1,1680,14716.80
000000000000100626,1000,V,3100,12.62,0.00,1,2438,30767.56
000000000000100626,2000,V,3100,1.76,0.00,1,2007,3532.32
000000000000100627,1000,V,3100,4.71,0.00,1,3954,18623.34
000000000000100627,2000,V,3100,11.01,0.00,1,3221,35463.21
000000000000100628,3000,V,3000,8.48,0.00,1,1105,9370.40
000000000000100629,1000,V,3100,7.22,0.00,1,1180,8519.60
000000000000100630,2000,V,3100,14.04,0.00,1,583,8185.32
000000000000100631,3000,S,7900,0.00,13.08,1,2283,29861.64
000000000000100632,3000,V,3000,1.01,0.00,1,1297,1309.97
000000000000100633,2000,V,3100,1.59,0.00,1,2600,4134.00
000000000000100634,1000,S,7920,0.00,8.98,1,1019,9150.62
000000000000100634,3000,S,7920,0.00,16.74,1,2858,47842.92
000000000000100635,1000,V,3030,2.05,0.00,1,1115,2285.75
000000000000100635,2000,V,3030,13.07,0.00,1,3540,46267.80
000000000000100636,3000,S,7920,0.00,18.64,1,248,4622.72
000000000000100637,2000,V,3030,0.26,0.00,1,2821,733.46
000000000000100638,1000,V,7900,13.97,0.00,1,2170,30314.90
000000000000100639,1000,V,3100,20.65,0.00,1,3028,62528.20
000000000000100640,1000,V,3100,20.01,0.00,1,2428,48584.28
000000000000100640,2000,V,3100,3.10,0.00,1,783,2427.30
000000000000100641,1000,V,3100,8.27,0.00,1,856,7079.12
000000000000100641,2000,V,3100,22.69,0.00,1,1200,27228.00
000000000000100642,3000,V,3000,20.00,0.00,1,1746,34920.00
000000000000100643,2000,V,3030,4.08,0.00,1,2297,9371.76
000000000000100644,3000,S,7900,0.00,20.24,1,2188,44285.12
000000000000100646,1000,V,3100,13.05,0.00,1,131,1709.55
000000000000100646,2000,V,3100,11.31,0.00,1,303,3426.93
000000000000100647,3000,V,3000,1.34,0.00,1,1202,1610.68
000000000000100648,3000,S,7900,0.00,8.27,1,2427,20071.29
000000000000100649,1000,S,7920,0.00,1.70,1,2951,5016.70
000000000000100649,3000,S,7920,0.00,15.69,1,2335,36636.15
000000000000100650,1000,V,3030,0.25,0.00,1,2315,578.75
000000000000100651,1000,V,3100,11.71,0.00,1,144,1686.24
000000000000100651,2000,V,3100,9.74,0.00,1,1805,17580.70
000000000000100652,1000,S,7920,0.00,6.31,1,1859,-2016.00
000000000000100652,3000,S,7920,0.00,10.76,1,1408,15150.08
000000000000100653,1000,V,3100,0.23,0.00,1,3009,692.07
000000000000100653,2000,V,3100,24.00,0.00,1,2723,65352.00
000000000000100654,1000,V,3100,11.09,0.00,0,443,4912.87
000000000000100655,1000,V,3100,5.94,0.00,1,2578,15313.32
000000000000100656,2000,V,3100,3.13,0.00,1,700,2191.00
000000000000100657,1000,V,3100,17.58,0.00,1,1509,26528.22
000000000000100657,2000,V,3100,19.56,0.00,1,2459,48098.04
000000000000100658,2000,V,3100,17.77,0.00,1,3181,56526.37
000000000000100659,1000,V,3030,5.43,0.00,1,746,4050.78
000000000000100660,1000,V,3100,14.33,0.00,1,353,5058.49
000000000000100661,2000,V,3100,4.39,0.00,1,0,0.00
000000000000100662,1000,V,3100,0.70,0.00,1,3894,2725.80
000000000000100662,2000,V,3100,24.31,0.00,1,3942,95830.02
000000000000100663,3000,S,7900,0.00,19.65,1,1064,20907.60
000000000000100664,2000,V,3100,9.08,0.00,1,2045,18568.60
000000000000100665,3000,S,7920,0.00,8.23,1,3087,25406.01
000000000000100666,1000,V,3100,12.02,0.00,1,3631,43644.62
000000000000100666,2000,V,3100,8.94,0.00,1,1479,13222.26
000000000000100667,2000,V,3100,15.59,0.00,1,1456,22699.04
000000000000100668,1000,V,3030,1.89,0.00,1,2504,4732.56
000000000000100669,2000,V,3030,13.55,0.00,1,3454,46801.70
000000000000100670,3000,S,7900,0.00,18.27,1,1007,18397.89
000000000000100671,1000,S,7920,0.00,24.05,1,616,14814.80
000000000000100671,3000,S,7920,0.00,6.40,1,517,3308.80
000000000000100672,3000,V,3000,19.47,0.00,1,3967,77237.49
000000000000100673,1000,V,3030,18.20,0.00,1,3785,68887.00
000000000000100674,1000,V,3100,8.70,0.00,1,936,8143.20
000000000000100674,2000,V,3100,7.88,0.00,1,394,3104.72
000000000000100675,1000,V,3100,24.36,0.00,1,2663,64870.68
000000000000100675,2000,V,3100,19.08,0.00,1,3895,74316.60
000000000000100676,2000,V,3030,1.85,0.00,1,2494,4613.90
000000000000100677,1000,V,3100,3.66,0.00,1,103,376.98
000000000000100677,2000,V,3100,12.75,0.00,1,1510,0.00
000000000000100678,3000,V,3000,11.22,0.00,1,1997,22406.34
000000000000100679,2000,V,3100,8.52,0.00,1,3041,25909.32
000000000000100680,2000,V,3100,11.35,0.00,1,2611,29634.85
000000000000100681,1000,V,3030,23.28,0.00,1,3552,82690.56
000000000000100681,2000,V,3030,17.58,0.00,1,3462,60861.96
000000000000100682,2000,V,3100,3.96,0.00,1,2912,11531.52
000000000000100683,2000,V,3100,4.83,0.00,1,1574,7602.42
000000000000100684,1000,V,3100,21.40,0.00,1,0,0.00
000000000000100684,2000,V,3100,21.21,0.00,1,0,0.00
000000000000100685,2000,V,3100,0.35,0.00,1,3267,1143.45
000000000000100686,1000,V,3100,0.82,0.00,1,1044,856.08
000000000000100686,2000,V,3100,21.59,0.00,1,3012,65029.08
000000000000100687,2000,V,3100,23.05,0.00,1,2336,53844.80
000000000000100688,3000,V,3000,16.78,0.00,1,2607,43745.46
000000000000100689,1000,V,3100,3.36,0.00,1,3611,12132.96
000000000000100690,3000,S,7900,0.00,23.23,1,2486,57749.78
000000000000100691,1000,V,3100,9.80,0.00,1,3244,31791.20
000000000000100691,2000,V,3100,2.21,0.00,1,1435,3171.35
000000000000100692,2000,V,3100,0.00,0.00,1,1430,22308.00
000000000000100693,1000,V,3100,8.14,0.00,1,2065,16809.10
000000000000100693,2000,V,3100,22.71,0.00,1,2605,59159.55
000000000000100694,1000,V,3100,12.18,0.00,1,3754,45723.72
000000000000100695,1000,V,3100,2.60,0.00,1,1918,4986.80
000000000000100695,2000,V,3100,6.58,0.00,1,3222,21200.76
000000000000100696,1000,V,3100,22.09,0.00,1,1594,35211.46
000000000000100696,2000,V,3100,14.43,0.00,1,2747,39639.21
000000000000100697,1000,S,7920,0.00,19.62,1,1887,37022.94
000000000000100697,3000,S,7920,0.00,14.82,1,493,7306.26
000000000000100698,1000,V,3100,7.48,0.00,1,3327,24885.96
000000000000100699,1000,V,3100,12.29,0.00,1,1292,15878.68
000000000000100699,2000,V,3100,17.95,0.00,1,935,16783.25
000000000000100700,1000,V,3100,8.15,0.00,1,2150,17522.50
000000000000100700,2000,V,3100,19.94,0.00,1,507,10109.58
000000000000100701,2000,V,3100,20.72,0.00,1,117,2424.24
000000000000100702,2000,V,3100,23.81,0.00,1,91,2166.71
000000000000100703,2000,V,3100,0.56,0.00,1,2229,1248.24
000000000000100704,1000,V,3100,14.08,0.00,1,3831,53940.48
000000000000100705,1000,V,3100,10.64,0.00,1,2432,25876.48
000000000000100706,1000,V,3100,0.30,0.00,1,620,186.00
000000000000100707,2000,V,3100,21.08,0.00,1,0,0.00
000000000000100708,3000,V,3000,2.81,0.00,1,1368,3844.08
000000000000100709,1000,V,3100,23.82,0.00,1,3957,94255.74
000000000000100709,2000,V,3100,19.18,0.00,1,548,10510.64
000000000000100710,1000,V,3100,12.78,0.00,1,3661,46787.58
000000000000100711,1000,V,3100,0.37,0.00,1,1072,396.64
000000000000100712,1000,V,3100,10.64,0.00,1,0,0.00
000000000000100713,1000,V,3100,5.67,0.00,1,1708,9684.36
000000000000100713,2000,V,3100,6.30,0.00,1,3742,23574.60
000000000000100714,1000,V,3100,9.61,0.00,1,0,0.00
000000000000100714,2000,V,3100,21.72,0.00,1,0,0.00
000000000000100715,2000,V,3100,0.76,0.00,1,3102,2357.52
000000000000100717,3000,S,7920,0.00,1.93,1,2402,4635.86
000000000000100718,2000,V,3100,5.29,0.00,1,912,4824.48
000000000000100720,1000,V,3100,2.50,0.00,1,3119,7797.50
000000000000100720,2000,V,3100,12.64,0.00,1,2531,31991.84
000000000000100721,2000,V,3100,4.95,0.00,1,668,3306.60
000000000000100722,2000,V,3100,8.31,0.00,1,0,0.00
000000000000100723,1000,V,3030,22.58,0.00,1,1034,23347.72
000000000000100725,3000,S,7920,0.00,15.20,1,3320,50464.00
000000000000100726,1000,V,3100,18.89,0.00,1,2523,47659.47
000000000000100726,2000,V,3100,10.64,0.00,1,2557,27206.48
000000000000100727,2000,V,3100,5.03,0.00,1,0,0.00
000000000000100728,1000,V,3100,11.87,0.00,1,3783,44904.21
000000000000100728,2000,V,3100,16.74,0.00,1,688,11517.12
000000000000100729,1000,V,3100,13.48,0.00,1,317,4273.16
000000000000100731,3000,S,7900,0.00,2.61,1,2774,7240.14
000000000000100732,1000,V,3100,23.11,0.00,1,3723,86038.53
000000000000100732,2000,V,3100,6.10,0.00,1,2840,17324.00
000000000000100733,1000,V,3100,18.18,0.00,1,0,0.00
000000000000100734,2000,V,3100,1.99,0.00,1,1562,3108.38
000000000000100735,1000,V,3100,22.48,0.00,1,976,21940.48
000000000000100736,3000,S,7920,0.00,5.58,1,1079,6020.82
000000000000100738,1000,V,3030,16.64,0.00,1,643,10699.52
000000000000100739,1000,V,3100,7.31,0.00,1,1198,8757.38
000000000000100740,3000,V,3000,6.13,0.00,1,2408,14761.04
000000000000100741,2000,V,3030,10.72,0.00,1,2001,21450.72
000000000000100742,1000,V,3100,16.30,0.00,1,3331,54295.30
000000000000100742,2000,V,3100,10.70,0.00,1,834,8923.80
000000000000100744,2000,V,3100,7.77,0.00,1,1555,12082.35
000000000000100745,3000,S,7920,0.00,4.12,1,477,1965.24
000000000000100746,3000,V,3000,4.11,0.00,1,3853,15835.83
000000000000100747,2000,V,3100,1.14,0.00,1,729,831.06
000000000000100749,3000,S,7900,0.00,10.42,1,3818,39783.56
000000000000100750,1000,V,3100,5.14,0.00,1,2865,14726.10
000000000000100750,2000,V,3100,7.65,0.00,1,1780,13617.00
000000000000100751,1000,V,3100,6.76,0.00,1,0,0.00
000000000000100753,2000,V,3100,20.32,0.00,1,108,2194.56
000000000000100755,1000,V,3100,16.26,0.00,1,1754,28520.04
000000000000100756,2000,V,3100,21.51,0.00,1,0,0.00
000000000000100757,1000,V,3100,1.53,0.00,1,2413,3691.89
000000000000100758,1000,V,3100,16.04,0.00,1,681,10923.24
000000000000100759,3000,S,7900,0.00,3.82,1,1713,6543.66
000000000000100760,3000,V,3000,6.06,0.00,1,1993,12077.58
000000000000100761,1000,V,3100,22.09,0.00,1,3743,82682.87
000000000000100761,2000,V,3100,7.41,0.00,1,129,955.89
000000000000100762,1000,V,3100,0.42,0.00,1,359,150.78
000000000000100762,2000,V,3100,10.96,0.00,1,3561,39028.56
000000000000100763,3000,V,3000,2.45,0.00,1,3600,8820.00
000000000000100764,3000,V,3000,8.97,0.00,1,3780,33906.60
000000000000100765,1000,V,3100,18.74,0.00,1,2125,39822.50
000000000000100765,2000,V,3100,14.31,0.00,1,1538,22008.78
000000000000100766,1000,V,3100,10.67,0.00,1,3155,33663.85
000000000000100766,2000,V,3100,7.20,0.00,1,1522,10958.40
000000000000100767,2000,V,3100,16.20,0.00,1,2827,45797.40
000000000000100768,1000,V,3100,5.10,0.00,1,362,1846.20
000000000000100769,1000,V,3100,5.70,0.00,1,866,4936.20
000000000000100769,2000,V,3100,24.42,0.00,1,2606,63638.52
000000000000100770,2000,V,3100,0.33,0.00,1,0,0.00
000000000000100771,1000,V,3100,0.72,0.00,1,174,125.28
000000000000100771,2000,V,3100,14.13,0.00,1,621,8774.73
000000000000100772,2000,V,3100,21.14,0.00,1,2432,51412.48
000000000000100774,2000,V,3030,24.16,0.00,1,3361,81201.76
000000000000100775,2000,V,3100,6.85,0.00,1,2863,19611.55
000000000000100776,1000,V,3100,11.38,0.00,1,1444,16432.72
000000000000100776,2000,V,3100,16.31,0.00,1,3696,60281.76
000000000000100777,2000,V,3100,18.18,0.00,1,763,13871.34
000000000000100778,1000,V,3100,11.24,0.00,1,870,9778.80
000000000000100779,3000,S,7900,0.00,15.98,1,213,3403.74
000000000000100781,3000,S,7920,0.00,20.22,1,3773,76290.06
000000000000100782,2000,V,3100,3.67,0.00,1,1856,6811.52
000000000000100783,2000,V,3100,10.60,0.00,1,3954,41912.40
000000000000100784,1000,V,3100,3.77,0.00,1,3437,12957.49
000000000000100785,3000,V,3000,15.11,0.00,1,3150,47596.50
000000000000100786,2000,V,3100,18.45,0.00,1,1508,27822.60
000000000000100787,3000,V,3000,5.27,0.00,1,1449,7636.23
000000000000100788,1000,V,3100,17.87,0.00,1,0,0.00
000000000000100789,1000,S,7920,0.00,8.86,1,3981,35271.66
000000000000100789,3000,S,7920,0.00,1.08,1,604,652.32
000000000000100790,1000,V,3100,11.44,0.00,1,3545,40554.80
000000000000100791,3000,S,7920,0.00,24.42,1,3822,93333.24
000000000000100792,1000,V,3100,10.76,0.00,1,2350,25286.00
000000000000100792,2000,V,3100,7.68,0.00,1,880,6758.40
000000000000100793,2000,V,3100,7.74,0.00,1,1306,10108.44
000000000000100794,1000,V,3100,10.52,0.00,1,48,504.96
000000000000100795,2000,V,3100,10.83,0.00,1,1574,17046.42
000000000000100796,3000,V,3000,7.31,0.00,1,2100,15351.00
000000000000100797,3000,S,7920,0.00,16.72,1,1991,33289.52
000000000000100798,3000,V,3000,9.23,0.00,1,792,7310.16
000000000000100799,3000,S,7920,0.00,15.14,1,3209,48584.26
000000000000100800,3000,S,7920,0.00,17.96,1,3217,57777.32
000000000000100801,1000,V,3100,4.25,0.00,1,3993,16970.25
000000000000100802,1000,V,3030,3.07,0.00,1,2197,6744.79
000000000000100803,3000,V,7900,17.07,0.00,1,3946,67358.22
000000000000100804,1000,V,3030,18.70,0.00,1,1968,36801.60
000000000000100805,1000,V,3100,12.14,0.00,1,2774,33676.36
000000000000100805,2000,V,3100,5.98,0.00,1,475,2840.50
000000000000100806,2000,V,3100,22.30,0.00,1,3991,88999.30
000000000000100807,3000,S,7900,0.00,21.24,1,2286,48554.64
000000000000100808,3000,V,3000,22.12,0.00,1,374,8272.88
000000000000100809,2000,V,3100,21.48,0.00,1,3724,79991.52
000000000000100810,2000,V,3100,11.91,0.00,1,3316,39493.56
000000000000100811,1000,V,3100,20.58,0.00,1,3599,74067.42
000000000000100812,3000,V,3000,19.63,0.00,1,1291,25342.33
000000000000100813,2000,V,3100,1.18,0.00,1,0,0.00
000000000000100814,1000,V,3100,19.28,0.00,1,2612,50359.36
000000000000100814,2000,V,3100,15.01,0.00,1,3288,49352.88
000000000000100815,2000,V,3100,3.48,0.00,1,1597,5557.56
000000000000100816,1000,V,3100,24.13,0.00,1,2746,66260.98
000000000000100816,2000,V,3100,10.63,0.00,1,2218,23577.34
000000000000100817,1000,V,3100,22.69,0.00,1,2788,63259.72
000000000000100818,3000,V,3000,9.43,0.00,1,3444,32476.92
000000000000100819,1000,V,3100,0.69,0.00,1,2188,1509.72
000000000000100820,3000,V,3000,17.00,0.00,1,258,4386.00
000000000000100821,2000,V,3100,4.00,0.00,1,3185,12740.00
000000000000100822,1000,V,3100,0.75,0.00,1,3060,2295.00
000000000000100822,2000,V,3100,1.22,0.00,1,3424,4177.28
000000000000100823,1000,V,3100,5.28,0.00,1,337,1779.36
000000000000100823,2000,V,7900,13.57,0.00,1,1574,21359.18
000000000000100824,1000,V,3100,16.52,0.00,1,0,0.00
000000000000100824,2000,V,3100,17.20,0.00,1,0,0.00
000000000000100825,1000,V,3100,18.80,0.00,1,2774,52151.20
000000000000100825,2000,V,3100,11.73,0.00,1,3108,36456.84
000000000000100826,1000,V,3030,19.99,0.00,1,3489,69745.11
000000000000100827,2000,V,3030,12.56,0.00,1,3454,43382.24
