MATNR,VKORG,VTWEG,DWERK,VERSG,KONDM,KTGRM,MTPOS,MVGR1,LVORM
000000000000100001,S200,10,3000,1,01,01,NORM,A2,
000000000000100002,S200,10,1000,1,01,03,NORM,B1,
000000000000100003,S300,20,2000,1,01,03,NORM,,
000000000000100004,S100,10,2000,1,01,01,NORM,A1,
000000000000100006,S300,20,1000,1,01,03,NORM,A2,
000000000000100007,S200,20,2000,1,01,03,NORM,A1,
000000000000100008,S100,20,2000,1,01,01,NORM,A1,
000000000000100008,S200,20,2000,1,01,01,NORM,B1,
000000000000100009,S200,20,2000,1,01,01,NORM,B1,
000000000000100013,S300,10,1000,1,01,01,NORM,B1,
000000000000100015,S300,10,2000,1,01,01,NORM,,
000000000000100016,S200,20,2000,1,01,,NORM,A1,
000000000000100017,S100,20,3000,1,01,03,NORM,A1,
000000000000100018,S300,10,1000,1,01,01,NORM,B1,
000000000000100019,S100,20,1000,1,01,03,NORM,A2,
000000000000100019,S300,10,1000,1,01,01,NORM,A1,
000000000000100021,S300,20,1000,1,01,03,NORM,A1,
000000000000100022,S200,10,2000,1,01,01,NORM,B1,
000000000000100023,S300,10,2000,1,01,01,NORM,A1,
000000000000100024,S300,20,1000,1,01,,NORM,A2,
000000000000100025,S100,10,1000,1,01,01,NORM,A2,
000000000000100025,S200,10,1000,1,01,03,NORM,B1,
000000000000100026,S100,10,2000,1,01,01,NORM,,
000000000000100027,S100,20,1000,1,01,01,NORM,A2,
000000000000100027,S200,20,1000,1,01,01,NORM,,
000000000000100028,S100,20,2000,1,01,01,NORM,A2,
000000000000100028,S200,20,2000,1,01,03,NORM,B1,
000000000000100029,S100,20,3000,1,01,01,NORM,,
000000000000100031,S100,10,2000,1,01,03,NORM,,
000000000000100031,S200,20,2000,1,01,01,NORM,,
000000000000100032,S200,10,3000,1,01,03,NORM,A2,
000000000000100034,S300,10,2000,1,01,01,NORM,A2,
000000000000100035,S200,20,2000,1,01,01,NORM,B1,
000000000000100035,S300,10,2000,1,01,01,NORM,B1,
000000000000100036,S100,10,,1,01,03,DIEN,,
000000000000100037,S300,10,,1,01,03,DIEN,,
000000000000100038,S200,20,9999,1,01,01,,,
000000000000100039,S100,20,1000,1,01,03,NORM,B1,
000000000000100040,S100,10,2000,1,01,01,NORM,A1,
000000000000100040,S200,20,2000,1,01,01,NORM,B1,
000000000000100041,S100,10,1000,1,01,03,NORM,A2,
000000000000100041,S200,10,1000,1,01,01,,A2,
000000000000100042,S100,10,,1,01,03,DIEN,,
000000000000100043,S100,20,1000,1,01,01,NORM,A2,
000000000000100044,S200,10,1000,1,01,03,NORM,,
000000000000100045,S100,10,2000,1,01,01,NORM,A2,
000000000000100047,S200,10,1000,1,01,03,NORM,A1,
000000000000100049,S200,20,2000,1,01,01,NORM,B1,
000000000000100049,S300,20,2000,1,01,03,NORM,,
000000000000100050,S100,10,2000,1,01,03,NORM,B1,
000000000000100050,S300,20,2000,1,01,01,NORM,,
000000000000100051,S100,20,2000,1,01,03,NORM,A2,
000000000000100052,S300,10,2000,1,01,01,NORM,A2,
000000000000100053,S200,10,1000,1,01,03,NORM,,
000000000000100053,S300,10,1000,1,01,01,NORM,,
000000000000100054,S200,20,1000,1,01,03,NORM,A2,
000000000000100057,S300,10,1000,1,01,01,NORM,B1,
000000000000100058,S300,10,1000,1,01,01,NORM,A2,
000000000000100059,S300,10,1000,1,01,03,NORM,A2,
000000000000100060,S100,20,1000,1,01,03,NORM,A2,
000000000000100060,S300,10,1000,1,01,03,NORM,B1,
000000000000100061,S200,20,3000,1,01,03,NORM,A1,
000000000000100062,S100,20,3000,1,01,03,NORM,A2,
000000000000100063,S200,10,2000,1,01,01,NORM,,
000000000000100064,S200,10,1000,1,01,01,NORM,B1,
000000000000100065,S100,20,1000,1,01,01,NORM,,
000000000000100067,S100,20,2000,1,01,03,NORM,B1,
000000000000100068,S200,20,2000,1,01,01,NORM,B1,
000000000000100069,S300,20,1000,1,01,01,NORM,A1,
000000000000100070,S100,10,3000,1,01,03,NORM,A1,
000000000000100071,S200,20,2000,1,01,03,NORM,B1,
000000000000100072,S100,20,2000,1,01,01,NORM,A2,
000000000000100074,S200,20,1000,1,01,01,NORM,A2,
000000000000100074,S300,20,1000,1,01,03,NORM,B1,
000000000000100075,S200,20,1000,1,01,03,NORM,B1,
000000000000100075,S300,20,1000,1,01,01,NORM,,
000000000000100076,S100,10,1000,1,01,01,NORM,A2,
000000000000100077,S200,20,2000,1,01,03,NORM,A1,
000000000000100078,S100,20,2000,1,01,01,NORM,,
000000000000100080,S100,20,2000,1,01,03,NORM,A1,
000000000000100081,S100,10,2000,1,01,01,NORM,A2,
000000000000100083,S300,10,1000,1,01,03,NORM,B1,
000000000000100084,S300,20,1000,1,01,01,NORM,A1,
000000000000100085,S100,20,2000,1,01,01,NORM,A1,
000000000000100085,S300,10,2000,1,01,01,NORM,B1,
000000000000100086,S200,20,2000,1,01,01,NORM,B1,
000000000000100086,S300,20,2000,1,01,01,NORM,A1,
000000000000100087,S200,10,1000,1,01,01,NORM,,
000000000000100087,S300,20,1000,1,01,03,NORM,,
000000000000100089,S100,20,2000,1,01,01,NORM,,
000000000000100089,S200,10,2000,1,01,03,NORM,B1,
000000000000100090,S200,20,2000,1,01,01,NORM,B1,
000000000000100090,S300,20,2000,1,01,01,NORM,,
000000000000100091,S100,10,2000,1,01,01,NORM,A2,
000000000000100092,S100,10,1000,1,01,03,NORM,,
000000000000100092,S200,20,1000,1,01,03,NORM,B1,
000000000000100093,S300,10,2000,1,01,01,NORM,B1,
000000000000100096,S300,20,2000,1,01,01,NORM,A1,
000000000000100097,S100,20,1000,1,01,01,NORM,B1,
000000000000100098,S100,10,2000,1,01,03,NORM,A2,
000000000000100099,S100,10,1000,1,01,03,NORM,A1,
000000000000100100,S200,20,2000,1,01,01,NORM,,
000000000000100102,S100,20,1000,1,01,01,NORM,B1,
000000000000100104,S200,10,2000,1,01,01,NORM,A1,
000000000000100105,S100,20,3000,1,01,03,NORM,,
000000000000100107,S100,20,1000,1,01,03,NORM,B1,
000000000000100109,S100,20,1000,1,01,03,NORM,A2,
000000000000100109,S200,20,1000,1,01,01,NORM,B1,
000000000000100111,S100,20,2000,1,01,01,NORM,,
000000000000100111,S200,20,2000,1,01,01,NORM,A2,
000000000000100112,S300,20,2000,1,01,01,NORM,A1,
000000000000100113,S100,10,1000,1,01,01,NORM,A1,
000000000000100114,S100,10,9999,1,01,03,NORM,A2,
000000000000100114,S300,20,9999,1,01,03,NORM,,
000000000000100115,S300,20,1000,1,01,03,NORM,A2,
000000000000100117,S200,20,1000,1,01,03,NORM,A2,
000000000000100117,S300,20,1000,1,01,01,NORM,A1,
000000000000100118,S300,20,2000,1,01,01,NORM,A2,
000000000000100119,S100,10,1000,1,01,03,NORM,A2,
000000000000100120,S100,10,2000,1,01,03,NORM,B1,
000000000000100121,S100,20,1000,1,01,01,NORM,A2,
000000000000100122,S100,20,2000,1,01,03,NORM,,
000000000000100123,S100,20,2000,1,01,03,NORM,A2,
000000000000100123,S200,10,2000,1,01,01,NORM,,
000000000000100124,S100,10,1000,1,01,01,NORM,B1,
000000000000100124,S300,20,1000,1,01,01,NORM,B1,
000000000000100125,S200,20,1000,1,01,01,NORM,,
000000000000100125,S300,10,1000,1,01,01,NORM,A2,
000000000000100127,S300,20,9999,1,01,03,NORM,,
000000000000100129,S100,20,1000,1,01,03,NORM,A1,
000000000000100129,S300,20,1000,1,01,03,NORM,A2,
000000000000100132,S300,10,2000,1,01,01,NORM,A1,
000000000000100133,S200,10,2000,1,01,01,NORM,A1,
000000000000100133,S300,10,2000,1,01,01,NORM,B1,
000000000000100134,S100,20,2000,1,01,01,NORM,B1,
000000000000100134,S200,10,2000,1,01,03,NORM,A2,
000000000000100135,S100,20,2000,1,01,01,NORM,A2,
000000000000100135,S200,20,2000,1,01,03,NORM,A1,
000000000000100138,S200,20,1000,1,01,01,NORM,A1,
000000000000100139,S300,20,2000,1,01,01,NORM,A2,
000000000000100141,S100,20,1000,1,01,03,NORM,A1,
000000000000100142,S200,20,1000,1,01,01,NORM,B1,
000000000000100143,S300,10,3000,1,01,03,NORM,A2,
000000000000100146,S100,10,1000,1,01,01,NORM,B1,
000000000000100146,S200,10,1000,1,01,01,NORM,B1,
000000000000100147,S300,10,1000,1,01,03,NORM,A1,
000000000000100149,S300,20,1000,1,01,03,NORM,,
000000000000100150,S200,10,2000,1,01,01,NORM,A1,
000000000000100151,S200,10,1000,1,01,01,NORM,,
000000000000100152,S200,10,3000,1,01,03,NORM,B1,
000000000000100153,S100,10,2000,1,01,03,NORM,,
000000000000100153,S200,10,2000,1,01,01,NORM,A1,
000000000000100154,S300,20,1000,1,01,01,NORM,B1,
000000000000100155,S300,10,1000,1,01,03,NORM,A1,
000000000000100156,S300,10,,1,01,03,DIEN,,
000000000000100157,S100,20,3000,1,01,01,NORM,A1,
000000000000100157,S200,20,3000,1,01,01,NORM,A1,
000000000000100159,S100,20,2000,1,01,01,NORM,,
000000000000100160,S200,20,2000,1,01,01,NORM,A2,
000000000000100162,S300,10,1000,1,01,01,NORM,A1,
000000000000100163,S300,10,2000,1,01,03,NORM,A2,
000000000000100165,S100,10,2000,1,01,01,NORM,B1,
000000000000100165,S200,20,2000,1,01,03,NORM,B1,
000000000000100166,S100,20,2000,1,01,03,NORM,B1,
000000000000100166,S200,20,2000,1,01,03,NORM,,
000000000000100167,S100,10,2000,1,01,03,NORM,B1,
000000000000100168,S200,10,,1,01,03,DIEN,,
000000000000100169,S200,20,1000,1,01,03,NORM,,
000000000000100170,S100,20,1000,1,01,03,NORM,A1,
000000000000100171,S300,20,2000,1,01,03,NORM,B1,
000000000000100173,S300,10,2000,1,01,03,NORM,A1,
000000000000100174,S100,20,1000,1,01,01,NORM,,
000000000000100175,S300,20,1000,1,01,03,NORM,,
000000000000100176,S100,10,2000,1,01,03,NORM,,
000000000000100176,S300,20,2000,1,01,01,NORM,A2,
000000000000100177,S100,20,1000,1,01,03,NORM,,
000000000000100178,S300,20,2000,1,01,01,NORM,A2,
000000000000100179,S100,20,1000,1,01,03,NORM,,
000000000000100179,S200,20,1000,1,01,01,NORM,,
000000000000100180,S100,10,1000,1,01,03,NORM,A1,
000000000000100181,S300,10,2000,1,01,03,NORM,A1,
000000000000100182,S300,10,,1,01,03,DIEN,,
000000000000100183,S100,20,1000,1,01,01,NORM,B1,
000000000000100184,S200,10,2000,1,01,03,NORM,A2,
000000000000100185,S100,20,2000,1,01,01,NORM,,
000000000000100188,S200,10,1000,1,01,01,NORM,B1,
000000000000100190,S100,10,2000,1,01,03,NORM,A2,
000000000000100190,S200,20,2000,1,01,03,NORM,A1,
000000000000100191,S300,10,,1,01,03,DIEN,,
000000000000100192,S100,20,2000,1,01,03,NORM,A1,
000000000000100193,S100,20,1000,1,01,03,NORM,,
000000000000100193,S200,10,1000,1,01,03,NORM,B1,
000000000000100194,S300,10,1000,1,01,01,NORM,A1,
000000000000100195,S200,10,3000,1,01,01,NORM,A2,
000000000000100195,S300,10,3000,1,01,03,NORM,A2,
000000000000100196,S100,10,1000,1,01,01,NORM,,
000000000000100197,S300,10,1000,1,01,03,NORM,A1,
000000000000100198,S100,10,,1,01,03,DIEN,,
000000000000100200,S300,10,9999,1,01,03,NORM,,
000000000000100201,S100,10,1000,1,01,01,NORM,A2,
000000000000100201,S200,10,1000,1,01,01,NORM,A2,
000000000000100202,S200,10,2000,1,01,03,NORM,A2,
000000000000100203,S300,10,2000,1,01,03,NORM,A1,
000000000000100206,S100,10,1000,1,01,03,NORM,B1,
000000000000100208,S200,20,1000,1,01,03,NORM,A1,
000000000000100209,S300,10,2000,1,01,03,NORM,B1,
000000000000100210,S200,10,1000,1,01,01,NORM,A1,
000000000000100211,S200,20,2000,1,01,01,NORM,B1,
000000000000100211,S300,20,2000,1,01,01,NORM,A1,
000000000000100212,S200,10,2000,1,01,03,NORM,A2,
000000000000100215,S100,20,2000,1,01,01,NORM,A2,
000000000000100217,S200,10,1000,1,01,01,NORM,A2,
000000000000100217,S300,20,1000,1,01,03,NORM,,
000000000000100218,S200,20,3000,1,01,,NORM,,
000000000000100219,S200,20,1000,1,01,01,NORM,,
000000000000100220,S100,10,2000,1,01,01,NORM,A1,
000000000000100220,S300,20,2000,1,01,01,NORM,A1,
000000000000100221,S300,20,9999,1,01,03,NORM,B1,
000000000000100222,S300,20,1000,1,01,01,NORM,B1,
000000000000100223,S200,10,2000,1,01,03,NORM,,
000000000000100223,S300,10,2000,1,01,03,NORM,A1,
000000000000100224,S200,20,1000,1,01,01,NORM,B1,
000000000000100225,S300,20,1000,1,01,03,NORM,A1,
000000000000100226,S100,20,2000,1,01,03,NORM,,
000000000000100227,S100,20,1000,1,01,01,NORM,A2,
000000000000100227,S300,20,1000,1,01,03,NORM,A2,
000000000000100228,S100,20,1000,1,01,01,NORM,,
000000000000100233,S200,20,2000,1,01,01,NORM,A1,
000000000000100233,S300,10,2000,1,01,01,NORM,A1,
000000000000100234,S100,10,2000,1,01,03,NORM,A1,
000000000000100234,S200,20,2000,1,01,01,NORM,,
000000000000100235,S100,10,1000,1,01,03,NORM,A1,
000000000000100235,S200,10,1000,1,01,03,NORM,,
000000000000100236,S300,20,2000,1,01,01,NORM,A1,
000000000000100237,S100,10,2000,1,01,01,NORM,B1,
000000000000100237,S200,20,2000,1,01,01,NORM,A2,
000000000000100238,S300,20,2000,1,01,01,NORM,A1,
000000000000100239,S300,20,2000,1,01,01,NORM,A1,
000000000000100242,S300,10,9999,1,01,03,NORM,B1,
000000000000100243,S300,20,1000,1,01,03,NORM,,
000000000000100244,S200,20,1000,1,01,01,NORM,A2,
000000000000100245,S200,10,3000,1,01,03,NORM,A2,
000000000000100245,S300,10,3000,1,01,01,NORM,A1,
000000000000100246,S100,10,3000,1,01,01,NORM,B1,
000000000000100246,S300,10,3000,1,01,03,NORM,A1,
000000000000100248,S100,20,2000,1,01,01,NORM,,
000000000000100249,S300,20,1000,1,01,01,NORM,,
000000000000100250,S200,20,1000,1,01,03,,A2,
000000000000100250,S300,20,1000,1,01,03,NORM,B1,
000000000000100251,S100,10,,1,01,03,DIEN,,
000000000000100252,S300,20,1000,1,01,01,NORM,,
000000000000100253,S100,20,2000,1,01,01,NORM,B1,
000000000000100254,S300,20,2000,1,01,01,NORM,B1,
000000000000100255,S200,10,1000,1,01,03,NORM,A2,
000000000000100257,S100,10,2000,1,01,01,NORM,B1,
000000000000100257,S300,20,2000,1,01,03,NORM,B1,
000000000000100258,S300,10,3000,1,01,03,NORM,A1,
000000000000100259,S100,10,2000,1,01,03,NORM,A2,
000000000000100260,S200,20,1000,1,01,03,NORM,,
000000000000100261,S300,20,2000,1,01,03,NORM,B1,
000000000000100262,S100,10,1000,1,01,03,NORM,A2,
000000000000100262,S200,10,1000,1,01,03,NORM,A2,
000000000000100263,S100,20,2000,1,01,01,NORM,B1,
000000000000100263,S300,20,2000,1,01,01,NORM,A2,
000000000000100264,S100,10,,1,01,03,DIEN,,
000000000000100265,S100,20,2000,1,01,03,NORM,A2,
000000000000100265,S200,20,2000,1,01,01,NORM,,
000000000000100266,S100,10,2000,1,01,01,NORM,A2,
000000000000100266,S200,20,2000,1,01,,NORM,,
000000000000100268,S300,20,1000,1,01,03,NORM,B1,
000000000000100270,S100,10,1000,1,01,01,NORM,A2,
000000000000100270,S200,20,1000,1,01,01,NORM,B1,
000000000000100271,S100,10,1000,1,01,03,NORM,A1,
000000000000100271,S200,20,1000,1,01,01,NORM,A1,
000000000000100273,S200,10,2000,1,01,01,NORM,,
000000000000100273,S300,10,2000,1,01,03,NORM,B1,
000000000000100275,S300,20,1000,1,01,03,NORM,A1,
000000000000100276,S100,10,2000,1,01,01,NORM,A1,
000000000000100276,S200,10,2000,1,01,01,NORM,A2,
000000000000100277,S200,20,1000,1,01,01,NORM,A2,
000000000000100277,S300,10,1000,1,01,01,NORM,A1,
000000000000100278,S300,10,2000,1,01,03,NORM,,
000000000000100279,S300,20,2000,1,01,01,NORM,A1,
000000000000100280,S300,10,1000,1,01,,NORM,,
000000000000100284,S100,10,2000,1,01,01,NORM,,
000000000000100284,S200,20,2000,1,01,01,NORM,,
000000000000100285,S300,20,2000,1,01,01,NORM,A1,
000000000000100286,S100,20,2000,1,01,01,NORM,A2,
000000000000100288,S100,10,2000,1,01,01,NORM,A2,
000000000000100288,S200,10,2000,1,01,01,NORM,B1,
000000000000100289,S100,10,1000,1,01,01,NORM,A1,
000000000000100290,S200,10,2000,1,01,01,NORM,B1,
000000000000100291,S200,10,3000,1,01,03,NORM,A1,
000000000000100293,S200,20,2000,1,01,01,NORM,A1,
000000000000100294,S100,10,1000,1,01,01,NORM,A1,
000000000000100294,S300,10,1000,1,01,01,NORM,,
000000000000100295,S100,10,1000,1,01,03,NORM,,
000000000000100295,S300,20,1000,1,01,03,NORM,,
000000000000100296,S100,20,2000,1,01,01,NORM,,
000000000000100296,S200,10,2000,1,01,03,NORM,,
000000000000100297,S100,20,1000,1,01,01,NORM,A2,
000000000000100298,S100,20,2000,1,01,03,NORM,,
000000000000100298,S200,10,2000,1,01,03,NORM,A2,
000000000000100299,S100,20,1000,1,01,03,NORM,,
000000000000100300,S100,10,1000,1,01,01,NORM,A1,
000000000000100301,S100,10,2000,1,01,03,NORM,,
000000000000100302,S200,20,2000,1,01,01,NORM,A1,
000000000000100303,S100,20,1000,1,01,01,NORM,A2,
000000000000100304,S100,20,1000,1,01,01,NORM,A1,
000000000000100307,S200,10,2000,1,01,03,NORM,,
000000000000100308,S100,10,,1,01,03,DIEN,,
000000000000100309,S100,20,2000,1,01,03,NORM,A2,
000000000000100310,S100,20,2000,1,01,01,NORM,B1,
000000000000100310,S200,10,2000,1,01,01,NORM,A2,
000000000000100311,S100,10,2000,1,01,01,NORM,B1,
000000000000100312,S100,20,2000,1,01,,NORM,,
000000000000100312,S300,10,2000,1,01,03,NORM,B1,
000000000000100313,S300,20,2000,1,01,03,NORM,A2,
000000000000100314,S200,10,2000,1,01,01,NORM,B1,
000000000000100315,S100,10,2000,1,01,01,NORM,A2,
000000000000100316,S100,20,2000,1,01,03,NORM,A2,
000000000000100316,S300,10,2000,1,01,01,NORM,,
000000000000100318,S200,20,2000,1,01,01,NORM,A1,
000000000000100319,S100,10,,1,01,03,DIEN,,
000000000000100321,S200,10,2000,1,01,01,NORM,A1,
000000000000100322,S100,10,2000,1,01,01,NORM,B1,
000000000000100323,S100,10,3000,1,01,03,NORM,B1,
000000000000100323,S200,10,3000,1,01,03,NORM,A1,
000000000000100324,S100,10,1000,1,01,03,NORM,A1,
000000000000100324,S300,10,1000,1,01,03,NORM,B1,
000000000000100325,S200,10,1000,1,01,01,NORM,A2,
000000000000100325,S300,10,1000,1,01,03,NORM,B1,
000000000000100326,S100,10,1000,1,01,01,NORM,B1,
000000000000100326,S200,10,1000,1,01,03,NORM,A2,
000000000000100327,S300,20,2000,1,01,03,NORM,A2,
000000000000100328,S100,20,2000,1,01,01,NORM,A2,
000000000000100328,S200,10,2000,1,01,03,NORM,A1,
000000000000100329,S100,10,1000,1,01,01,NORM,A1,
000000000000100330,S300,20,2000,1,01,,NORM,A1,
000000000000100331,S200,20,1000,1,01,01,NORM,B1,
000000000000100332,S300,10,3000,1,01,03,NORM,,
000000000000100333,S200,20,1000,1,01,03,NORM,A2,
000000000000100334,S200,10,1000,1,01,03,NORM,,
000000000000100335,S300,20,1000,1,01,03,NORM,A2,
000000000000100337,S100,10,2000,1,01,01,NORM,A1,
000000000000100337,S300,10,2000,1,01,01,NORM,,
000000000000100338,S200,10,2000,1,01,01,NORM,,
000000000000100339,S100,20,2000,1,01,01,NORM,,
000000000000100339,S300,20,2000,1,01,03,NORM,A2,
000000000000100340,S200,10,2000,1,01,01,NORM,,
000000000000100340,S300,10,2000,1,01,03,NORM,A2,
000000000000100341,S100,10,1000,1,01,03,NORM,,
000000000000100347,S200,10,2000,1,01,01,NORM,A2,
000000000000100348,S100,20,1000,1,01,03,NORM,B1,
000000000000100348,S200,20,1000,1,01,03,NORM,A1,
000000000000100349,S300,10,2000,1,01,03,NORM,A2,
000000000000100350,S100,20,2000,1,01,01,NORM,B1,
000000000000100350,S200,10,2000,1,01,01,NORM,B1,
000000000000100352,S200,10,1000,1,01,03,NORM,B1,
000000000000100353,S200,20,1000,1,01,03,NORM,A1,
000000000000100355,S100,10,1000,1,01,03,NORM,A1,
000000000000100355,S300,20,1000,1,01,01,NORM,,
000000000000100356,S300,10,2000,1,01,01,NORM,A1,
000000000000100357,S100,20,1000,1,01,01,NORM,B1,
000000000000100358,S100,10,1000,1,01,03,NORM,A1,
000000000000100359,S100,20,1000,1,01,01,NORM,A1,
000000000000100359,S300,20,1000,1,01,01,NORM,B1,
000000000000100360,S100,10,2000,1,01,03,NORM,B1,
000000000000100361,S300,10,2000,1,01,03,NORM,B1,
000000000000100362,S100,20,2000,1,01,01,NORM,A1,
000000000000100363,S100,10,1000,1,01,03,NORM,,
000000000000100365,S100,10,2000,1,01,03,NORM,A2,
000000000000100367,S200,10,2000,1,01,01,NORM,A2,
000000000000100367,S300,20,2000,1,01,01,NORM,A1,
000000000000100368,S200,10,1000,1,01,03,NORM,B1,
000000000000100370,S200,10,2000,1,01,01,NORM,A1,
000000000000100371,S300,20,2000,1,01,01,NORM,,
000000000000100373,S100,10,2000,1,01,03,NORM,,
000000000000100373,S200,10,2000,1,01,03,NORM,A2,
000000000000100375,S200,20,1000,1,01,01,NORM,B1,
000000000000100375,S300,10,1000,1,01,01,NORM,A2,
000000000000100377,S100,20,2000,1,01,03,NORM,,
000000000000100377,S200,20,2000,1,01,01,NORM,,
000000000000100378,S100,10,,1,01,03,DIEN,,
000000000000100379,S200,20,1000,1,01,03,NORM,A2,
000000000000100380,S200,10,2000,1,01,01,NORM,A1,
000000000000100380,S300,10,2000,1,01,03,NORM,,
000000000000100381,S300,20,2000,1,01,01,NORM,A2,
000000000000100383,S200,20,1000,1,01,03,NORM,A2,
000000000000100383,S300,10,1000,1,01,03,NORM,B1,
000000000000100384,S300,20,2000,1,01,03,NORM,A2,
000000000000100385,S200,10,1000,1,01,03,NORM,A1,
000000000000100386,S200,20,2000,1,01,03,NORM,A1,
000000000000100386,S300,20,2000,1,01,01,NORM,B1,
000000000000100387,S300,10,3000,1,01,01,NORM,B1,
000000000000100388,S100,20,2000,1,01,03,NORM,A2,
000000000000100388,S200,10,2000,1,01,01,NORM,A2,
000000000000100390,S300,20,2000,1,01,03,NORM,A1,
000000000000100391,S200,20,2000,1,01,03,NORM,A2,
000000000000100391,S300,20,2000,1,01,01,NORM,A1,
000000000000100393,S200,20,1000,1,01,03,NORM,B1,
000000000000100394,S200,10,3000,1,01,01,NORM,A1,
000000000000100395,S100,10,2000,1,01,01,NORM,B1,
000000000000100395,S300,10,2000,1,01,03,NORM,,
000000000000100396,S300,20,1000,1,01,01,NORM,A1,
000000000000100397,S300,10,,1,01,03,DIEN,,
000000000000100398,S200,20,1000,1,01,03,NORM,,
000000000000100398,S300,20,1000,1,01,03,NORM,B1,
000000000000100402,S300,10,1000,1,01,01,NORM,,
000000000000100403,S200,20,1000,1,01,03,NORM,A2,
000000000000100404,S100,10,2000,1,01,03,NORM,B1,
000000000000100405,S200,10,2000,1,01,01,NORM,,
000000000000100407,S100,20,1000,1,01,01,NORM,,
000000000000100407,S200,20,1000,1,01,03,NORM,A2,
000000000000100409,S100,10,1000,1,01,03,NORM,,
000000000000100410,S200,10,,1,01,03,DIEN,,
000000000000100411,S200,10,1000,1,01,01,NORM,A1,
000000000000100412,S100,20,2000,1,01,03,NORM,B1,
000000000000100413,S100,10,9999,1,01,03,NORM,,
000000000000100413,S200,10,9999,1,01,01,NORM,A2,
000000000000100414,S200,10,2000,1,01,01,NORM,B1,
000000000000100415,S100,10,2000,1,01,03,NORM,,
000000000000100415,S200,20,2000,1,01,03,NORM,,
000000000000100416,S100,20,1000,1,01,03,NORM,A1,
000000000000100417,S100,20,2000,1,01,01,NORM,B1,
000000000000100417,S200,20,2000,1,01,01,NORM,,
000000000000100418,S200,10,1000,1,01,01,NORM,,
000000000000100418,S300,10,1000,1,01,03,NORM,,
000000000000100419,S300,10,,1,01,03,DIEN,,
000000000000100420,S100,20,1000,1,01,03,NORM,A1,
000000000000100420,S300,20,1000,1,01,01,NORM,,
000000000000100421,S100,10,1000,1,01,01,NORM,B1,
000000000000100421,S200,10,1000,1,01,03,NORM,,
000000000000100422,S300,20,1000,1,01,03,NORM,A1,
000000000000100423,S100,10,2000,1,01,03,NORM,A2,
000000000000100424,S200,10,2000,1,01,03,NORM,,
000000000000100424,S300,10,2000,1,01,03,NORM,B1,
000000000000100426,S100,20,1000,1,01,01,NORM,,
000000000000100427,S200,10,2000,1,01,03,NORM,A2,
000000000000100428,S100,20,1000,1,01,01,NORM,A1,
000000000000100428,S300,10,1000,1,01,03,NORM,,
000000000000100430,S300,20,2000,1,01,03,NORM,,
000000000000100432,S200,10,2000,1,01,01,NORM,A1,
000000000000100433,S100,20,1000,1,01,03,NORM,A2,
000000000000100434,S100,10,1000,1,01,01,NORM,,
000000000000100434,S200,20,1000,1,01,01,NORM,A1,
000000000000100437,S200,10,1000,1,01,01,NORM,B1,
000000000000100438,S300,10,1000,1,01,03,NORM,A2,
000000000000100439,S100,10,2000,1,01,03,NORM,A1,
000000000000100440,S100,20,2000,1,01,03,NORM,,
000000000000100442,S300,10,1000,1,01,01,NORM,A1,
000000000000100443,S300,20,2000,1,01,01,NORM,A2,
000000000000100444,S100,20,1000,1,01,01,NORM,A1,
000000000000100444,S300,10,1000,1,01,01,NORM,A2,
000000000000100445,S100,20,2000,1,01,03,NORM,,
000000000000100445,S200,20,2000,1,01,03,NORM,A1,
000000000000100446,S100,10,1000,1,01,03,NORM,A2,
000000000000100447,S200,10,2000,1,01,03,NORM,B1,
000000000000100448,S100,20,1000,1,01,01,NORM,A2,
000000000000100450,S200,20,2000,1,01,01,NORM,A1,
000000000000100451,S100,10,,1,01,03,DIEN,,
000000000000100453,S200,10,2000,1,01,01,NORM,A1,
000000000000100454,S100,20,1000,1,01,03,NORM,,
000000000000100455,S100,10,2000,1,01,03,NORM,A1,
000000000000100455,S300,10,2000,1,01,03,NORM,B1,
000000000000100456,S100,10,1000,1,01,03,NORM,B1,
000000000000100456,S200,20,1000,1,01,01,NORM,,
000000000000100457,S200,20,2000,1,01,03,NORM,B1,
000000000000100458,S200,10,1000,1,01,01,NORM,B1,
000000000000100459,S100,10,2000,1,01,01,NORM,A1,
000000000000100459,S300,20,2000,1,01,01,NORM,,
000000000000100461,S300,20,2000,1,01,01,NORM,,
000000000000100462,S200,10,,1,01,03,DIEN,,
000000000000100463,S300,10,1000,1,01,03,NORM,A2,
000000000000100464,S100,10,1000,1,01,01,NORM,B1,
000000000000100464,S200,20,1000,1,01,01,NORM,,
000000000000100465,S200,20,2000,1,01,01,NORM,,
000000000000100468,S300,20,2000,1,01,01,NORM,B1,
000000000000100469,S100,20,2000,1,01,03,NORM,A1,
000000000000100469,S200,20,2000,1,01,03,NORM,,
000000000000100471,S100,20,2000,1,01,01,NORM,A2,
000000000000100471,S200,10,2000,1,01,01,NORM,A1,
000000000000100473,S200,10,2000,1,01,01,NORM,A1,
000000000000100474,S200,10,2000,1,01,01,NORM,A2,
000000000000100475,S200,10,2000,1,01,01,NORM,,
000000000000100475,S300,10,2000,1,01,01,NORM,B1,
000000000000100476,S100,10,1000,1,01,03,NORM,A2,
000000000000100478,S100,10,3000,1,01,01,NORM,B1,
000000000000100479,S100,10,1000,1,01,01,NORM,A1,
000000000000100480,S100,10,1000,1,01,01,NORM,B1,
000000000000100480,S200,10,1000,1,01,03,NORM,A2,
000000000000100481,S300,20,2000,1,01,01,NORM,A2,
000000000000100482,S100,20,1000,1,01,03,NORM,A1,
000000000000100482,S200,20,1000,1,01,03,NORM,A2,
000000000000100483,S200,20,2000,1,01,01,NORM,B1,
000000000000100484,S200,10,1000,1,01,03,NORM,A2,
000000000000100487,S100,10,1000,1,01,,NORM,A2,
000000000000100489,S100,10,,1,01,03,DIEN,,
000000000000100490,S100,20,1000,1,01,01,NORM,A2,
000000000000100490,S200,10,1000,1,01,03,NORM,A1,
000000000000100491,S100,20,2000,1,01,03,NORM,A1,
000000000000100491,S300,20,2000,1,01,01,NORM,A1,
000000000000100493,S200,20,3000,1,01,03,NORM,B1,
000000000000100493,S300,10,3000,1,01,01,NORM,A2,
000000000000100494,S200,20,2000,1,01,01,NORM,A2,
000000000000100495,S300,10,2000,1,01,01,NORM,B1,
000000000000100496,S200,20,3000,1,01,03,NORM,,
000000000000100499,S300,20,1000,1,01,03,NORM,,
000000000000100502,S100,10,,1,01,03,DIEN,,
000000000000100503,S200,10,3000,1,01,,NORM,A1,
000000000000100503,S300,20,3000,1,01,01,NORM,,
000000000000100504,S200,10,1000,1,01,03,NORM,A2,
000000000000100505,S300,10,3000,1,01,03,NORM,A2,
000000000000100506,S100,10,1000,1,01,01,NORM,B1,
000000000000100508,S100,20,1000,1,01,03,NORM,B1,
000000000000100509,S200,20,2000,1,01,01,NORM,,
000000000000100509,S300,10,2000,1,01,01,NORM,,
000000000000100510,S200,20,1000,1,01,03,NORM,A1,
000000000000100511,S100,20,2000,1,01,01,NORM,B1,
000000000000100512,S100,10,1000,1,01,03,NORM,A2,
000000000000100513,S200,20,2000,1,01,03,NORM,B1,
000000000000100514,S100,20,1000,1,01,03,NORM,A1,
000000000000100515,S100,20,1000,1,01,01,NORM,,
000000000000100516,S200,20,1000,1,01,03,NORM,A1,
000000000000100517,S300,10,1000,1,01,01,NORM,A2,
000000000000100518,S200,20,2000,1,01,03,NORM,,
000000000000100518,S300,20,2000,1,01,03,NORM,A2,
000000000000100519,S200,20,1000,1,01,01,NORM,,
000000000000100519,S300,20,1000,1,01,01,NORM,A1,
000000000000100520,S200,10,2000,1,01,03,NORM,B1,
000000000000100521,S300,20,2000,1,01,03,NORM,A1,
000000000000100522,S200,10,3000,1,01,03,NORM,B1,
000000000000100522,S300,20,3000,1,01,03,NORM,A2,
000000000000100524,S100,20,2000,1,01,03,NORM,B1,
000000000000100528,S100,20,2000,1,01,03,NORM,B1,
000000000000100530,S200,20,2000,1,01,03,NORM,A2,
000000000000100531,S300,10,2000,1,01,01,NORM,B1,
000000000000100532,S300,10,1000,1,01,03,NORM,B1,
000000000000100534,S100,10,2000,1,01,03,NORM,,
000000000000100534,S200,10,2000,1,01,01,NORM,B1,
000000000000100535,S200,10,,1,01,03,DIEN,,
000000000000100536,S100,10,3000,1,01,01,NORM,A1,
000000000000100537,S100,20,2000,1,01,03,NORM,B1,
000000000000100537,S300,20,2000,1,01,03,NORM,B1,
000000000000100538,S100,20,2000,1,01,01,NORM,B1,
000000000000100538,S200,10,2000,1,01,03,NORM,A1,
000000000000100540,S100,10,1000,1,01,01,NORM,B1,
000000000000100540,S200,20,1000,1,01,01,NORM,,
000000000000100541,S100,10,2000,1,01,03,NORM,,
000000000000100541,S300,10,2000,1,01,03,NORM,B1,
000000000000100542,S200,20,2000,1,01,01,NORM,,
000000000000100542,S300,20,2000,1,01,03,NORM,,
000000000000100543,S100,10,2000,1,01,01,NORM,,
000000000000100545,S200,10,3000,1,01,03,NORM,A2,
000000000000100546,S200,10,,1,01,03,DIEN,,
000000000000100547,S200,10,1000,1,01,03,NORM,B1,
000000000000100549,S200,20,1000,1,01,03,NORM,,
000000000000100549,S300,10,1000,1,01,01,NORM,B1,
000000000000100550,S100,20,2000,1,01,03,NORM,A1,
000000000000100550,S300,20,2000,1,01,01,NORM,A2,
000000000000100551,S200,10,1000,1,01,03,NORM,A1,
000000000000100551,S300,20,1000,1,01,01,NORM,,
000000000000100552,S100,20,1000,1,01,01,NORM,A2,
000000000000100554,S100,20,3000,1,01,03,NORM,B1,
000000000000100555,S300,10,2000,1,01,01,NORM,A1,
000000000000100556,S200,10,1000,1,01,01,NORM,A1,
000000000000100559,S300,20,2000,1,01,03,NORM,B1,
000000000000100561,S200,10,,1,01,03,DIEN,,
000000000000100563,S300,10,2000,1,01,01,NORM,,
000000000000100564,S200,10,,1,01,03,DIEN,,
000000000000100565,S100,20,1000,1,01,01,NORM,,
000000000000100565,S200,10,1000,1,01,03,NORM,B1,
000000000000100566,S100,10,1000,1,01,03,NORM,A1,
000000000000100567,S200,20,9999,1,01,01,NORM,A2,
000000000000100570,S200,20,1000,1,01,03,NORM,A1,
000000000000100570,S300,10,1000,1,01,03,NORM,A2,
000000000000100571,S200,20,2000,1,01,01,NORM,A1,
000000000000100571,S300,10,2000,1,01,01,NORM,B1,
000000000000100572,S300,20,3000,1,01,01,NORM,B1,
000000000000100574,S200,10,1000,1,01,03,NORM,B1,
000000000000100575,S100,10,2000,1,01,03,NORM,,
000000000000100576,S100,20,2000,1,01,01,NORM,A2,
000000000000100577,S200,20,1000,1,01,03,NORM,A2,
000000000000100578,S100,20,1000,1,01,03,NORM,A1,
000000000000100579,S200,10,1000,1,01,01,NORM,B1,
000000000000100579,S300,10,1000,1,01,01,NORM,A1,
000000000000100580,S300,10,1000,1,01,03,NORM,B1,
000000000000100581,S200,20,1000,1,01,,NORM,A1,
000000000000100584,S100,10,2000,1,01,03,NORM,B1,
000000000000100585,S200,20,1000,1,01,03,NORM,A1,
000000000000100585,S300,10,1000,1,01,01,NORM,,
000000000000100586,S200,20,2000,1,01,03,NORM,B1,
000000000000100586,S300,20,2000,1,01,03,NORM,,
000000000000100587,S100,20,1000,1,01,01,NORM,,
000000000000100587,S300,20,1000,1,01,01,NORM,,
000000000000100588,S100,20,2000,1,01,03,NORM,B1,
000000000000100588,S300,10,2000,1,01,03,NORM,B1,
000000000000100589,S100,10,2000,1,01,03,NORM,B1,
000000000000100592,S200,20,2000,1,01,03,NORM,,
000000000000100593,S100,20,1000,1,01,01,NORM,A2,
000000000000100593,S300,20,1000,1,01,03,NORM,,
000000000000100595,S300,20,2000,1,01,03,NORM,B1,
000000000000100597,S200,20,1000,1,01,01,NORM,,
000000000000100598,S100,10,1000,1,01,03,NORM,,
000000000000100599,S200,20,1000,1,01,03,NORM,,
000000000000100600,S100,20,1000,1,01,03,NORM,A1,
000000000000100600,S200,10,1000,1,01,03,NORM,B1,
000000000000100603,S300,20,2000,1,01,03,NORM,A2,
000000000000100604,S100,10,3000,1,01,01,NORM,A2,
000000000000100604,S300,20,3000,1,01,03,NORM,A1,
000000000000100606,S300,10,,1,01,03,DIEN,,
000000000000100607,S100,10,,1,01,03,DIEN,,
000000000000100608,S200,10,3000,1,01,03,NORM,B1,
000000000000100610,S200,10,1000,1,01,01,NORM,A1,
000000000000100610,S300,10,1000,1,01,03,NORM,,
000000000000100611,S100,10,2000,1,01,01,NORM,,
000000000000100612,S100,20,2000,1,01,03,NORM,A1,
000000000000100612,S300,20,2000,1,01,01,NORM,A1,
000000000000100613,S100,10,,1,01,03,DIEN,,
000000000000100614,S100,10,1000,1,01,03,NORM,A2,
000000000000100615,S300,20,1000,1,01,01,NORM,,
000000000000100616,S200,20,1000,1,01,01,NORM,A2,
000000000000100617,S100,10,1000,1,01,03,NORM,,
000000000000100620,S200,20,1000,1,01,03,NORM,B1,
000000000000100621,S200,10,1000,1,01,01,NORM,B1,
000000000000100622,S200,10,2000,1,01,03,NORM,A2,
000000000000100623,S100,20,1000,1,01,03,NORM,B1,
000000000000100623,S300,20,1000,1,01,01,NORM,,
000000000000100624,S100,20,1000,1,01,01,,A2,
000000000000100624,S300,10,1000,1,01,01,NORM,B1,
000000000000100625,S200,20,1000,1,01,03,NORM,A2,
000000000000100626,S200,20,2000,1,01,01,NORM,A1,
000000000000100626,S300,20,2000,1,01,03,NORM,B1,
000000000000100627,S200,10,1000,1,01,01,NORM,,
000000000000100627,S300,10,1000,1,01,03,NORM,A2,
000000000000100629,S200,10,1000,1,01,01,NORM,,
000000000000100630,S100,20,2000,1,01,01,NORM,B1,
000000000000100633,S100,10,2000,1,01,03,NORM,A2,
000000000000100633,S300,10,2000,1,01,01,NORM,A1,
000000000000100634,S100,10,3000,1,01,03,NORM,A1,
000000000000100634,S300,20,3000,1,01,01,NORM,B1,
000000000000100636,S100,20,3000,1,01,03,NORM,,
000000000000100636,S300,20,3000,1,01,01,NORM,A1,
000000000000100638,S300,20,1000,1,01,01,NORM,,
000000000000100639,S100,10,1000,1,01,03,NORM,A2,
000000000000100639,S300,10,1000,1,01,03,NORM,A1,
000000000000100640,S100,10,1000,1,01,01,NORM,A1,
000000000000100641,S100,20,1000,1,01,01,NORM,A2,
000000000000100641,S200,20,1000,1,01,03,,A1,
000000000000100645,S200,10,,1,01,03,DIEN,,
000000000000100646,S200,10,2000,1,01,03,NORM,A1,
000000000000100649,S100,20,3000,1,01,03,NORM,,
000000000000100649,S300,20,3000,1,01,03,NORM,A2,
000000000000100651,S300,20,2000,1,01,01,NORM,B1,
000000000000100652,S200,10,3000,1,01,01,NORM,,
000000000000100652,S300,20,3000,1,01,03,NORM,B1,
000000000000100653,S100,10,2000,1,01,01,NORM,B1,
000000000000100653,S300,10,2000,1,01,03,NORM,A2,
000000000000100654,S200,10,1000,1,01,03,NORM,A1,
000000000000100654,S300,20,1000,1,01,01,NORM,A1,
000000000000100655,S100,20,1000,1,01,03,NORM,A1,
000000000000100656,S200,20,2000,1,01,01,,A1,
000000000000100657,S100,10,2000,1,01,01,NORM,A1,
000000000000100657,S300,10,2000,1,01,03,NORM,A1,
000000000000100658,S300,20,2000,1,01,03,NORM,A1,
000000000000100660,S200,20,1000,1,01,01,NORM,B1,
000000000000100661,S200,20,2000,1,01,01,NORM,B1,
000000000000100662,S300,20,1000,1,01,01,NORM,,
000000000000100664,S100,10,2000,1,01,01,NORM,,
000000000000100664,S200,20,2000,1,01,01,NORM,B1,
000000000000100665,S300,20,3000,1,01,01,NORM,A1,
000000000000100666,S200,10,2000,1,01,03,NORM,A1,
000000000000100667,S300,20,2000,1,01,01,NORM,B1,
000000000000100671,S300,10,3000,1,01,03,NORM,A2,
000000000000100674,S100,20,1000,1,01,03,NORM,A1,
000000000000100675,S100,10,2000,1,01,03,NORM,A1,
000000000000100675,S300,10,2000,1,01,03,NORM,A1,
000000000000100677,S300,20,1000,1,01,01,NORM,A1,
000000000000100679,S200,20,2000,1,01,01,NORM,,
000000000000100680,S100,10,2000,1,01,03,NORM,A1,
000000000000100682,S100,20,2000,1,01,01,NORM,B1,
000000000000100683,S300,10,2000,1,01,03,NORM,B1,
000000000000100684,S300,10,1000,1,01,03,NORM,A1,
000000000000100685,S200,20,2000,1,01,03,NORM,B1,
000000000000100686,S100,10,1000,1,01,03,NORM,B1,
000000000000100686,S300,10,1000,1,01,01,NORM,A2,
000000000000100687,S200,20,2000,1,01,03,NORM,A1,
000000000000100689,S100,10,1000,1,01,01,NORM,A1,
000000000000100689,S300,10,1000,1,01,01,NORM,B1,
000000000000100691,S300,10,1000,1,01,01,NORM,A2,
000000000000100692,S100,10,2000,1,01,01,NORM,,
000000000000100693,S100,20,1000,1,01,03,NORM,,
000000000000100693,S200,20,1000,1,01,01,NORM,B1,
000000000000100694,S200,10,1000,1,01,03,NORM,A2,
000000000000100695,S300,10,1000,1,01,03,NORM,,
000000000000100696,S200,20,2000,1,01,03,NORM,,
000000000000100697,S100,10,3000,1,01,03,NORM,B1,
000000000000100698,S200,20,1000,1,01,03,NORM,A1,
000000000000100698,S300,20,1000,1,01,03,NORM,A1,
000000000000100699,S200,10,2000,1,01,03,NORM,A1,
000000000000100700,S100,20,2000,1,01,01,NORM,A1,
000000000000100700,S300,10,2000,1,01,01,NORM,,
000000000000100701,S100,10,2000,1,01,01,,B1,
000000000000100702,S200,20,2000,1,01,01,NORM,A1,
000000000000100703,S200,20,2000,1,01,01,NORM,A2,
000000000000100703,S300,10,2000,1,01,03,NORM,,
000000000000100704,S100,20,1000,1,01,01,NORM,A2,
000000000000100704,S200,10,1000,1,01,03,NORM,A1,
000000000000100705,S100,20,1000,1,01,01,NORM,,
000000000000100706,S100,20,1000,1,01,01,NORM,,
000000000000100706,S200,10,1000,1,01,01,NORM,B1,
000000000000100707,S100,20,2000,1,01,03,NORM,A2,
000000000000100709,S100,10,2000,1,01,03,NORM,A2,
000000000000100709,S200,20,2000,1,01,01,NORM,B1,
000000000000100710,S200,10,1000,1,01,03,NORM,A1,
000000000000100711,S200,20,1000,1,01,01,NORM,B1,
000000000000100712,S200,20,1000,1,01,01,NORM,A2,
000000000000100713,S100,10,1000,1,01,01,NORM,B1,
000000000000100714,S200,10,1000,1,01,03,NORM,B1,
000000000000100715,S200,20,2000,1,01,03,NORM,,
000000000000100716,S100,20,2000,1,01,03,NORM,,
000000000000100716,S300,10,2000,1,01,01,NORM,,
000000000000100717,S300,20,3000,1,01,03,NORM,,
000000000000100718,S100,10,2000,1,01,03,NORM,A2,
000000000000100719,S300,10,,1,01,03,DIEN,,
000000000000100720,S100,10,1000,1,01,01,NORM,A1,
000000000000100721,S100,10,2000,1,01,03,NORM,A2,
000000000000100721,S200,10,2000,1,01,01,NORM,A1,
000000000000100722,S300,20,2000,1,01,01,NORM,A1,
000000000000100724,S100,10,,1,01,03,DIEN,,
000000000000100725,S100,20,3000,1,01,01,NORM,A1,
000000000000100725,S300,10,3000,1,01,01,NORM,,
000000000000100726,S300,20,2000,1,01,01,NORM,B1,
000000000000100727,S200,10,2000,1,01,01,NORM,,
000000000000100728,S100,20,2000,1,01,01,NORM,A1,
000000000000100728,S200,20,2000,1,01,03,NORM,A2,
000000000000100729,S200,20,1000,1,01,01,NORM,,
000000000000100732,S200,10,2000,1,01,03,NORM,B1,
000000000000100733,S300,20,1000,1,01,03,NORM,A2,
000000000000100734,S100,10,2000,1,01,03,NORM,A1,
000000000000100735,S300,10,1000,1,01,01,NORM,B1,
000000000000100736,S200,20,3000,1,01,03,NORM,A1,
000000000000100737,S100,20,2000,1,01,01,NORM,A1,
000000000000100737,S200,10,2000,1,01,03,NORM,,
000000000000100739,S200,10,1000,1,01,01,NORM,A1,
000000000000100742,S300,10,1000,1,01,03,NORM,A2,
000000000000100744,S200,10,2000,1,01,03,NORM,A1,
000000000000100745,S100,20,3000,1,01,01,NORM,,
000000000000100745,S200,20,3000,1,01,01,NORM,B1,
000000000000100747,S100,10,2000,1,01,03,NORM,,
000000000000100748,S100,10,,1,01,03,DIEN,,
000000000000100750,S200,10,2000,1,01,03,NORM,A2,
000000000000100750,S300,10,2000,1,01,01,NORM,B1,
000000000000100751,S300,20,1000,1,01,03,NORM,A2,
000000000000100752,S200,10,,1,01,03,DIEN,,
000000000000100753,S100,10,2000,1,01,03,NORM,,
000000000000100753,S200,10,2000,1,01,01,NORM,A2,
000000000000100754,S200,10,,1,01,03,DIEN,,
000000000000100755,S100,20,1000,1,01,03,NORM,A2,
000000000000100756,S100,10,2000,1,01,03,NORM,,
000000000000100757,S300,20,1000,1,01,03,NORM,,
000000000000100758,S200,20,9999,1,01,01,NORM,A1,
000000000000100758,S300,20,9999,1,01,01,NORM,B1,
000000000000100761,S100,20,2000,1,01,01,NORM,A2,
000000000000100762,S300,20,1000,1,01,01,NORM,A2,
000000000000100765,S300,20,1000,1,01,03,NORM,,
000000000000100766,S100,20,1000,1,01,03,NORM,B1,
000000000000100767,S200,10,2000,1,01,03,NORM,,
000000000000100767,S300,20,2000,1,01,03,NORM,,
000000000000100768,S100,10,1000,1,01,01,NORM,A2,
000000000000100769,S200,20,2000,1,01,03,NORM,,
000000000000100770,S100,10,2000,1,01,03,NORM,B1,
000000000000100770,S300,10,2000,1,01,01,NORM,B1,
000000000000100771,S200,10,1000,1,01,03,NORM,B1,
000000000000100772,S200,10,2000,1,01,01,NORM,A2,
000000000000100772,S300,20,2000,1,01,01,NORM,A1,
000000000000100773,S200,10,,1,01,03,DIEN,,
000000000000100775,S300,20,2000,1,01,03,NORM,A2,
000000000000100776,S300,20,2000,1,01,01,NORM,B1,
000000000000100777,S200,10,2000,1,01,01,NORM,,
000000000000100778,S100,20,1000,1,01,03,NORM,,
000000000000100780,S100,10,2000,1,01,03,NORM,A2,
000000000000100781,S100,20,3000,1,01,01,NORM,A1,
000000000000100782,S100,20,2000,1,01,01,NORM,,
000000000000100782,S200,10,2000,1,01,01,NORM,,
000000000000100783,S200,10,2000,1,01,01,NORM,A1,
000000000000100784,S200,20,1000,1,01,01,NORM,B1,
000000000000100786,S200,10,2000,1,01,01,NORM,A2,
000000000000100788,S200,10,1000,1,01,03,NORM,B1,
000000000000100788,S300,10,1000,1,01,01,NORM,B1,
000000000000100789,S100,10,3000,1,01,03,NORM,A1,
000000000000100790,S200,10,1000,1,01,01,NORM,,
000000000000100790,S300,20,1000,1,01,01,NORM,,
000000000000100791,S300,20,3000,1,01,01,NORM,B1,
000000000000100792,S100,20,1000,1,01,01,NORM,B1,
000000000000100793,S300,10,2000,1,01,01,NORM,B1,
000000000000100794,S100,20,1000,1,01,03,NORM,A2,
000000000000100794,S300,20,1000,1,01,01,NORM,A2,
000000000000100795,S200,20,2000,1,01,01,NORM,,
000000000000100795,S300,20,2000,1,01,01,NORM,A2,
000000000000100797,S100,20,3000,1,01,01,NORM,A2,
000000000000100799,S200,10,3000,1,01,01,NORM,A1,
000000000000100800,S300,10,3000,1,01,03,NORM,A2,
000000000000100801,S100,10,1000,1,01,03,NORM,B1,
000000000000100801,S300,10,1000,1,01,01,NORM,A1,
000000000000100805,S100,20,2000,1,01,01,NORM,A2,
000000000000100806,S100,10,2000,1,01,01,NORM,,
000000000000100806,S200,10,2000,1,01,03,NORM,,
000000000000100809,S100,10,2000,1,01,03,NORM,,
000000000000100809,S300,20,2000,1,01,01,NORM,A2,
000000000000100810,S200,10,2000,1,01,01,NORM,,
000000000000100811,S100,10,1000,1,01,03,NORM,A1,
000000000000100813,S100,10,2000,1,01,03,NORM,B1,
000000000000100813,S300,10,2000,1,01,03,NORM,A2,
000000000000100814,S200,20,1000,1,01,01,NORM,,
000000000000100815,S200,10,2000,1,01,03,NORM,A1,
000000000000100816,S300,10,2000,1,01,03,NORM,B1,
000000000000100817,S100,10,1000,1,01,01,NORM,,
000000000000100817,S300,20,1000,1,01,03,NORM,A1,
000000000000100819,S100,20,1000,1,01,01,NORM,B1,
000000000000100821,S200,20,2000,1,01,03,NORM,B1,
000000000000100822,S100,20,2000,1,01,01,NORM,A1,
000000000000100823,S200,20,1000,1,01,03,NORM,A1,
000000000000100823,S300,20,1000,1,01,03,NORM,B1,
000000000000100824,S300,20,1000,1,01,01,NORM,B1,
000000000000100825,S300,10,1000,1,01,03,NORM,A2,
