LIFNR,BANKS,BANKL,BANKN,BKONT,KOINH,IBAN
0000000001,DE,43083240,991706020898,01,Spirax Sarco Clean Steam Systems,DE57972781995106913770
0000000002,DE,35292050,40398878896,01,Nutra-Blend Contract Manufacturing,DE82569855532773516308
0000000003,GB,15427468,19047431965,01,TreeHouse Private Brands Co-Packing,GB23968851081278801577
0000000004,DE,88769634,386470215047,01,Sonoco Products Industrial,DE60128508959064613671
0000000005,CH,31126481,950694918755,01,Graphic Packaging International,CH6744606701411174769
0000000006,DE,68738639,275587577529,01,Huhtamaki Foodservice Packaging,DE16705435648871721276
0000000007,BR,93932840,153577924557,01,Spirax Sarco Clean Steam Systems,BR985315308189337870975375872
0000000008,DE,70899191,156128421976,01,Roquette Frères Plant Proteins,DE24333392098709943124
0000000009,DE,18094532,658844471997,01,Hearthside Food Solutions Co-Packin,DE64704541859139186078
0000000010,DE,14346370,66496951802,01,Klöckner Pentaplast Food Films,DE16944963830469341241
0000000011,US,43702011,479724553288,01,Klöckner Pentaplast Food Films,US000171287424294400
0000000012,GB,23076608,803352874327,01,Lactalis Food Ingredients,GB64107974104242008352
0000000013,IN,50297070,882325118161,01,DB Schenker Dedicated Fleet Logisti,IN411043864754253987
0000000014,US,91465153,174527759137,01,Novelis Aluminum Can Sheet,US894243805586409443
0000000015,FR,54336376,647937341583,01,XPO Logistics Ambient & Reefer,FR0014449072275856765367312
0000000016,DE,,41810075025,01,Avery Dennison Label Solutions,DE82889369661568352430
0000000017,NL,,316615480289,01,KDC/One FMCG Custom Manufacturing,NL9452874265525168
0000000018,US,,905998945082,01,Ingredion Modified Food Starches,US914960458510016086
0000000019,DE,,881353360188,01,Symrise Taste & Nutrition Solutions,DE03765595980408552608
0000000020,US,,602168755148,01,Krones Bottling & Canning Machinery,US983174835954540182
0000000021,US,,522489721785,01,Nutra-Blend Contract Manufacturing,US368115247695482165
0000000022,US,,508452262988,01,Klöckner Pentaplast Food Films,US739686003727743086
0000000023,BR,,312331471030,01,Americold Temperature-Controlled,BR685273747863206468357942514
0000000024,DE,,372775947459,01,Fonterra Dairy Commodities,DE11937845155725556812
0000000025,DE,,829875100086,01,Gerresheimer Glass Packaging,DE56008009189269618242
0000000026,DE,,450767748810,01,XPO Logistics Ambient & Reefer,DE83902503801923110301
0000000027,GB,,32239874553,01,Roquette Frères Plant Proteins,GB74847890575550590481
0000000028,GB,,486673267416,01,Archer Daniels Midland Nutrition,GB25978696956582936493
0000000029,DE,,983210440825,01,Alpla Plastic Technologies,DE83598011518792980144
0000000030,DE,,916803288940,01,Barentz Food & Nutrition Distributi,DE57534296153530065829
0000000031,DE,,53308095495,01,HAVI Global Logistics & Supply Chai,DE23387754407207343738
0000000032,GB,,861928862867,01,Barentz Food & Nutrition Distributi,GB97915642724316732166
0000000033,GB,,9820570349,01,Sealed Air Protective Packaging,GB66111297486447631170
0000000034,IN,,554414210499,01,HAVI Global Logistics & Supply Chai,IN827690951594451058
0000000035,DE,,987921609059,01,SIG Combibloc Aseptic Systems,DE08494218079052742353
0000000036,BR,81442747,508012701742,01,NFI Dedicated Fleet & Crossdock,BR596325315758379064336311819
0000000037,IN,30691518,786698359491,01,Cott Bottling & Beverage Services,IN925774979493266611
0000000038,IN,35719895,919554389904,01,Cargill Food Ingredients & Starches,IN531047608632036067
0000000039,BR,40808928,792669845597,01,Olam Agri Commodities & Nuts,BR582832309761084550492263205
0000000040,GB,81817250,399912302642,01,Sonoco Products Industrial,GB64647166973615952536
0000000041,IN,87749608,583338835286,01,,IN518609351424130075
0000000042,US,61182388,278929363537,01,,US112524527116509182
0000000043,GB,33139468,952408618845,01,,GB50591180280634195665
0000000044,US,74538117,424977120901,01,,US158130078232957727
0000000045,GB,83864238,154079139293,01,,GB13858701708413899540
0000000046,BR,12623306,760792339209,01,,BR048320933877899043389260635
0000000047,DE,36125123,462407892117,01,,DE52155616755556156670
0000000048,CH,14111743,883061710275,01,,CH5140436200479495583
0000000049,US,50631151,91098869868,01,,US509831043394476126
0000000050,IN,20016439,594120260400,01,,IN685265941193548892
0000000051,IN,59182925,113235614434,01,,IN832483718183870703
0000000052,NL,55925432,303408684888,01,,NL9421841153770059
0000000053,IN,79351663,177878642678,01,,IN672143997340356905
0000000054,IN,10137666,196895255444,01,,IN881801087287051004
0000000055,US,52132300,16807564564,01,,US049868537626754528
0000000056,IN,56253278,654399838941,01,,IN297479751488097020
0000000057,IN,57217126,618507562319,01,,IN646082873278394089
0000000058,DE,68441314,817210936889,01,,DE41599895593297684103
0000000059,GB,69796155,489837305152,01,,GB97343091570099306309
0000000060,IN,23652183,258223371805,01,,IN001790903296071073
0000000061,BR,41381157,900001625197,01,Fuchs Food Technology & Blending,BR929698619793908760338993765
0000000062,GB,69076543,978679367895,01,DSM-Firmenich Nutritional Products,GB60294778459753027003
0000000063,BR,93488889,848414495604,01,Roquette Frères Plant Proteins,BR728121020692026026861537963
0000000064,US,16134368,427753731501,01,Mauser Packaging Solutions,US009556349805740624
0000000065,DE,45843633,751306684083,01,Avery Dennison Label Solutions,DE18218369803478301304
0000000066,DE,60933338,281517643970,01,Sealed Air Protective Packaging,DE13242566572230075688
0000000067,CH,16227011,268817708684,01,Nutra-Blend Contract Manufacturing,CH0759521903219269947
0000000068,IN,85507244,870973472445,01,Graphic Packaging International,IN948805541092687813
0000000069,US,79881903,83405555868,01,Kerry Taste & Nutrition Ingredients,US298619188270171666
0000000070,GB,19063074,998946696338,01,Amcor Flexibles Packaging,GB97597654752350537647
0000000071,US,22642823,612524829874,01,Huhtamaki Foodservice Packaging,DE12345
0000000072,IN,51740604,60555015738,01,Festo Pneumatics & Factory Automati,GB99MIDL40051512345678INVALID
0000000073,NL,97890289,805066937124,01,Constantia Flexibles Food Pkg,de89370400440532013000
0000000074,DE,30034371,938243543592,01,Alpla Plastic Technologies,99370400440532013000
0000000075,DE,40978675,915548443362,01,Del Monte Toll Manufacturing,FR76
0000000076,US,81254303,130786050890,01,Silgan Closures & Metal Containers,US902952631089400489
0000000077,FR,66060603,434394030912,01,Bollore Logistics Food Cargo,FR4783790533327264496612406
0000000078,GB,60590529,499934646257,01,Avery Dennison Label Solutions,GB18348092769795361558
0000000079,GB,15273520,810746509217,01,DSM-Firmenich Nutritional Products,GB49967912380662232199
0000000080,US,71865387,976759270448,01,KDC/One FMCG Custom Manufacturing,US305222882088543734
0000000081,CH,62399178,760849025149,01,Hearthside Food Solutions Co-Packin,IN523458727969323483
0000000082,CH,89812200,554092663085,01,Bühler Food Processing Machinery,BR384911206038695813173334190
0000000083,CH,47068773,263580165168,01,DSM-Firmenich Nutritional Products,US379239299652898333
0000000084,CH,17494253,625715041358,01,Cott Bottling & Beverage Services,DE46419906745319074953
0000000085,CH,38066975,895911188805,01,Menasha In-Store Merchandising,DE92849728660461680578
0000000086,CH,29808913,994093352173,01,Huhtamaki Foodservice Packaging,DE44543141960778890936
0000000087,CH,98353556,52471246805,01,TreeHouse Private Brands Co-Packing,US094670148146257723
0000000088,CH,94227868,98470536560,01,Cott Bottling & Beverage Services,DE41013375390656421368
0000000089,CH,98486242,235861204937,01,SIG Combibloc Aseptic Systems,US911682686128687231
0000000090,CH,66804545,97322464831,01,DS Smith Corrugated Packaging,US594009016715183041
0000000091,CH,23391799,711190970429,01,Avery Dennison Label Solutions,BR885855979476975242421999911
0000000092,CH,78230692,696857232465,01,Stora Enso Brand Activation Display,FR1621567189617301893303867
0000000093,CH,42835306,937589212097,01,Greif Industrial Drum Packaging 93,GB65264124389763062340
0000000094,CH,48496836,441938394476,01,Roquette Frères Plant Proteins 94,US284307703579634705
0000000095,CH,55932113,470568552497,01,Crest Foods Contract Blending 95,GB25653954480880196084
0000000096,NL,28247605,729980350164,01,Pacmoore Dry Blending & Sifting 96,NL0395749456455214
0000000097,DE,74944298,87892875819,01,Sonoco Products Industrial 97,DE79143743556642626596
0000000098,GB,37248252,662920122355,01,Amcor Flexibles Packaging 98,GB07319676110108743954
0000000099,IN,48130237,7356285077,01,SKF Food Line Bearings & Lubricatio,IN704533644559808336
0000000100,DE,14533166,942701350475,01,Pacmoore Dry Blending & Sifting 100,DE30232153241408535330
0000000101,IN,37040044,0532013000,01,Tetra Pak Processing & Packaging Sy,DE89370400440532013000
0000000102,IN,37040044,0532013000,01,Tetra Pak Packaging GmbH,DE89370400440532013000
0000000103,DE,12000000,1234567890,01,Amcor Flexibles Packaging NA,US120000001234567890
0000000104,DE,12000000,1234567890,01,Amcor Packaging Solutions,US120000001234567890
0000000105,GB,601613,31926819,01,Cargill Food Ingredients UK,GB29NWBK60161331926819
0000000106,GB,601613,31926819,01,Cargill Agricultural Starches,GB29NWBK60161331926819
0000000107,BR,83917738,54132982939,01,Kerry Ingredients India Pvt,BR821816181414602455683880796
0000000108,BR,28907022,948336988818,01,Kerry Taste & Flavours India,BR279180648029380278918623177
0000000109,DE,31405453,220897903165,01,Roquette Freres Nutrition,DE19621149282224066449
0000000110,DE,11436957,943477056049,01,Roquette Frères Ingrédients,DE47638271620997524227
0000000111,DE,30006,12345678901,01,Ball Beverage Packaging Corp,FR7630006000011234567890189
0000000112,DE,30006,12345678901,01,Ball Beverage Can Division,FR7630006000011234567890189
0000000113,GB,50010517,5407324931,01,Symrise Taste & Nutrition Solutions,DE44500105175407324931
0000000114,GB,50010517,5407324931,01,Symrise Flavourings GmbH,DE44500105175407324931
0000000115,DE,93137998,278528977754,01,Refresco Beverages Bottling,DE61387411432241321333
0000000116,DE,44986948,969906407951,01,Refresco Bottling Europe BV,DE68117682238838459048
0000000117,BR,11385716,412716344102,01,Sensient Technologies Flavors 117,BR635368164693629532194713148
0000000118,BR,56880867,93525350668,01,Sealed Air Protective Packaging 118,BR160371513894053652268616271
0000000119,US,67910178,84223509214,01,Graphic Packaging International 119,US325650216702587180
0000000120,US,30379621,193538383228,01,Ecolab Food & Beverage Hygiene,US732687585592071350
0000000121,US,51514064,340254406440,01,Ecolab F&B Hygiene Inc,US786035594523373493
0000000122,DE,51713824,820372689921,01,Smurfit Kappa Corrugated PKG,DE14121674101302657179
0000000123,DE,86282908,949210605531,01,Smurfit Kappa Corrugated BV,DE71461755655651702447
0000000124,US,32560859,4033236374,01,Lineage Logistics Refrigerated,US031135103082885036
0000000125,US,66093594,893676530975,01,Lineage Cold Storage Logistics,US665603614422892863
0000000126,CH,37359832,895274425789,01,Givaudan Fragrances & Flavours,CH4903165884314370015
0000000127,CH,31052222,989706303728,01,Givaudan Flavours & Fragrances,CH2605593177047790943
0000000128,US,97327774,465043078950,01,Berry Global Consumer Packaging,US778169588201691963
0000000129,US,89647594,638454747893,01,Berry Global Consumer Pkg Corp,US865261698133933185
0000000130,GB,22643416,353781594924,01,Diversey Hygiene Solutions Ltd,GB43559322467785646164
0000000131,GB,50871016,838788901280,01,Diversey Hygiene CIP Solutions,GB46455536236540588814
0000000132,DE,48785602,507114203223,01,Huhtamaki Foodservice Pkg,DE56275592502066530918
0000000133,DE,14214307,439791152214,01,Huhtamaki Foodservice Packaging,DE14326081525708516046
0000000134,NL,82592611,261064844908,01,Refresco Bottling Europe BV,NL6728954809430003
0000000135,NL,62395558,747292539349,01,Refresco Beverages Bottling BV,NL4585609325714589
0000000136,GB,67981146,625697948775,01,Geodis Contract Logistics & Haulage,GB07996518806236022926
0000000137,US,15807045,530970594608,01,Avery Dennison Label Solutions 137,US234949193713358197
0000000138,FR,34727844,941335590167,01,Agrana Fruit Preparations 138,FR1632664044356356308220892
0000000139,DE,56667256,113606145624,01,Kalsec Natural Herb Extracts & Colo,DE18807369907496641755
0000000140,GB,43068667,381609202096,01,Avery Dennison Label Solutions 140,GB57331618181154640956
0000000141,IN,58757651,659455053058,01,Festo Pneumatics & Factory Automati,IN043476314577174338
0000000142,GB,86648532,222016707785,01,Endress+Hauser Sanitary Instrumenta,GB28602501548028561955
0000000143,CH,33499185,76405952235,01,Symrise Taste & Nutrition Solutions,CH3151251631648232870
0000000144,US,78703915,952612389086,01,Bühler Food Processing Machinery 14,US144284743185032355
0000000145,GB,60475340,875580346403,01,Sudzucker Industrial Sugars 145,GB49365761554552971754
0000000146,DE,80070676,994385173639,01,DB Schenker Dedicated Fleet Logisti,DE26375569864319374657
0000000147,US,26967591,571996350701,01,Lineage Logistics Refrigerated Ware,US780145768888256940
0000000148,FR,11931219,365755381543,01,HAVI Global Logistics & Supply Chai,FR7592302947199112053457569
0000000149,NL,82312564,301990390576,01,Sealed Air Protective Packaging 149,NL9308769976114035
0000000150,DE,67072792,468827644863,01,Agrana Fruit Preparations 150,DE52708357747761607125
0000000151,DE,11400593,588799126680,01,Berry Global Consumer Packaging 151,DE15418324563515120124
0000000152,DE,63748955,993436713504,01,Smurfit Kappa Corrugated 152,DE36743490655522676599
0000000153,GB,67740709,400819998411,01,Fuchs Food Technology & Blending 15,GB62603335537132966894
0000000154,IN,34388806,33027295120,01,Bunge Refined Edible Oils 154,IN854730925320740194
0000000155,DE,53396592,982978155469,01,Sudzucker Industrial Sugars 155,DE25894299065190144951
0000000156,IN,95061828,745142439051,01,Tate & Lyle Sweeteners & Starches 1,IN217232047446866995
0000000157,US,33237546,591582296891,01,Ball Beverage Packaging Corp 157,US726423917875814480
0000000158,IN,67018138,610052321788,01,Huhtamaki Foodservice Packaging 158,IN997788770325504547
0000000159,IN,78715354,805114277049,01,Berry Global Consumer Packaging 159,IN247480766191889111
0000000160,IN,45501578,184771017575,01,Hearthside Food Solutions Co-Packin,IN990882006412207457
0000000161,DE,23382149,239649970134,01,Nutra-Blend Contract Manufacturing ,DE13786046061754574798
0000000162,GB,87086107,226085809244,01,TreeHouse Private Brands Co-Packing,GB13987108661056035030
0000000163,DE,11610506,598641732641,01,De-Roose Private Label Co-Packing 1,DE36191057284151950460
0000000164,BR,22855332,269413692647,01,DS Smith Corrugated Packaging 164,BR195072417610285740311828724
0000000165,US,25015562,546455665191,01,Agrana Fruit Preparations 165,US118940220987279116
0000000166,IN,12066517,375280933849,01,Mondi Industrial Bags & Films 166,IN192099602748830646
0000000167,DE,52386800,246218466447,01,Pall Food & Beverage Sterile Filter,DE94048709198351015195
0000000168,NL,22202914,886496540728,01,Stora Enso Brand Activation Display,NL4897788257954230
0000000169,FR,11298102,578673959822,01,Menasha In-Store Merchandising 169,FR2407469910281404779792671
0000000170,DE,36491961,360855651879,01,DHL Supply Chain Cold-Chain 170,DE92244951553418191767
0000000171,US,11952172,994680539565,01,Ingredion Modified Food Starches 17,US387005377945605750
0000000172,GB,43839318,443893209133,01,Crest Foods Contract Blending 172,GB70983768149755777635
0000000173,DE,55209685,599289810058,01,DSV Road Freight & FMCG Logistics 1,DE99985422098956210890
0000000174,DE,22901181,969615590424,01,Tate & Lyle Sweeteners & Starches 1,DE00666315810686027244
0000000175,GB,60339944,636412277884,01,Greif Industrial Drum Packaging 175,GB62578410018787505965
0000000176,DE,90055976,846775450362,01,Avery Dennison Label Solutions 176,DE20930384694739419340
0000000177,US,21702433,680289752739,01,Klüber Food-Grade Lubricants 177,US079535696793068104
0000000178,DE,33205311,62070411738,01,Ardagh Glass Packaging 178,DE24012100892959600099
0000000179,DE,60232496,546510360467,01,Hearthside Food Solutions Co-Packin,DE74397792308689426391
0000000180,DE,21826271,260127816457,01,DS Smith Corrugated Packaging 180,DE04762741254441977149
0000000181,IN,62914143,559362040798,01,Geodis Contract Logistics & Haulage,IN348997982098845587
0000000182,US,49386435,514133937652,01,Refresco Beverages Bottling 182,US865630915543128833
0000000183,DE,66274290,816522828764,01,De-Roose Private Label Co-Packing 1,DE75913686712703686016
0000000184,DE,92202870,853521190968,01,NFI Dedicated Fleet & Crossdock 184,DE15540622675887528594
0000000185,GB,12454378,930204649784,01,Stora Enso Brand Activation Display,GB01008317072070694821
0000000186,GB,96148994,558797259921,01,Cargill Food Ingredients & Starches,GB39206148690029294116
0000000187,DE,23274325,905475848609,01,Del Monte Toll Manufacturing 187,DE46471639796670506868
0000000188,US,54111562,404157137000,01,Sensient Technologies Flavors 188,US960933114158474750
0000000189,CH,40426837,123268906781,01,Silgan Closures & Metal Containers ,CH9106169186859241132
0000000190,GB,70050178,464333799058,01,Crown Cork & Seal Europe 190,GB51912075749012817231
0000000191,US,26313047,642628184024,01,Smurfit Kappa Corrugated 191,US096758260863462893
0000000192,US,29063958,353571471686,01,Klöckner Pentaplast Food Films 192,US014210401098527227
0000000193,GB,25100330,592073411222,01,Tereos Pure Sugar & Sweeteners 193,GB85285209768832130438
0000000194,IN,83826394,430450179691,01,AAK Specialty Vegetable Fats 194,IN647286330001794715
0000000195,NL,88545261,468237629424,01,Glanbia Nutritionals Dairy Isolates,NL8145378179930235
0000000196,DE,78006734,375085047452,01,Givaudan Flavours & Fragrances 196,DE31867842317479744134
0000000197,FR,13666354,226316958889,01,Krones Bottling & Canning Machinery,FR0513265626003957820387631
0000000198,DE,33187229,285895191406,01,Klöckner Pentaplast Food Films 198,DE73598153042063240823
0000000199,DE,83617061,522412838238,01,Corbion Lactic Acid & Preservation ,DE41625786460295361677
0000000200,BR,44857450,378983005394,01,Fuchs Food Technology & Blending 20,BR769612409549736740454731858
0000000201,DE,42378692,863563322471,01,Amcor Flexibles Packaging 201,DE51124842019117886469
0000000202,US,24308677,183205115795,01,Lineage Logistics Refrigerated Ware,US026512552398905818
0000000203,GB,65459928,627996277841,01,Barry Callebaut Cocoa Products 203,GB70981340400480294180
0000000204,DE,55960627,12533064753,01,Constantia Flexibles Food Pkg 204,DE92118193218124990257
0000000205,NL,53633699,66541671498,01,DSM-Firmenich Nutritional Products ,NL1378516724171815
0000000206,US,62025032,384206468323,01,Graphic Packaging International 206,US627808746841632466
0000000207,US,60148407,495021719466,01,Klöckner Pentaplast Food Films 207,US755307978000719851
0000000208,IN,20436008,412905051874,01,Stora Enso Brand Activation Display,IN798202502831201308
0000000209,US,97506740,365236250541,01,Geodis Contract Logistics & Haulage,US391823378245556217
0000000210,DE,35870212,180852387021,01,Del Monte Toll Manufacturing 210,DE22951805792192215435
0000000211,IN,52017788,962676135086,01,Tate & Lyle Sweeteners & Starches 2,IN669124143319358659
0000000212,US,55888749,111796540582,01,Barentz Food & Nutrition Distributi,US514703714941863381
0000000213,BR,13409779,683428883675,01,Bühler Food Processing Machinery 21,BR447051752821706833271512854
0000000214,GB,89360217,703059629770,01,Crest Foods Contract Blending 214,GB14937810572739757935
0000000215,FR,76120776,473624417545,01,Gerresheimer Glass Packaging 215,FR4359875940891452405673517
0000000216,DE,33058100,855581069755,01,Festo Pneumatics & Factory Automati,DE34717053151327870511
0000000217,CH,34637932,386986891473,01,Lineage Logistics Refrigerated Ware,CH0117661821452108119
0000000218,DE,21702378,625004947232,01,DSV Road Freight & FMCG Logistics 2,DE55766384132838931086
0000000219,DE,12518334,257483319860,01,DHL Supply Chain Cold-Chain 219,DE60752751180928640546
0000000220,US,52999440,307660554360,01,,US497809832590521208
0000000221,US,98454151,942227536418,01,,US219871672792973281
0000000222,US,36390882,196248211242,01,,US463398746761988848
0000000223,DE,23433419,604492714074,01,,DE49846121822370423775
0000000224,GB,62173273,282632170338,01,,GB47032573745241470095
0000000225,US,40485747,960928883519,01,,US384913235075252438
0000000226,DE,95240472,810217215769,01,,DE02592207078934881874
0000000227,GB,19011856,724133949882,01,,GB26587591465173048509
0000000228,IN,58766793,827402806901,01,,IN808222452366047819
0000000229,NL,34566728,201724848016,01,,NL4845200555353583
0000000230,US,37547678,458726008292,01,Givaudan Flavours & Fragrances 230,US261568790876886511
0000000231,US,71124266,289014849132,01,Smurfit Kappa Corrugated 231,US657754703100759801
0000000232,GB,87875353,196770426128,01,Gerresheimer Glass Packaging 232,GB75665511179772079583
0000000233,DE,45220681,444118715190,01,Bollore Logistics Food Cargo 233,DE51265928623666135949
0000000234,US,90371508,70490991287,01,Lactalis Food Ingredients 234,US684026192972786768
0000000235,DE,20112592,797570011149,01,Constantia Flexibles Food Pkg 235,DE54593366636579038857
0000000236,DE,29047759,936878753269,01,Bollore Logistics Food Cargo 236,DE60097105160825558901
0000000237,DE,30162541,183659341875,01,AAK Specialty Vegetable Fats 237,DE64182257084569916604
0000000238,DE,10292894,755163341897,01,Avery Dennison Label Solutions 238,DE15881430010646894682
0000000239,DE,39305371,882868728054,01,Mondi Industrial Bags & Films 239,DE56129688007891182559
0000000240,DE,30966164,249922665463,01,Merck Millipore Food Microbiology 2,DE42195487237092317603
0000000241,DE,67031028,551854647712,01,FMC BioPolymer Food Texturizers 241,DE76877202478851859239
0000000242,DE,63695915,165974477905,01,TreeHouse Private Brands Co-Packing,DE99204479451554989102
0000000243,DE,91179203,428454192850,01,Amcor Flexibles Packaging 243,DE19513399541365868577
0000000244,DE,83573004,238288131323,01,Stora Enso Brand Activation Display,DE35495446370121582623
0000000245,US,90949736,819311014411,01,AAK Specialty Vegetable Fats 245,US170940820969167077
0000000246,DE,98762878,938277093075,01,Sonoco Products Industrial 246,DE02903055398406436276
0000000247,US,28177418,998707380027,01,Kalsec Natural Herb Extracts & Colo,US067152809949195619
0000000248,DE,83175374,902852924742,01,FMC BioPolymer Food Texturizers 248,DE09358062944155917967
0000000249,GB,10902958,272912747825,01,Cargill Food Ingredients & Starches,GB73273964680041149047
0000000250,DE,99018687,160107014114,01,Schawk Global Pre-Media & Packaging,DE68757551417883826740
0000000251,IN,81745429,951974404928,01,Nutra-Blend Contract Manufacturing ,IN129986437676968906
0000000252,BR,98236069,950902707084,01,Quad Packaging Retail Displays 252,BR532390853037783827662690440
0000000253,GB,11517722,269812692455,01,Endress+Hauser Sanitary Instrumenta,GB88733599297105653197
0000000254,US,42017290,411228396155,01,Symrise Taste & Nutrition Solutions,US953966045136393672
0000000255,CH,37343329,261800614372,01,Glanbia Nutritionals Dairy Isolates,CH3429642099784595901
0000000256,US,25768498,772373915313,01,Ingredion Modified Food Starches 25,US657682206983055538
0000000257,US,42342288,723355391387,01,Huhtamaki Foodservice Packaging 257,US154246913640427279
0000000258,DE,17610836,588824442105,01,HAVI Global Logistics & Supply Chai,DE66161403063228434813
0000000259,IN,87338673,400443881492,01,Mondi Industrial Bags & Films 259,IN207050389095090232
0000000260,IN,11122554,49837920990,01,Sonoco Products Industrial 260,IN156648650201182030
0000000261,US,45204279,174254541512,01,Spirax Sarco Clean Steam Systems 26,US674345216130741938
0000000262,IN,76168894,327135956865,01,Menasha In-Store Merchandising 262,IN622690256692056153
0000000263,DE,94456570,582325502769,01,Schawk Global Pre-Media & Packaging,DE28873485614434094883
0000000264,US,66781775,490757196771,01,Greif Industrial Drum Packaging 264,US046794139330960279
0000000265,IN,66795633,892193045568,01,Gerresheimer Glass Packaging 265,IN043401202342797308
0000000266,DE,72751921,59340794080,01,Bollore Logistics Food Cargo 266,DE34577965473754312874
0000000267,US,94181529,618060325022,01,DHL Supply Chain Cold-Chain 267,US450601274475206516
0000000268,US,68047375,265092681040,01,Pacmoore Dry Blending & Sifting 268,US281762629421512138
0000000269,IN,71765566,681220007018,01,Graphic Packaging International 269,IN862496725311600604
0000000270,GB,35353577,835202706922,01,Ardagh Glass Packaging 270,GB75222665806330861394
0000000271,IN,68574966,759355477779,01,Kalyan Retail Display & POS Solutio,IN605207322617971144
0000000272,BR,37347134,86638355562,01,Corbion Lactic Acid & Preservation ,BR476039708050306153608672082
0000000273,IN,96973592,481471730011,01,C.H. Robinson Worldwide Freight 273,IN475443984182486388
0000000274,GB,64162221,292179298666,01,Del Monte Toll Manufacturing 274,GB97243451996545529729
0000000275,US,77925726,37194760273,01,DSM-Firmenich Nutritional Products ,US563385828742125811
0000000276,GB,83558381,776609777954,01,Constantia Flexibles Food Pkg 276,GB95669329206147981155
0000000277,CH,50827124,550494021986,01,Cargill Food Ingredients & Starches,CH3891345487591466069
0000000278,GB,48939663,426491211044,01,Agrana Fruit Preparations 278,GB53076264495993734427
0000000279,DE,61918178,972490668918,01,Alfa Laval Hygienic Pumps & Valves ,DE62069131808431039764
0000000280,DE,47283410,547880522154,01,Pacmoore Dry Blending & Sifting 280,DE65337839142034588820
0000000281,US,19568531,419393050212,01,Kerry Taste & Nutrition Ingredients,US331882754218259907
0000000282,DE,52718471,519920449387,01,Kalyan Retail Display & POS Solutio,DE87494068295417306506
0000000283,FR,47309443,77221528686,01,AptarGroup Dispensing Systems 283,FR2607684488548312232030273
0000000284,US,76054312,18109731240,01,Nutra-Blend Contract Manufacturing ,US546220387064162680
0000000285,GB,41308738,103947990586,01,DSV Road Freight & FMCG Logistics 2,GB35915684812544243396
0000000286,US,18951475,991047880647,01,Bunge Refined Edible Oils 286,US429510578368682516
0000000287,GB,39498788,472980399614,01,Americold Temperature-Controlled 28,GB06736248250910482990
0000000288,US,22384634,894274711372,01,Refresco Beverages Bottling 288,US587452133336504117
0000000289,US,39536435,523498935160,01,Avery Dennison Label Solutions 289,US169011480779327560
0000000290,US,84113583,891263260515,01,Quad Packaging Retail Displays 290,US443264435088568740
0000000291,IN,88273836,353465640580,01,Krones Bottling & Canning Machinery,IN405397618225458963
0000000292,DE,30258512,650561384856,01,Chr. Hansen Food Cultures & Enzymes,DE31166087580965687078
0000000293,US,13563869,910024914781,01,DSM-Firmenich Nutritional Products ,US493790141415362276
0000000294,DE,68607363,334552971057,01,Kallfass Shrink Wrap Solutions 294,DE64070446878913484778
0000000295,US,98342130,971227949318,01,Ball Beverage Packaging Corp 295,US233083601046822823
0000000296,DE,78330356,230941360273,01,FMC BioPolymer Food Texturizers 296,DE10089677997815437876
0000000297,DE,15029740,703582687376,01,Hearthside Food Solutions Co-Packin,DE48658163724244807277
0000000298,DE,67347605,331513963445,01,Agrana Fruit Preparations 298,DE80213246839371966259
0000000299,IN,37967928,42707011675,01,Americold Temperature-Controlled 29,IN183373182339356224
0000000300,IN,62218908,328307878205,01,Tetra Pak Packaging Systems 300,IN234211755694796443
0000000301,DE,31684479,185243616611,01,Ball Beverage Packaging Corp 301,DE06456980722460582440
0000000302,DE,27241808,892598666199,01,Spirax Sarco Clean Steam Systems 30,DE71469970196975638184
0000000303,DE,70722769,136118295450,01,Quad Packaging Retail Displays 303,DE53440133219078162650
0000000304,DE,38018859,485151038959,01,TreeHouse Private Brands Co-Packing,DE95846044013812627348
0000000305,DE,58385021,969232864283,01,Sealed Air Protective Packaging 305,DE38305273057768637644
0000000306,DE,45260096,103271300867,01,Refresco Beverages Bottling 306,DE20287839730729979254
0000000307,DE,34235418,252409963742,01,Graphic Packaging International 307,DE53790927634513165548
0000000308,DE,38676458,147301737305,01,Diversey Hygiene & CIP Solutions 30,DE80032440168507590200
0000000309,NL,18713806,251182577873,01,Ball Beverage Packaging Corp 309,NL4511845506454178
0000000310,DE,64565700,605054142569,01,Nutra-Blend Contract Manufacturing ,DE60886280917001094369
0000000311,DE,12532270,360382591596,01,Barry Callebaut Cocoa Products 311,DE91202144103510842851
0000000312,DE,28338178,40848171225,01,Klüber Food-Grade Lubricants 312,DE03851131097781252516
0000000313,US,58803874,568715371963,01,Fonterra Dairy Commodities 313,US397172842135286402
0000000314,US,78719319,470998479224,01,Kerry Taste & Nutrition Ingredients,US110892764982563683
0000000315,GB,22363487,758351375981,01,Novelis Aluminum Can Sheet 315,GB13933827317856432732
0000000316,IN,88061689,407724680677,01,Bollore Logistics Food Cargo 316,IN187993763566478587
0000000317,IN,30682411,221287309742,01,Kerry Taste & Nutrition Ingredients,IN879452306864169326
0000000318,BR,65139902,364133165969,01,Ardagh Glass Packaging 318,BR546073524667770086518514008
0000000319,US,73617029,418173603960,01,Constantia Flexibles Food Pkg 319,US067792689908322112
0000000320,GB,36368322,845356868875,01,NFI Dedicated Fleet & Crossdock 320,GB27332158182728547586
0000000321,DE,50342521,237271941251,01,Barry Callebaut Cocoa Products 321,DE35569167324646482360
0000000322,FR,62295174,186145028604,01,FMC BioPolymer Food Texturizers 322,FR3704752570222468626510572
0000000323,CH,18331745,82411162715,01,Glanbia Nutritionals Dairy Isolates,CH8420251026567038191
0000000324,DE,85406370,970935873357,01,Amcor Flexibles Packaging 324,DE44199706021825735892
0000000325,US,36505555,465177246776,01,Tetra Pak &amp; Packaging Systems,US049089093070704217
0000000326,IN,88244475,343230919093,01,Diversey&#39;s Hygiene Products,IN989348195621846399
0000000327,US,20077458,235537735798,01,Refresco Beverages Bottling    ,US945424627094619152
0000000328,US,43487805,166963615822,01,CARGILL FOOD INGREDIENTS BV,US120703346910583916
0000000329,DE,51860882,86441593434,01,Roquette Fr&egrave;res Nutrition,DE06270755659332592035
0000000330,DE,94378401,807168609277,01,Nutra-Blend Contract Manufacturing ,DE34992358816014733284
0000000331,IN,99031563,91378281385,01,Ingredion Modified Food Starches 33,IN299129369827571099
0000000332,DE,65277579,595462893310,01,Ball Beverage Packaging Corp 332,DE56981114151371251525
0000000333,US,73222248,951591119286,01,Krones Bottling & Canning Machinery,US119520075482811268
0000000334,US,52200544,349726605074,01,Bunge Refined Edible Oils 334,US999165909269349542
0000000335,CH,27129638,597685350600,01,Greif Industrial Drum Packaging 335,CH0081289203775992444
0000000336,US,94397189,602849011964,01,Chr. Hansen Food Cultures & Enzymes,US005560239570945112
0000000337,GB,98671386,798234256539,01,Quad Packaging Retail Displays 337,GB94998453333435607180
0000000338,IN,66250899,625616773559,01,Bollore Logistics Food Cargo 338,IN663165000342738034
0000000339,DE,22513577,249792180340,01,Novelis Aluminum Can Sheet 339,DE45280365176163248818
0000000340,DE,11228131,312520436585,01,Agrana Fruit Preparations 340,DE62122572411328633485
0000000341,CH,13864700,191628570290,01,AAK Specialty Vegetable Fats 341,CH8531142721762120691
0000000342,DE,61925466,49216848291,01,Pacmoore Dry Blending & Sifting 342,DE29141860149680049116
0000000343,IN,89234132,989598791481,01,Ingredion Modified Food Starches 34,IN464902130285537801
0000000344,DE,66101245,735848372969,01,Cargill Food Ingredients & Starches,DE51223260000764313767
0000000345,GB,18588637,814956959329,01,Kuehne + Nagel FMCG Supply Chain 34,GB39375682277912964950
0000000346,DE,54492862,320446114560,01,Sealed Air Protective Packaging 346,DE42207693661044973366
0000000347,GB,66115154,138726271641,01,Symrise Taste & Nutrition Solutions,GB05586406761263664386
0000000348,GB,37447226,268728073337,01,SIG Combibloc Aseptic Systems 348,GB11455018525490213007
0000000349,BR,70875238,373932775213,01,Lactalis Food Ingredients 349,BR727568701456832975245843098
0000000350,CH,80302293,44548653595,01,C.H. Robinson Worldwide Freight 350,CH0760337314728011292
0000000351,US,43407750,404015776952,01,Spirax Sarco Clean Steam Systems 35,US637692424185780410
0000000352,IN,65468928,145218965063,01,Klöckner Pentaplast Food Films 352,IN943981687787197765
0000000353,GB,38925378,753724804094,01,Symrise Taste & Nutrition Solutions,GB88053869172458967099
0000000354,BR,86133355,943589160965,01,Bühler Food Processing Machinery 35,BR838264265046991247105737347
0000000355,DE,11577154,217446698597,01,Sealed Air Protective Packaging 355,DE42189521988090862918
0000000356,US,82898620,225212498101,01,Graphic Packaging International 356,US928639596647020366
0000000357,DE,48391676,481566693391,01,AptarGroup Dispensing Systems 357,DE85099270816705206801
0000000358,US,54533750,431749887321,01,Kuehne + Nagel FMCG Supply Chain 35,US138786509757726002
0000000359,DE,56784401,423649120996,01,Sealed Air Protective Packaging 359,DE83681615233516095321
0000000360,IN,70505750,291120380213,01,Cargill Food Ingredients & Starches,IN096149185574103947
0000000361,BR,66692915,91678883247,01,Schawk Global Pre-Media & Packaging,BR548457214403095326033752995
0000000362,GB,89626949,837532771910,01,DSV Road Freight & FMCG Logistics 3,GB52360973065245628707
0000000363,DE,55764539,173677049384,01,Hearthside Food Solutions Co-Packin,DE94435823687115949058
0000000364,IN,11027311,140465754413,01,Alfa Laval Hygienic Pumps & Valves ,IN886728897499185117
0000000365,DE,97573473,217423126835,01,Smurfit Kappa Corrugated 365,DE06091018122260748690
0000000366,GB,93086620,786050027665,01,Schawk Global Pre-Media & Packaging,GB99654374744267381706
0000000367,US,59210325,177747950753,01,Sonoco Products Industrial 367,US989937142610029743
0000000368,US,48186811,737493436013,01,Cargill Food Ingredients & Starches,US201461937007940045
0000000369,DE,38042768,287342998473,01,Krones Bottling & Canning Machinery,DE89589235738615402285
0000000370,DE,65454417,701015035100,01,Endress+Hauser Sanitary Instrumenta,DE32880299684371338517
0000000371,DE,99900450,319379636482,01,Silgan Closures & Metal Containers ,DE08676030377355321846
0000000372,BR,17653101,713445345021,01,DSM-Firmenich Nutritional Products ,BR612889378209000850410985059
0000000373,BR,40956106,766946954025,01,Alfa Laval Hygienic Pumps & Valves ,BR905976070224424190709640885
0000000374,US,71587674,769344435498,01,Kalyan Retail Display & POS Solutio,US978892980969670642
0000000375,DE,70111368,553413255632,01,Pacmoore Dry Blending & Sifting 375,DE21597142973074448548
0000000376,US,26812821,583647541230,01,Sensient Technologies Flavors 376,US594259607376445144
0000000377,FR,79105851,623818331755,01,Endress+Hauser Sanitary Instrumenta,FR6160381566790258513641364
0000000378,CH,49780231,602402527332,01,Kalsec Natural Herb Extracts & Colo,CH8937000791487351085
0000000379,US,57309011,438517162532,01,Del Monte Toll Manufacturing 379,US305019508307127195
0000000380,US,75937854,702581107205,01,Hearthside Food Solutions Co-Packin,US402011171605802594
0000000381,US,96319175,381537223747,01,Krones Bottling & Canning Machinery,US112168601074198796
0000000382,US,66837790,285064381668,01,Bühler Food Processing Machinery 38,US753476963868739934
0000000383,US,76577067,53637882974,01,DSV Road Freight & FMCG Logistics 3,US754262327268964956
0000000384,FR,45925787,217924523894,01,Graphic Packaging International 384,FR7586969688298520643499218
0000000385,FR,64829712,884781663305,01,Ball Beverage Packaging Corp 385,FR6282294535377309012470429
0000000386,IN,91001528,219006042700,01,XPO Logistics Ambient & Reefer 386,IN564941936969050439
0000000387,DE,24755720,41176615968,01,SIG Combibloc Aseptic Systems 387,DE66623690220957668768
0000000388,NL,54373957,87707189355,01,Refresco Beverages Bottling 388,NL7711652841425831
0000000389,GB,99635689,122736321176,01,HAVI Global Logistics & Supply Chai,GB65455633064069020493
0000000390,GB,57980037,831271571893,01,Americold Temperature-Controlled 39,GB66694451422088683478
0000000391,DE,32385662,468125155186,01,DB Schenker Dedicated Fleet Logisti,DE21702196306050827263
0000000392,DE,19899046,818915647229,01,Ardagh Glass Packaging 392,DE40377859167460172279
0000000393,DE,81214939,43766147867,01,TreeHouse Private Brands Co-Packing,DE33966038438117124744
0000000394,GB,91386748,72337834317,01,Barentz Food & Nutrition Distributi,GB13576108224627868654
0000000395,DE,96237148,353647751907,01,Tate & Lyle Sweeteners & Starches 3,DE01599637304858167748
0000000396,IN,30886935,109047336505,01,Americold Temperature-Controlled 39,IN525032471015406356
0000000397,DE,20868301,951790482849,01,Lactalis Food Ingredients 397,DE12309073824687330554
0000000398,DE,63230861,258900892925,01,AptarGroup Dispensing Systems 398,DE60077264365724508864
0000000399,GB,19619513,958985876273,01,Geodis Contract Logistics & Haulage,GB71231310553205178657
0000000400,US,95520167,243283720729,01,Fuchs Food Technology & Blending 40,US405666797645764103
0000000401,US,20843786,766607895794,01,Merck Millipore Food Microbiology 4,US779944237768314501
0000000402,BR,88402053,90135495777,01,Stora Enso Brand Activation Display,BR673236133864424617541454148
0000000403,US,69138923,243854213306,01,C.H. Robinson Worldwide Freight 403,US934418578072679693
0000000404,DE,62476756,421416079334,01,Klüber Food-Grade Lubricants 404,DE14709184026115135484
0000000405,IN,74316841,924534848255,01,Alpla Plastic Technologies 405,IN235559925720546642
0000000406,GB,20570710,382244953178,01,Alpla Plastic Technologies 406,GB51977916403209076504
0000000407,US,27217782,175004428056,01,Smurfit Kappa Corrugated 407,US211016796846578525
0000000408,US,48233190,677807970029,01,Alpla Plastic Technologies 408,US463914154345066980
0000000409,BR,20330669,235043574153,01,Refresco Beverages Bottling 409,BR669742920593387715629508287
0000000410,BR,97009360,978451929945,01,Kalyan Retail Display & POS Solutio,BR539107600937612919824835706
0000000411,NL,17554086,521733313745,01,HAVI Global Logistics & Supply Chai,NL6673753498695818
0000000412,DE,39236279,695082849682,01,Tate & Lyle Sweeteners & Starches 4,DE19781806738079924419
0000000413,DE,34454088,210193547965,01,Krones Bottling & Canning Machinery,DE40635228753037607436
0000000414,GB,55321958,50915089374,01,Barentz Food & Nutrition Distributi,GB64637512757611471670
0000000415,US,63748842,71902274788,01,Bollore Logistics Food Cargo 415,US029494414220936679
0000000416,DE,22624199,678266286614,01,Sudzucker Industrial Sugars 416,DE57780627430807217581
0000000417,GB,99678006,172931051283,01,Endress+Hauser Sanitary Instrumenta,GB62836347917403908233
0000000418,BR,93348828,681920471705,01,Alpla Plastic Technologies 418,BR784381896658309701361590923
0000000419,US,61218112,642808912629,01,Americold Temperature-Controlled 41,US695752502865760627
0000000420,US,27021030,719464030594,01,Refresco Beverages Bottling 420,US610417218652223973
0000000421,DE,92180715,805251531821,01,Kallfass Shrink Wrap Solutions 421,DE04881253613023853986
0000000422,DE,80204163,687365669675,01,Huhtamaki Foodservice Packaging 422,DE96898824984330840485
0000000423,DE,10608036,838680266326,01,Ball Beverage Packaging Corp 423,DE55259222766544554417
0000000424,US,96231907,958873265843,01,Alfa Laval Hygienic Pumps & Valves ,US885024007729791384
0000000425,BR,53727112,718259759702,01,Thielmann Aseptic Keg Services 425,BR355963628626938953892703485
0000000426,US,40779634,376742948522,01,Kallfass Shrink Wrap Solutions 426,US317997447588198396
0000000427,GB,42308550,355501950431,01,Archer Daniels Midland Nutrition 42,GB89413857672657450333
0000000428,US,12542799,927510733434,01,Klüber Food-Grade Lubricants 428,US078153396276539943
0000000429,BR,60472286,523950865802,01,Bühler Food Processing Machinery 42,BR023197232625577256124448942
0000000430,IN,26647276,494431221093,01,DS Smith Corrugated Packaging 430,IN384814123565958447
0000000431,DE,60242229,299986742640,01,Smurfit Kappa Corrugated 431,DE66987131778897445221
0000000432,DE,74426988,513910365051,01,Festo Pneumatics & Factory Automati,DE33410342705760877335
0000000433,US,42503259,322026751575,01,Alfa Laval Hygienic Pumps & Valves ,US735936331269406978
0000000434,IN,14941784,513218780679,01,Diversey Hygiene & CIP Solutions 43,IN097078573406557890
0000000435,BR,23663675,978890382917,01,Festo Pneumatics & Factory Automati,BR329724334957440774688516773
0000000436,US,56049222,662330262839,01,FMC BioPolymer Food Texturizers 436,US506077601749838664
0000000437,CH,30879722,276166036260,01,Olam Agri Commodities & Nuts 437,CH0085333825047322311
0000000438,US,91296702,311364883623,01,NFI Dedicated Fleet & Crossdock 438,US197692568957684984
0000000439,NL,22819408,100659506213,01,Quad Packaging Retail Displays 439,NL9906033294383997
0000000440,NL,58946508,184127507558,01,Fonterra Dairy Commodities 440,NL6463668576999533
0000000441,DE,79636081,979563215034,01,Chr. Hansen Food Cultures & Enzymes,DE91471590259087799023
0000000442,DE,44777922,774640155118,01,Festo Pneumatics & Factory Automati,DE68316857270591519292
0000000443,DE,63898807,216126841926,01,Gerresheimer Glass Packaging 443,DE23638930030407868463
0000000444,CH,51991638,500589593742,01,Tetra Pak Packaging Systems 444,CH4847393771519853030
0000000445,IN,92963151,808098919862,01,Amcor Flexibles Packaging 445,IN809979360888761281
0000000446,GB,81879932,456873821807,01,Hearthside Food Solutions Co-Packin,GB89108361785315647770
0000000447,IN,86330033,152313392446,01,Silgan Closures & Metal Containers ,IN669931160210648567
0000000448,US,44103198,210616142882,01,Stora Enso Brand Activation Display,US591321706596716503
0000000449,NL,48659554,33437388654,01,Cott Bottling & Beverage Services 4,NL1910788293990520
0000000450,FR,77468091,804038850112,01,HAVI Global Logistics & Supply Chai,FR5336203638255948369680394
0000000451,DE,27176774,925010897816,01,Cargill Food Ingredients & Starches,DE58978502827905052172
0000000452,DE,79934871,879693887598,01,Sonoco Products Industrial 452,DE93217207145033123074
0000000453,US,95846292,898889951981,01,Merck Millipore Food Microbiology 4,US571748255857836183
0000000454,IN,99057865,730883568579,01,XPO Logistics Ambient & Reefer 454,IN518515075130854768
0000000455,GB,75090023,451570621936,01,FMC BioPolymer Food Texturizers 455,GB65633542235303293373
0000000456,DE,94356947,771959284197,01,HAVI Global Logistics & Supply Chai,DE62790672569147867643
0000000457,US,45999989,450309965846,01,Agrana Fruit Preparations 457,US337748645279093518
0000000458,US,63150566,214821868987,01,NFI Dedicated Fleet & Crossdock 458,US807561915772764406
0000000459,CH,44096640,720131688576,01,Klöckner Pentaplast Food Films 459,CH6988927130832738394
0000000460,DE,56428671,285869272217,01,Schawk Global Pre-Media & Packaging,DE28358084279611673676
0000000461,US,18451222,658589925149,01,Sudzucker Industrial Sugars 461,US678346683098997866
0000000462,GB,84770388,946948938203,01,Geodis Contract Logistics & Haulage,GB04331934263627057043
0000000463,GB,99429774,983608100940,01,Lactalis Food Ingredients 463,GB55154305627612196177
0000000464,DE,79437440,708727389067,01,Avery Dennison Label Solutions 464,DE35243750037272827561
0000000465,IN,65100031,622914284202,01,Pacmoore Dry Blending & Sifting 465,IN110578049283341001
0000000466,DE,54697978,278641499377,01,Avery Dennison Label Solutions 466,DE48762686641945413674
0000000467,DE,22781645,586805655845,01,Avery Dennison Label Solutions 467,DE36463213358659373490
0000000468,DE,64866081,49973158214,01,SIG Combibloc Aseptic Systems 468,DE18596111277643428947
0000000469,DE,44156455,737555538182,01,Pacmoore Dry Blending & Sifting 469,DE57869133307427410630
0000000470,US,71755903,676804233219,01,Spirax Sarco Clean Steam Systems 47,US660179472057153091
0000000471,DE,59011649,892542013544,01,AAK Specialty Vegetable Fats 471,DE76794429742877500152
0000000472,DE,21458804,237081633379,01,AAK Specialty Vegetable Fats 472,DE23110204816924624754
0000000473,BR,18396069,765292411254,01,Cott Bottling & Beverage Services 4,BR291796696236851859396278977
0000000474,IN,28990527,558857651053,01,Pall Food & Beverage Sterile Filter,IN854501118061880146
0000000475,DE,86183158,925048241003,01,Klöckner Pentaplast Food Films 475,DE36397426332382910758
0000000476,DE,55984183,233294715249,01,AptarGroup Dispensing Systems 476,DE34503056562875758892
0000000477,DE,28062900,31776930355,01,Amcor Flexibles Packaging 477,DE92513981459004794470
0000000478,US,66611409,733985132752,01,Berry Global Consumer Packaging 478,US415737346604940583
0000000479,DE,16620388,330238323118,01,Amcor Flexibles Packaging 479,DE13508632346416439760
0000000480,CH,43577603,880592486024,01,Krones Bottling & Canning Machinery,CH5977621897561085035
0000000481,DE,87789531,509486589172,01,DSV Road Freight & FMCG Logistics 4,DE94199029773171159074
0000000482,US,47090318,11799261717,01,De-Roose Private Label Co-Packing 4,US186195781860328843
0000000483,DE,44053876,629686067628,01,Festo Pneumatics & Factory Automati,DE26301008092035675028
0000000484,GB,90919608,110323220493,01,Tereos Pure Sugar & Sweeteners 484,GB44861359831960035265
0000000485,DE,53051701,263889939836,01,Gerresheimer Glass Packaging 485,DE45157446802396757662
0000000486,US,20741296,841263333389,01,Barry Callebaut Cocoa Products 486,US422154873749937325
0000000487,DE,15796754,334232118640,01,XPO Logistics Ambient & Reefer 487,DE79721030324475987248
0000000488,BR,24117849,57296294904,01,Mauser Packaging Solutions 488,BR494342744571352396756265348
0000000489,GB,60862626,652647749287,01,XPO Logistics Ambient & Reefer 489,GB71868059746888430658
0000000490,DE,64528354,413936689006,01,Bühler Food Processing Machinery 49,DE24177460979154174961
0000000491,US,37073895,255107288132,01,Kuehne + Nagel FMCG Supply Chain 49,US192725220470895976
0000000492,DE,10309521,672727845576,01,Spirax Sarco Clean Steam Systems 49,DE31353750527078258357
0000000493,IN,55720290,118018140339,01,Ball Beverage Packaging Corp 493,IN157772399502473130
0000000494,US,84776832,468941826155,01,Gerresheimer Glass Packaging 494,US564360791204909959
0000000495,IN,38031039,653626381720,01,Del Monte Toll Manufacturing 495,IN765454952708857184
0000000496,US,99460547,432976804598,01,Festo Pneumatics & Factory Automati,US310115003714309117
0000000497,GB,10486734,795922292699,01,Corbion Lactic Acid & Preservation ,GB83323566608414600165
0000000498,NL,43938611,186868038068,01,TreeHouse Private Brands Co-Packing,NL8270572591095496
0000000499,US,39013495,586824504446,01,Tetra Pak Packaging Systems 499,US700024524075506037
0000000500,US,85899625,548317498558,01,Berry Global Consumer Packaging 500,US684163508173279402
0000000501,US,96898625,219403367581,01,Geodis Contract Logistics & Haulage,US755515999808860699
0000000502,US,72632102,912968646060,01,Endress+Hauser Sanitary Instrumenta,US938999288511655616
0000000503,BR,73059095,498046331302,01,Alfa Laval Hygienic Pumps & Valves ,BR294748213633851934347388686
0000000504,DE,86685884,838719950386,01,Symrise Taste & Nutrition Solutions,DE82502254000264324213
0000000505,IN,28578556,400972655181,01,Barry Callebaut Cocoa Products 505,IN210450772899612914
0000000506,US,34465088,342003231823,01,Lineage Logistics Refrigerated Ware,US929357865162969281
0000000507,CH,87203186,703393385300,01,Pall Food & Beverage Sterile Filter,CH2777669449925717137
0000000508,US,41712644,359211800375,01,Krones Bottling & Canning Machinery,US071557648486344873
0000000509,BR,98403676,60864716246,01,Pall Food & Beverage Sterile Filter,BR726165777438921964032751935
0000000510,DE,84884890,244498503145,01,Crown Cork & Seal Europe 510,DE31880204228609411242
0000000511,IN,95032438,591858895269,01,Archer Daniels Midland Nutrition 51,IN374020931838409380
0000000512,FR,88887625,697930483876,01,Ecolab Food & Beverage Hygiene 512,FR9018869305188128045588789
0000000513,DE,56881785,820116821702,01,Amcor Flexibles Packaging 513,DE26627074347398371569
0000000514,US,64972840,19236565869,01,Lactalis Food Ingredients 514,US847186868721804001
0000000515,GB,52197020,617787855549,01,Del Monte Toll Manufacturing 515,GB65365401290907009740
0000000516,US,16718289,240370035996,01,Smurfit Kappa Corrugated 516,US545505078632545770
0000000517,NL,57408537,464566972173,01,NFI Dedicated Fleet & Crossdock 517,NL9030534573104148
0000000518,GB,95673663,610814557349,01,Kalyan Retail Display & POS Solutio,GB16846432427792769556
0000000519,US,86462896,114263563340,01,Kalsec Natural Herb Extracts & Colo,US632548245935438341
0000000520,CH,67040732,388854109555,01,De-Roose Private Label Co-Packing 5,CH4363492759629003833
0000000521,BR,38712940,848140321937,01,FMC BioPolymer Food Texturizers 521,BR447023645143560120992369295
0000000522,DE,14895996,622334914130,01,Gerresheimer Glass Packaging 522,DE55284454302272570002
0000000523,DE,31124324,338649231976,01,Stora Enso Brand Activation Display,DE62067195632716635713
0000000524,US,70712265,360823723321,01,Fonterra Dairy Commodities 524,US601218237489103502
0000000525,DE,79334562,696144067234,01,Huhtamaki Foodservice Packaging 525,DE18800405115457465310
0000000526,IN,28862297,432530977918,01,SKF Food Line Bearings & Lubricatio,IN688823019615810820
0000000527,US,59256735,245991601979,01,Sonoco Products Industrial 527,US988901668976250029
0000000528,DE,22417137,554506855911,01,Crown Cork & Seal Europe 528,DE57888678365874572920
0000000529,FR,22513974,830779109462,01,Pall Food & Beverage Sterile Filter,FR0199510996231863454520931
0000000530,US,98661834,554267070817,01,Cott Bottling & Beverage Services 5,US420183924913957422
0000000531,FR,70362222,285608261209,01,Alfa Laval Hygienic Pumps & Valves ,FR6595092127921690801742060
0000000532,IN,75620447,264696292214,01,Fonterra Dairy Commodities 532,IN080966271209022543
0000000533,DE,85353945,853029474780,01,DS Smith Corrugated Packaging 533,DE65522006419944749724
0000000534,NL,87057351,344199897934,01,SIG Combibloc Aseptic Systems 534,NL5889419017400610
0000000535,DE,48468682,96750818307,01,DHL Supply Chain Cold-Chain 535,DE98354226354739294687
0000000536,GB,58344299,998479538985,01,Olam Agri Commodities & Nuts 536,GB09067534377966414987
0000000537,GB,30772924,556223506083,01,Berry Global Consumer Packaging 537,GB47917535892686340799
0000000538,DE,46705807,222519410567,01,Kalyan Retail Display & POS Solutio,DE78464003642361733385
0000000539,BR,35229985,967086161356,01,Agrana Fruit Preparations 539,BR323256412963085264805395136
0000000540,US,97033089,362012447228,01,XPO Logistics Ambient & Reefer 540,US093000986703005122
0000000541,BR,93682955,566332798870,01,SKF Food Line Bearings & Lubricatio,BR098065175398676875416206548
0000000542,BR,72572823,692269349141,01,Mauser Packaging Solutions 542,BR298997019751147598136678147
0000000543,CH,94260732,668594091184,01,Pall Food & Beverage Sterile Filter,CH2536544281767769181
0000000544,DE,95236926,442544290165,01,Barentz Food & Nutrition Distributi,DE89182566389394235729
0000000545,US,94529490,844657009721,01,Kalsec Natural Herb Extracts & Colo,US755880720265340375
0000000546,US,98573777,764566738549,01,Klöckner Pentaplast Food Films 546,US063875909560799411
0000000547,DE,63262557,797266620579,01,DB Schenker Dedicated Fleet Logisti,DE01325063654779718983
0000000548,BR,56473789,619764977704,01,DB Schenker Dedicated Fleet Logisti,BR982460423907493681192820003
0000000549,US,43453059,817181540340,01,Sealed Air Protective Packaging 549,US965126149811865214
0000000550,IN,67278646,391762953052,01,Agrana Fruit Preparations 550,IN723140685148061648
0000000551,US,94453907,359181202572,01,XPO Logistics Ambient & Reefer 551,US067307030566771820
0000000552,IN,38159410,11386698031,01,Fonterra Dairy Commodities 552,IN912075096686148597
0000000553,IN,28997957,33471045213,01,Bühler Food Processing Machinery 55,IN814318768460203900
0000000554,IN,23366770,432368880528,01,FMC BioPolymer Food Texturizers 554,IN240527507041981010
0000000555,US,58139173,348918426548,01,Americold Temperature-Controlled 55,US869457071313121699
0000000556,US,53537171,922284290451,01,Sensient Technologies Flavors 556,US596629798391381370
0000000557,US,54239781,176132847036,01,Nutra-Blend Contract Manufacturing ,US836847510045022985
0000000558,DE,78115337,774124148270,01,SIG Combibloc Aseptic Systems 558,DE74847839192936275137
0000000559,NL,85635834,488078347542,01,Kerry Taste & Nutrition Ingredients,NL3468114550334183
0000000560,US,23969371,2670976881,01,Del Monte Toll Manufacturing 560,US598959078691727530
0000000561,DE,78990312,298193515642,01,Geodis Contract Logistics & Haulage,DE46066857094311286658
0000000562,US,89778219,512645047894,01,Crest Foods Contract Blending 562,US193307826786813698
0000000563,US,78733140,565343945291,01,Diversey Hygiene & CIP Solutions 56,US657794609564425677
0000000564,BR,49888019,305005661272,01,Geodis Contract Logistics & Haulage,BR366272804914373624356082365
0000000565,GB,92037083,363992273561,01,Sonoco Products Industrial 565,GB96874679384794495359
0000000566,BR,39270317,340263686671,01,Klöckner Pentaplast Food Films 566,BR649296064909616605251173094
0000000567,GB,88902387,377256378444,01,Archer Daniels Midland Nutrition 56,GB15601091883126782426
0000000568,GB,35283206,267837551740,01,Amcor Flexibles Packaging 568,GB24273023369090440439
0000000569,GB,58378939,304068357736,01,Menasha In-Store Merchandising 569,GB77115260647783449119
0000000570,IN,97121722,719276824166,01,FMC BioPolymer Food Texturizers 570,IN703253693395092304
0000000571,DE,82334439,884069822371,01,Fuchs Food Technology & Blending 57,DE69264817064017257989
0000000572,DE,66920243,20597101947,01,Avery Dennison Label Solutions 572,DE16153301706907961052
0000000573,US,51518739,37986546405,01,C.H. Robinson Worldwide Freight 573,US458937512627805536
0000000574,DE,29690538,1483076047,01,Lineage Logistics Refrigerated Ware,DE82419005856424025458
0000000575,US,32349259,606120794719,01,Ecolab Food & Beverage Hygiene 575,US901168700945024453
0000000576,IN,46339682,449785726628,01,Klüber Food-Grade Lubricants 576,IN058868946283325645
0000000577,GB,81986705,15005335278,01,KDC/One FMCG Custom Manufacturing 5,GB48623470416549515717
0000000578,FR,29680026,442924564719,01,Schawk Global Pre-Media & Packaging,FR6063103805437357086399530
0000000579,IN,72573929,579028008666,01,Barry Callebaut Cocoa Products 579,IN111725396287069520
0000000580,DE,69054737,132866024190,01,Olam Agri Commodities & Nuts 580,DE46764830419422295754
0000000581,DE,30356298,453232872757,01,Novelis Aluminum Can Sheet 581,DE00909506015370032469
0000000582,BR,40822232,751345086685,01,AptarGroup Dispensing Systems 582,BR600668366246696845743811667
0000000583,DE,44616781,716837685463,01,Endress+Hauser Sanitary Instrumenta,DE12417229780814762447
0000000584,GB,86964296,863306796174,01,Lactalis Food Ingredients 584,GB64579705378450327502
0000000585,US,92178088,563790438810,01,Kalyan Retail Display & POS Solutio,US097517642065227397
0000000586,DE,24667356,989259825219,01,DSM-Firmenich Nutritional Products ,DE16073605445593212845
0000000587,GB,38138031,898872857457,01,Sensient Technologies Flavors 587,GB67129580164169613351
0000000588,DE,87100880,956703416686,01,XPO Logistics Ambient & Reefer 588,DE84787107292723012417
0000000589,DE,43832258,523621039115,01,Sealed Air Protective Packaging 589,DE98044458318149495655
0000000590,IN,71877617,520436386842,01,Bühler Food Processing Machinery 59,IN325879209919994803
0000000591,FR,90808054,200436652699,01,Del Monte Toll Manufacturing 591,FR6399528501292264731894811
0000000592,IN,42211232,988274732234,01,Kallfass Shrink Wrap Solutions 592,IN094632032311622246
0000000593,CH,97317744,828706655147,01,Kuehne + Nagel FMCG Supply Chain 59,CH9046248487162648547
0000000594,GB,16373472,438683670436,01,Pall Food & Beverage Sterile Filter,GB43838342472506553016
0000000595,BR,82517098,475083754613,01,Smurfit Kappa Corrugated 595,BR593925753589894012681659078
0000000596,US,38133133,176001844748,01,Tetra Pak Packaging Systems 596,US924342797519771143
0000000597,US,13900400,270390550339,01,Bollore Logistics Food Cargo 597,US159422990158268796
0000000598,IN,59430096,269351011178,01,Del Monte Toll Manufacturing 598,IN341688467033352972
0000000599,US,95366281,910112265876,01,Schawk Global Pre-Media & Packaging,US158890770713246769
0000000600,DE,70380282,507733401300,01,Fonterra Dairy Commodities 600,DE62145807472845893629
0000000601,US,79108609,292618731075,01,Ardagh Glass Packaging 601,US747276062634606416
0000000602,IN,45134226,348634724990,01,Berry Global Consumer Packaging 602,IN558940465209082562
0000000603,GB,77720164,101926573387,01,Novelis Aluminum Can Sheet 603,GB83524638705018228341
0000000604,GB,98038377,539803010712,01,DHL Supply Chain Cold-Chain 604,GB17033663658345633836
0000000605,CH,94448949,148689849402,01,Graphic Packaging International 605,CH5643388856961881998
0000000606,DE,81080837,179243821420,01,Olam Agri Commodities & Nuts 606,DE70600612947302764362
0000000607,IN,37176565,563751185082,01,Constantia Flexibles Food Pkg 607,IN753083819772907594
0000000608,GB,48864288,918593931763,01,Menasha In-Store Merchandising 608,GB70217893814357286219
0000000609,US,41764883,172387395320,01,TreeHouse Private Brands Co-Packing,US340909177728742664
0000000610,DE,33608983,511639372532,01,Fuchs Food Technology & Blending 61,DE44128110106202053069
0000000611,IN,16810112,600388705064,01,Crest Foods Contract Blending 611,IN675633181555023976
0000000612,FR,22629912,255054206696,01,Krones Bottling & Canning Machinery,FR7864997604066901572381770
0000000613,IN,43422280,292194543534,01,Sonoco Products Industrial 613,IN549084307471761037
0000000614,US,25793656,28463626949,01,Ecolab Food & Beverage Hygiene 614,US869506877387999753
0000000615,BR,37618554,465115999744,01,Lactalis Food Ingredients 615,BR340529893681724016500492042
0000000616,IN,39018227,238504151629,01,Del Monte Toll Manufacturing 616,IN874872855181450515
0000000617,DE,53623780,597628227402,01,Fuchs Food Technology & Blending 61,DE81397391615402387245
0000000618,BR,37674589,780741881396,01,HAVI Global Logistics & Supply Chai,BR435612022233475792340024314
0000000619,US,63638216,134304258873,01,Roquette Frères Plant Proteins 619,US250172731132304313
0000000620,US,14167151,219440952867,01,Berry Global Consumer Packaging 620,US805170336332752528
0000000621,NL,41067928,497068000569,01,Cott Bottling & Beverage Services 6,NL0202726235670200
0000000622,US,90661320,456074466956,01,Menasha In-Store Merchandising 622,US614125742108948272
0000000623,DE,59345215,867115031207,01,Spirax Sarco Clean Steam Systems 62,DE89364952760690118787
0000000624,US,12585103,302680856882,01,Pall Food & Beverage Sterile Filter,US865174404893637319
0000000625,US,44236666,672239323889,01,Silgan Closures & Metal Containers ,US743107686344100498
0000000626,DE,18970696,226257415558,01,Kalsec Natural Herb Extracts & Colo,DE24627526875849540980
0000000627,US,69720986,512155908657,01,Corbion Lactic Acid & Preservation ,US591726497288793268
0000000628,BR,33317675,776780672541,01,XPO Logistics Ambient & Reefer 628,BR888331985646878655601836948
0000000629,US,55855668,617403624049,01,Avery Dennison Label Solutions 629,US179889965507071913
0000000630,DE,63865433,281280095839,01,Klüber Food-Grade Lubricants 630,DE36998274817849869879
0000000631,DE,34793325,547496687163,01,Gerresheimer Glass Packaging 631,DE96958740586319177509
0000000632,GB,32279754,531025502630,01,Diversey Hygiene & CIP Solutions 63,GB55664053729863037611
0000000633,DE,10156208,17445896090,01,Chr. Hansen Food Cultures & Enzymes,DE19487800250674777920
0000000634,GB,14714118,979777099008,01,Greif Industrial Drum Packaging 634,GB52216475891404288344
0000000635,DE,63038447,745577465835,01,Bunge Refined Edible Oils 635,DE27554545090377041690
0000000636,CH,26778200,820673706484,01,FMC BioPolymer Food Texturizers 636,CH3921992097947277205
0000000637,FR,29681395,166988872925,01,Hearthside Food Solutions Co-Packin,FR2341354650738277621422196
0000000638,IN,31386369,575541117203,01,Endress+Hauser Sanitary Instrumenta,IN217826172087877055
0000000639,DE,29136082,231446384457,01,Schawk Global Pre-Media & Packaging,DE28242181168553691686
0000000640,US,11696688,508963128698,01,Symrise Taste & Nutrition Solutions,US215767619530962833
0000000641,DE,29338017,405138637459,01,Smurfit Kappa Corrugated 641,DE46746402181994562955
0000000642,US,95316737,631513177189,01,SKF Food Line Bearings & Lubricatio,US066696522601535697
0000000643,US,20830992,755543871805,01,Glanbia Nutritionals Dairy Isolates,US710487567449448855
0000000644,DE,43099853,615791608412,01,Fuchs Food Technology & Blending 64,DE57072338313549426452
0000000645,US,55206796,657773315721,01,Tetra Pak Packaging Systems 645,US225374463004018018
0000000646,US,72779379,228375631501,01,HAVI Global Logistics & Supply Chai,US336933727192945506
0000000647,US,10682953,107502081899,01,Chr. Hansen Food Cultures & Enzymes,US500547772813947861
0000000648,GB,72951949,394050058192,01,Huhtamaki Foodservice Packaging 648,GB66244086549297665034
0000000649,US,43141686,300426962612,01,Graphic Packaging International 649,US498242924507871903
0000000650,DE,68618675,99729985665,01,Kallfass Shrink Wrap Solutions 650,DE54734057592836432013
0000000651,DE,30105410,49274331399,01,Klüber Food-Grade Lubricants 651,DE55562891928355118638
0000000652,GB,77699945,71660258278,01,Stora Enso Brand Activation Display,GB05284249504224917001
0000000653,US,55369513,261938842943,01,Kuehne + Nagel FMCG Supply Chain 65,US784337777690733623
0000000654,FR,82988680,784470684969,01,Del Monte Toll Manufacturing 654,FR7412377057470980888059539
0000000655,BR,22162326,325689809858,01,Pacmoore Dry Blending & Sifting 655,BR671967031088294457445661877
0000000656,US,84960551,790875290355,01,Kerry Taste & Nutrition Ingredients,US989097609280151159
0000000657,DE,45592724,731322031073,01,Ball Beverage Packaging Corp 657,DE09280945314531689977
0000000658,IN,14405694,252898399732,01,Amcor Flexibles Packaging 658,IN995894401506586166
0000000659,NL,40873075,747786586435,01,Olam Agri Commodities & Nuts 659,NL6620357759072783
0000000660,IN,67777350,724938090198,01,Ecolab Food & Beverage Hygiene 660,IN679888765459330102
0000000661,US,66665722,567960962257,01,Menasha In-Store Merchandising 661,US177987278887641078
0000000662,IN,46664946,621300016458,01,Silgan Closures & Metal Containers ,IN328045878908643456
0000000663,US,95587711,386830185552,01,Corbion Lactic Acid & Preservation ,US502623662399443175
0000000664,DE,70953552,827378492831,01,Nutra-Blend Contract Manufacturing ,DE30630382194427839176
0000000665,US,27378136,888377825634,01,Sonoco Products Industrial 665,US431317301518459964
0000000666,US,16170365,435328292838,01,Cargill Food Ingredients & Starches,US314460039927111218
0000000667,US,62382269,38929467471,01,Hearthside Food Solutions Co-Packin,US038833013831698371
0000000668,NL,25975536,299564804150,01,Klüber Food-Grade Lubricants 668,NL3439621177001822
0000000669,GB,40362840,120080276740,01,SKF Food Line Bearings & Lubricatio,GB72672099426818485563
0000000670,DE,29943076,469644313914,01,Cargill Food Ingredients & Starches,DE91049895569851393477
0000000671,BR,68414135,240705424894,01,De-Roose Private Label Co-Packing 6,BR634978847355174632162189675
0000000672,US,54442000,276949621525,01,Greif Industrial Drum Packaging 672,US327191944330154365
0000000673,BR,20607284,734249525279,01,NFI Dedicated Fleet & Crossdock 673,BR163082956177306428072080322
0000000674,DE,29104097,866826241278,01,Ardagh Glass Packaging 674,DE83373925648632225468
0000000675,US,72733792,99906613229,01,Constantia Flexibles Food Pkg 675,US002623537787675095
0000000676,BR,17205793,782460838908,01,Huhtamaki Foodservice Packaging 676,BR981354249219509211835942213
0000000677,GB,80512681,878111105696,01,Smurfit Kappa Corrugated 677,GB34474004497409371981
0000000678,GB,34291448,756001321618,01,Constantia Flexibles Food Pkg 678,GB61598585477127510276
0000000679,US,67832898,183836415120,01,AAK Specialty Vegetable Fats 679,US604638590262957590
0000000680,CH,79907940,343127748224,01,AAK Specialty Vegetable Fats 680,CH9731218746473797290
0000000681,DE,65132577,373487959669,01,Sensient Technologies Flavors 681,DE59788752025117493513
0000000682,US,67400859,544397830982,01,Bühler Food Processing Machinery 68,US432742702552859671
0000000683,IN,75953095,146405968837,01,Klüber Food-Grade Lubricants 683,IN160881800213931194
0000000684,DE,30976064,85860568095,01,Klüber Food-Grade Lubricants 684,DE25007909792463686939
0000000685,US,40087822,729127161059,01,Cott Bottling & Beverage Services 6,US936542495301113605
0000000686,DE,61936075,621913173428,01,Festo Pneumatics & Factory Automati,DE41239186366184163684
0000000687,US,76993101,689077820935,01,De-Roose Private Label Co-Packing 6,US878094356864095649
0000000688,NL,77236970,529144511427,01,Ball Beverage Packaging Corp 688,NL8882261828031344
0000000689,GB,57063469,433050207964,01,Sudzucker Industrial Sugars 689,GB87756368697388289867
0000000690,NL,27409172,27857236903,01,Ecolab Food & Beverage Hygiene 690,NL7246076763263048
0000000691,DE,47535023,952567036705,01,Nutra-Blend Contract Manufacturing ,DE97402273417143956274
0000000692,US,71551989,62027327345,01,DB Schenker Dedicated Fleet Logisti,US980082878307132564
0000000693,BR,37124192,322653762919,01,Agrana Fruit Preparations 693,BR946297987289917623109580806
0000000694,US,68547200,529473910048,01,Fonterra Dairy Commodities 694,US818339284621284223
0000000695,DE,97952978,298947055809,01,AAK Specialty Vegetable Fats 695,DE74580837610704537008
0000000696,IN,82712656,658816849923,01,Cott Bottling & Beverage Services 6,IN183021143652669924
0000000697,BR,77182505,11505035886,01,Nutra-Blend Contract Manufacturing ,BR367057678388249576352982574
0000000698,DE,68097419,954180788804,01,Schawk Global Pre-Media & Packaging,DE32688645618582639294
0000000699,GB,79693550,822737289478,01,Cargill Food Ingredients & Starches,GB68998569950990630734
0000000700,US,93885343,60189966113,01,Stora Enso Brand Activation Display,US132901964106893939
0000000701,DE,42859878,482162401365,01,Cargill Food Ingredients & Starches,DE55827014901962590226
0000000702,GB,81363574,770400576716,01,NFI Dedicated Fleet & Crossdock 702,GB09891938702993572548
0000000703,GB,90531046,973582763773,01,Hearthside Food Solutions Co-Packin,GB28918362830116784213
0000000704,US,23215963,376828722140,01,XPO Logistics Ambient & Reefer 704,US136677609529147833
0000000705,US,77351525,428149455363,01,SIG Combibloc Aseptic Systems 705,US170725517305627090
0000000706,DE,65428338,380508085736,01,Mondi Industrial Bags & Films 706,DE76793358576473744438
0000000707,US,59652144,968586861870,01,Amcor Flexibles Packaging 707,US715125844047885285
0000000708,GB,65841913,986531120454,01,Constantia Flexibles Food Pkg 708,GB27841634813530144673
0000000709,US,26632919,171863413147,01,Tate & Lyle Sweeteners & Starches 7,US994631023162498023
0000000710,US,84582694,869617019045,01,Lineage Logistics Refrigerated Ware,US239834119962794974
0000000711,CH,17243531,905350421453,01,Ball Beverage Packaging Corp 711,CH7309705702433431655
0000000712,US,39939617,612564555281,01,Chr. Hansen Food Cultures & Enzymes,US309620605955369037
0000000713,DE,36427945,89464374549,01,Gerresheimer Glass Packaging 713,DE03204061622525106254
0000000714,DE,32757919,722312428409,01,DHL Supply Chain Cold-Chain 714,DE90522940774288875261
0000000715,DE,35011193,846004140246,01,Glanbia Nutritionals Dairy Isolates,DE42274204577754256565
0000000716,US,69542582,940845311491,01,Tetra Pak Packaging Systems 716,US361340928276303846
0000000717,DE,36304554,308584297760,01,Stora Enso Brand Activation Display,DE01377898293495919117
0000000718,US,29581571,732188088289,01,Bühler Food Processing Machinery 71,US768134104277037249
0000000719,IN,79904163,361621179094,01,Crown Cork & Seal Europe 719,IN429733886438998436
0000000720,DE,17262753,391355371444,01,Hearthside Food Solutions Co-Packin,DE38137622624243193871
0000000721,US,18247914,165462197639,01,AAK Specialty Vegetable Fats 721,US064278120555668462
0000000722,DE,52493177,941078679659,01,C.H. Robinson Worldwide Freight 722,DE50021115844728660225
0000000723,GB,10209894,45677159215,01,Agrana Fruit Preparations 723,GB97597401653968284608
0000000724,IN,73495929,774175483879,01,Stora Enso Brand Activation Display,IN164982951386487100
0000000725,FR,89904984,171729977791,01,Stora Enso Brand Activation Display,FR8915439819280264204430249
0000000726,US,57755049,560804974704,01,Sonoco Products Industrial 726,US072334986487171099
0000000727,DE,68602595,535937571712,01,Smurfit Kappa Corrugated 727,DE05397905846212718790
0000000728,IN,59737790,581991579214,01,Diversey Hygiene & CIP Solutions 72,IN253083885187211645
0000000729,US,54872746,364715477942,01,Sonoco Products Industrial 729,US751007933570613329
0000000730,IN,37257300,261979190735,01,SKF Food Line Bearings & Lubricatio,IN047617055249290604
0000000731,DE,46178992,67317886231,01,Amcor Flexibles Packaging 731,DE11781882298706835463
0000000732,US,57594407,106674691587,01,Bunge Refined Edible Oils 732,US479727003380371705
0000000733,FR,60438069,706609535881,01,Greif Industrial Drum Packaging 733,FR4572237829317593049335384
0000000734,BR,96977450,466232308861,01,Bollore Logistics Food Cargo 734,BR191161019637914801987406580
0000000735,US,84591120,718548345491,01,Kuehne + Nagel FMCG Supply Chain 73,US401166538664887064
0000000736,DE,61767398,144909409587,01,Huhtamaki Foodservice Packaging 736,DE81546793042353769813
0000000737,DE,26123098,228508430807,01,Kallfass Shrink Wrap Solutions 737,DE32989677763034787443
0000000738,US,26193055,145100433699,01,Bühler Food Processing Machinery 73,US744592428666352235
0000000739,DE,73038815,137372624352,01,Archer Daniels Midland Nutrition 73,DE11002684518104513620
0000000740,US,84506012,612940026199,01,DHL Supply Chain Cold-Chain 740,US233177423341167925
0000000741,DE,25265438,611685493637,01,Lineage Logistics Refrigerated Ware,DE15617129812444902668
0000000742,IN,68972193,921727264691,01,Sensient Technologies Flavors 742,IN763964480301333356
0000000743,NL,19222054,364740497470,01,Del Monte Toll Manufacturing 743,NL4058402073736916
0000000744,DE,36451514,633216897894,01,Sonoco Products Industrial 744,DE15879853372962807014
0000000745,IN,89591729,286503412413,01,DHL Supply Chain Cold-Chain 745,IN638190875866962186
0000000746,US,42939705,492214168090,01,KDC/One FMCG Custom Manufacturing 7,US935780070143688296
0000000747,US,61586351,332517257385,01,XPO Logistics Ambient & Reefer 747,US833419983237165080
0000000748,DE,69703221,732201517980,01,Pacmoore Dry Blending & Sifting 748,DE22309639406472580493
0000000749,IN,62503681,371182740818,01,Refresco Beverages Bottling 749,IN127019164330646079
0000000750,FR,46213632,211976723887,01,FMC BioPolymer Food Texturizers 750,FR2137059593473160341037310
0000000751,DE,88503456,129259693501,01,Endress+Hauser Sanitary Instrumenta,DE61259211008963511841
0000000752,DE,26200923,180653536711,01,Avery Dennison Label Solutions 752,DE80481653365933205495
0000000753,US,43191098,424750382552,01,HAVI Global Logistics & Supply Chai,US469993261937750015
0000000754,CH,28440709,113604285656,01,Nutra-Blend Contract Manufacturing ,CH3851925997177213869
0000000755,IN,31219607,345196263432,01,Crown Cork & Seal Europe 755,IN287224784076766655
0000000756,US,95871390,473015922567,01,Kerry Taste & Nutrition Ingredients,US793978480437802207
0000000757,BR,19803608,756994431320,01,Gerresheimer Glass Packaging 757,BR685891781242076565487972562
0000000758,DE,98256787,886207354266,01,TreeHouse Private Brands Co-Packing,DE57513161854087018397
0000000759,FR,41002277,572570267350,01,Schawk Global Pre-Media & Packaging,FR6328765663340048643757225
0000000760,DE,92135339,217464198911,01,Del Monte Toll Manufacturing 760,DE74574729893685721953
0000000761,FR,36326066,932222489841,01,Agrana Fruit Preparations 761,FR8776304639790431289277087
0000000762,US,43797209,538149593160,01,Graphic Packaging International 762,US289124787490788165
0000000763,DE,28780764,89115353583,01,Barentz Food & Nutrition Distributi,DE48886529346789194352
0000000764,GB,76846303,902475615399,01,Ingredion Modified Food Starches 76,GB20692989512873986029
0000000765,US,22821119,883656286651,01,Spirax Sarco Clean Steam Systems 76,US072976915370005906
0000000766,DE,73160457,492915312562,01,Americold Temperature-Controlled 76,DE66105588210134223140
0000000767,DE,16037713,25931381445,01,Endress+Hauser Sanitary Instrumenta,DE23061133751779612948
0000000768,DE,72310967,723114899586,01,DSV Road Freight & FMCG Logistics 7,DE03778579579844430540
0000000769,BR,38599535,592015294676,01,Menasha In-Store Merchandising 769,BR092461240353745867821564967
0000000770,DE,15375433,689259812159,01,De-Roose Private Label Co-Packing 7,DE61885691962313231210
0000000771,DE,85637167,277235976140,01,DS Smith Corrugated Packaging 771,DE04588097903461636332
0000000772,IN,52897398,311384315969,01,Mondi Industrial Bags & Films 772,IN984955449858917797
0000000773,DE,14198813,42834129062,01,Cargill Food Ingredients & Starches,DE41690737011463468290
0000000774,DE,51691402,471522050065,01,Cott Bottling & Beverage Services 7,DE40491473946540895402
0000000775,GB,53795195,853393142220,01,NFI Dedicated Fleet & Crossdock 775,GB02270233459862867607
0000000776,CH,40545229,881902520417,01,Americold Temperature-Controlled 77,CH4685514520819605721
0000000777,DE,21239102,292259219614,01,Merck Millipore Food Microbiology 7,DE96807130802272718840
0000000778,CH,54372878,418513706144,01,Lactalis Food Ingredients 778,CH1061182618960017627
0000000779,DE,58382919,142180485270,01,Quad Packaging Retail Displays 779,DE19318749278563414937
0000000780,GB,86621601,674087615373,01,Sensient Technologies Flavors 780,GB37475832793941635268
0000000781,DE,98168783,198703355217,01,Schawk Global Pre-Media & Packaging,DE71332302693650083875
0000000782,DE,88639415,970314529119,01,DB Schenker Dedicated Fleet Logisti,DE88837893274429525048
0000000783,BR,16551011,11457219069,01,Lactalis Food Ingredients 783,BR355124963324289362801182482
0000000784,IN,57543646,218888582773,01,Symrise Taste & Nutrition Solutions,IN607086928744193977
0000000785,DE,49815520,135008527979,01,Sudzucker Industrial Sugars 785,DE67236266526559945194
0000000786,GB,77025040,624906686202,01,Greif Industrial Drum Packaging 786,GB42936873451411727617
0000000787,BR,81012403,143715672037,01,Kerry Taste & Nutrition Ingredients,BR892029361349206929330520100
0000000788,GB,28234455,957520782642,01,Nutra-Blend Contract Manufacturing ,GB85607265195717847163
0000000789,US,45566996,253337955042,01,DHL Supply Chain Cold-Chain 789,US894714967509103470
0000000790,DE,35999321,692034613335,01,Kalsec Natural Herb Extracts & Colo,DE69638637824332930515
0000000791,US,39793830,731274668880,01,Kalsec Natural Herb Extracts & Colo,US890684891141997509
0000000792,NL,31462628,759853564449,01,Bunge Refined Edible Oils 792,NL4936801506415601
0000000793,US,26272372,643194018496,01,Klüber Food-Grade Lubricants 793,US893296571288985434
0000000794,DE,69791280,682995966561,01,Pacmoore Dry Blending & Sifting 794,DE01095040694097120464
0000000795,GB,97191317,569436982786,01,Constantia Flexibles Food Pkg 795,GB74359037306912423459
0000000796,FR,24010182,315068796246,01,Alfa Laval Hygienic Pumps & Valves ,FR7139257309241821288917978
0000000797,FR,70281541,486475238542,01,Gerresheimer Glass Packaging 797,FR5666578683320706941495664
0000000798,DE,92027185,352726758522,01,Roquette Frères Plant Proteins 798,DE24015817365189940424
0000000799,BR,89078472,427064647223,01,Ecolab Food & Beverage Hygiene 799,BR388371465787929742341341080
0000000800,US,84164235,378014069574,01,Bunge Refined Edible Oils 800,US455712717305708982
0000000801,GB,97692956,50846312137,01,Gerresheimer Glass Packaging 801,GB62290926315375669474
0000000802,US,13706170,549623518918,01,AAK Specialty Vegetable Fats 802,US840238724977084391
0000000803,US,85137680,93074146969,01,Kerry Taste & Nutrition Ingredients,US668357489877872354
0000000804,DE,80266070,319468563951,01,Sudzucker Industrial Sugars 804,DE77324320175447616175
0000000805,DE,88548401,885052437081,01,Mondi Industrial Bags & Films 805,DE58915048296079274943
0000000806,DE,99490181,122401195865,01,Cargill Food Ingredients & Starches,DE74632452006736476489
0000000807,US,73596943,476536960883,01,Archer Daniels Midland Nutrition 80,US384351573653890326
0000000808,IN,79713695,582947057232,01,SIG Combibloc Aseptic Systems 808,IN154137100630818466
0000000809,IN,67954483,755991350435,01,Barry Callebaut Cocoa Products 809,IN208149201820069828
0000000810,IN,20600510,881949496519,01,Avery Dennison Label Solutions 810,IN820353531213324424
0000000811,IN,80233781,349799108469,01,Corbion Lactic Acid & Preservation ,IN045564963999486287
0000000812,BR,87197710,779915517196,01,Symrise Taste & Nutrition Solutions,BR856069369667979424664953892
0000000813,DE,67930276,948148567874,01,HAVI Global Logistics & Supply Chai,DE31944588080698860768
0000000814,US,27073410,13183466694,01,Merck Millipore Food Microbiology 8,US194117865687388741
0000000815,DE,14785037,430899814347,01,Pacmoore Dry Blending & Sifting 815,DE34622601111259004387
0000000816,DE,48093401,740015891836,01,Kerry Taste & Nutrition Ingredients,DE21122734377289586864
0000000817,IN,28752079,298490902069,01,AAK Specialty Vegetable Fats 817,IN092064052369184643
0000000818,IN,44528194,436685073214,01,Glanbia Nutritionals Dairy Isolates,IN013933929134365758
0000000819,DE,91499215,195417089009,01,Kerry Taste & Nutrition Ingredients,DE40100622865448568588
0000000820,US,73505691,238034708827,01,Crest Foods Contract Blending 820,US780188296193263499
0000000821,US,34261159,868945355547,01,Mondi Industrial Bags & Films 821,US746909366507812222
0000000822,IN,31524239,858914343102,01,Stora Enso Brand Activation Display,IN575217900618472158
0000000823,NL,78084751,971243674288,01,Archer Daniels Midland Nutrition 82,NL9934091720586293
0000000824,DE,66925573,973577925546,01,Greif Industrial Drum Packaging 824,DE34511696224212369685
0000000825,FR,18731930,324557859855,01,Huhtamaki Foodservice Packaging 825,FR7734439093784537594707679
0000000826,DE,39384006,818966657314,01,Amcor Flexibles Packaging 826,DE31875605183734537414
0000000827,NL,65460471,297546334150,01,Fonterra Dairy Commodities 827,NL0142180071510737
0000000828,US,51795025,210041097371,01,Cargill Food Ingredients & Starches,US616076933124465369
0000000829,FR,72792115,723466832632,01,Kalsec Natural Herb Extracts & Colo,FR9244609533933546096241637
0000000830,BR,81051847,367476585384,01,Quad Packaging Retail Displays 830,BR536141371873712978986197217
0000000831,DE,42341555,702167650221,01,Bollore Logistics Food Cargo 831,DE28430195700351837554
0000000832,FR,92688042,189836694289,01,Givaudan Flavours & Fragrances 832,FR2282029766096382205562120
0000000833,US,63021643,815236902688,01,Cott Bottling & Beverage Services 8,US145867296766806190
0000000834,DE,61748416,105002896301,01,Refresco Beverages Bottling 834,DE53062010183720751102
0000000835,US,83720984,531112553998,01,Avery Dennison Label Solutions 835,US181308264635600159
0000000836,DE,20627691,511891588912,01,Barry Callebaut Cocoa Products 836,DE33927985228943024414
0000000837,DE,94068095,984799120169,01,Tereos Pure Sugar & Sweeteners 837,DE75045102029708926518
0000000838,IN,32512506,418098258322,01,Bühler Food Processing Machinery 83,IN603671651737336012
0000000839,FR,23251070,513976518400,01,Agrana Fruit Preparations 839,FR5719713617451497741510132
0000000840,DE,32721053,488188062806,01,Krones Bottling & Canning Machinery,DE20162489282631620603
0000000841,GB,52913287,580831875549,01,Corbion Lactic Acid & Preservation ,GB23544075460062042209
0000000842,US,41177793,358864967371,01,Sonoco Products Industrial 842,US704116927551691301
0000000843,IN,35941270,32162646003,01,Bühler Food Processing Machinery 84,IN413085310304729874
0000000844,IN,99696817,299040137286,01,DB Schenker Dedicated Fleet Logisti,IN598595960872076326
0000000845,GB,43078308,575055210487,01,Novelis Aluminum Can Sheet 845,GB10199296464408157001
0000000846,IN,22691278,466788561003,01,Spirax Sarco Clean Steam Systems 84,IN308847112073248463
0000000847,DE,35447216,167337762602,01,Merck Millipore Food Microbiology 8,DE09661254274996816346
0000000848,CH,12133562,770500982602,01,Festo Pneumatics & Factory Automati,CH9082561657221452736
0000000849,IN,27565175,266042915946,01,Endress+Hauser Sanitary Instrumenta,IN655647129888896014
0000000850,US,42996518,856858861945,01,Lactalis Food Ingredients 850,US028031891821851230
0000000851,DE,47035772,401575899477,01,SIG Combibloc Aseptic Systems 851,DE37789289013829361865
0000000852,DE,50169033,942369350641,01,Cargill Food Ingredients & Starches,DE63213119476123155427
0000000853,DE,53380330,714885445065,01,Thielmann Aseptic Keg Services 853,DE96836838031390584598
0000000854,DE,16538640,896352666212,01,Thielmann Aseptic Keg Services 854,DE81310702992468312080
0000000855,DE,46057743,458980541905,01,Novelis Aluminum Can Sheet 855,DE04737386243187754963
0000000856,IN,11201814,84428625776,01,Klöckner Pentaplast Food Films 856,IN820519319009719196
0000000857,US,65784101,950025595151,01,Fonterra Dairy Commodities 857,US521903076238676874
0000000858,IN,45066869,36063798054,01,Tate & Lyle Sweeteners & Starches 8,IN962222048175473359
0000000859,DE,53225813,661307703465,01,Thielmann Aseptic Keg Services 859,DE75434488761234566583
0000000860,DE,68324110,516464232692,01,DS Smith Corrugated Packaging 860,DE36056753782029401354
0000000861,CH,94922909,426046414317,01,Diversey Hygiene & CIP Solutions 86,CH4062349048700236382
0000000862,GB,23929531,24735694245,01,DB Schenker Dedicated Fleet Logisti,GB81250376333864475048
0000000863,GB,58656813,854725428776,01,Spirax Sarco Clean Steam Systems 86,GB38485777731997847806
0000000864,IN,53569866,189002994773,01,Greif Industrial Drum Packaging 864,IN885612684826465961
0000000865,US,40074237,570790863276,01,Novelis Aluminum Can Sheet 865,US300573792474385096
0000000866,DE,91640859,533020807056,01,Gerresheimer Glass Packaging 866,DE32120141251322405511
0000000867,DE,34099882,420406592975,01,Graphic Packaging International 867,DE99812527648802976082
0000000868,IN,21655092,716237214282,01,DSM-Firmenich Nutritional Products ,IN348466690450190247
0000000869,IN,65458165,861959202301,01,KDC/One FMCG Custom Manufacturing 8,IN424743338285686277
0000000870,DE,24479230,56412562670,01,Pall Food & Beverage Sterile Filter,DE16532067126826936370
0000000871,DE,13065267,413932140991,01,Klöckner Pentaplast Food Films 871,DE24843216183541999529
0000000872,GB,98704837,499799504835,01,Stora Enso Brand Activation Display,GB68521243411027952413
0000000873,US,34258066,291069261866,01,Spirax Sarco Clean Steam Systems 87,US576068598306357728
0000000874,FR,62825914,474728566955,01,Nutra-Blend Contract Manufacturing ,FR2325003318854328754467163
0000000875,IN,15836858,746675323519,01,Geodis Contract Logistics & Haulage,IN741630150730478428
0000000876,US,15756988,274473112531,01,Bühler Food Processing Machinery 87,US106046873248421598
0000000877,FR,26844607,618445704124,01,Corbion Lactic Acid & Preservation ,FR7483030939034634484989547
0000000878,DE,62077771,448754138134,01,Kuehne + Nagel FMCG Supply Chain 87,DE63836192541199536019
0000000879,GB,96065653,472196664664,01,Lactalis Food Ingredients 879,GB94738634347564159016
0000000880,DE,44879264,227381805203,01,Silgan Closures & Metal Containers ,DE38913502291257042165
0000000881,GB,77432265,468559840648,01,Ardagh Glass Packaging 881,GB29683380710142743627
0000000882,GB,79905597,878502139790,01,Bühler Food Processing Machinery 88,GB07887274073573637362
0000000883,GB,55840809,455575270285,01,DHL Supply Chain Cold-Chain 883,GB05619856487559965166
0000000884,DE,18599994,115719310818,01,Graphic Packaging International 884,DE09504682332693102485
0000000885,BR,47565003,11034277589,01,Archer Daniels Midland Nutrition 88,BR194016298426176123846485388
0000000886,US,43490657,404961064285,01,HAVI Global Logistics & Supply Chai,US440718318676517925
0000000887,FR,32716122,9200479537,01,Quad Packaging Retail Displays 887,FR9015445274343599783866758
0000000888,DE,27587923,338424326657,01,Alfa Laval Hygienic Pumps & Valves ,DE52718873484372583379
0000000889,US,14558338,987584198097,01,Amcor Flexibles Packaging 889,US503344195677977301
0000000890,NL,48222119,168877216294,01,Novelis Aluminum Can Sheet 890,NL6035320559401999
0000000891,DE,38811729,110732688887,01,Berry Global Consumer Packaging 891,DE91754842106275934065
0000000892,GB,10336935,444874162064,01,Krones Bottling & Canning Machinery,GB63888540282237099245
0000000893,DE,81495098,823465424823,01,Silgan Closures & Metal Containers ,DE97039418391518439786
0000000894,US,85638484,569343484115,01,Mauser Packaging Solutions 894,US000213770096994592
0000000895,IN,69193766,838165038694,01,NFI Dedicated Fleet & Crossdock 895,IN767287259522535451
0000000896,DE,36994921,18004019312,01,Graphic Packaging International 896,DE31666730096133751501
0000000897,DE,85795037,685826010132,01,Kallfass Shrink Wrap Solutions 897,DE68067157693493175390
0000000898,DE,37113660,343873458982,01,Bühler Food Processing Machinery 89,DE02695526600126526640
0000000899,US,61650815,420842117924,01,FMC BioPolymer Food Texturizers 899,US210195512804438440
0000000900,BR,28333498,778335558003,01,AAK Specialty Vegetable Fats 900,BR785678019934057160434456256
0000000901,DE,33483726,354810837668,01,HAVI Global Logistics & Supply Chai,DE38092842363231438695
0000000902,US,29624856,945820212395,01,DS Smith Corrugated Packaging 902,US376950159711742280
0000000903,US,71733044,316370106828,01,Kallfass Shrink Wrap Solutions 903,US740367859552052307
0000000904,GB,52954810,58674221342,01,Silgan Closures & Metal Containers ,GB26783687526817433834
0000000905,DE,81197944,149768939542,01,Symrise Taste & Nutrition Solutions,DE45068997943673195654
0000000906,GB,43680231,458334137164,01,Ingredion Modified Food Starches 90,GB71824256254815589717
0000000907,US,47650461,847496291506,01,Greif Industrial Drum Packaging 907,US799717099336279332
0000000908,DE,82364331,184021081218,01,Diversey Hygiene & CIP Solutions 90,DE38890702409114336348
0000000909,CH,83371941,421697298802,01,Spirax Sarco Clean Steam Systems 90,CH3185760173515932623
0000000910,DE,80310163,962316783856,01,Barentz Food & Nutrition Distributi,DE91013457639630205311
0000000911,DE,62899438,984407698046,01,Spirax Sarco Clean Steam Systems 91,DE17228308284564926290
0000000912,GB,22753004,782946311819,01,Nutra-Blend Contract Manufacturing ,GB90474995330753699183
0000000913,GB,23970985,3722385875,01,Amcor Flexibles Packaging 913,GB55039406088256463561
0000000914,DE,60967151,906770841281,01,SKF Food Line Bearings & Lubricatio,DE13003453498103892875
0000000915,BR,56512501,818186577196,01,Sudzucker Industrial Sugars 915,BR284860415026967840522117253
0000000916,DE,44288292,893217360721,01,Graphic Packaging International 916,DE05751751819907158618
0000000917,BR,62677239,3351680375,01,Crest Foods Contract Blending 917,BR184430307917626229737123195
0000000918,DE,77891127,314362028582,01,Tereos Pure Sugar & Sweeteners 918,DE27996263252853519568
0000000919,IN,48585210,454362252739,01,AptarGroup Dispensing Systems 919,IN685030972686303594
0000000920,GB,32870090,65874504614,01,Pacmoore Dry Blending & Sifting 920,GB64246564427073586953
0000000921,DE,75332271,231873012369,01,Gerresheimer Glass Packaging 921,DE47549423028410104551
0000000922,CH,27818576,588510797097,01,Krones Bottling & Canning Machinery,CH6523571037393645992
0000000923,DE,23240195,217583834996,01,Fonterra Dairy Commodities 923,DE45418522326857226923
0000000924,BR,63302094,572410036918,01,Kalyan Retail Display & POS Solutio,BR691654270066839246680790940
0000000925,IN,51611540,904509051370,01,AptarGroup Dispensing Systems 925,IN793446096723285859
0000000926,IN,79644074,820759954373,01,Sonoco Products Industrial 926,IN087484680898857440
0000000927,CH,66954398,647719740400,01,Olam Agri Commodities & Nuts 927,CH1342271284574993865
0000000928,IN,18949082,925034599850,01,Ingredion Modified Food Starches 92,IN781456536295646273
0000000929,US,85196735,369415366139,01,DSM-Firmenich Nutritional Products ,US817072825344417827
0000000930,US,22814853,822502618223,01,Barentz Food & Nutrition Distributi,US307273028173749455
0000000931,DE,31653151,804916795592,01,Krones Bottling & Canning Machinery,DE56371972548583765684
0000000932,DE,53178224,305907406956,01,Agrana Fruit Preparations 932,DE49588799269983971657
0000000933,NL,76513637,131822945600,01,Diversey Hygiene & CIP Solutions 93,NL5147122009390220
0000000934,CH,63263740,545802524402,01,KDC/One FMCG Custom Manufacturing 9,CH4170114974429087161
0000000935,BR,91535859,30707318737,01,Glanbia Nutritionals Dairy Isolates,BR625194391807393920592430289
0000000936,DE,78769519,51050850137,01,Festo Pneumatics & Factory Automati,DE64061770830278401768
0000000937,US,67976641,483685080521,01,Stora Enso Brand Activation Display,US492026266645221979
0000000938,DE,72594024,733507315350,01,Mauser Packaging Solutions 938,DE05095941274596338111
0000000939,DE,69118542,386409204627,01,XPO Logistics Ambient & Reefer 939,DE69091903472119589541
0000000940,DE,52676369,437202532398,01,Barry Callebaut Cocoa Products 940,DE58240633347576382823
0000000941,DE,18981450,499957767917,01,DB Schenker Dedicated Fleet Logisti,DE82883666461940233984
0000000942,DE,55014786,165275030498,01,Pall Food & Beverage Sterile Filter,DE81628475902617052758
0000000943,US,98354989,272661278362,01,Smurfit Kappa Corrugated 943,US473696888854927505
0000000944,GB,89560229,961389156020,01,Archer Daniels Midland Nutrition 94,GB08955212830817039295
0000000945,US,98220138,891914158438,01,Mauser Packaging Solutions 945,US856979075489098998
0000000946,GB,44665589,555670058174,01,Refresco Beverages Bottling 946,GB17735170825585630105
0000000947,DE,10065449,246864077637,01,XPO Logistics Ambient & Reefer 947,DE08739378734850096839
0000000948,DE,86478552,828534594234,01,Ball Beverage Packaging Corp 948,DE36335179818780998954
0000000949,IN,44181651,452771929990,01,Americold Temperature-Controlled 94,IN028387433503553953
0000000950,DE,95025488,925617353770,01,Roquette Frères Plant Proteins 950,DE16535550636165894125
0000000951,DE,21127679,193441165747,01,Fuchs Food Technology & Blending 95,DE42256673398870978880
0000000952,US,70981857,89034518120,01,Stora Enso Brand Activation Display,US601280765223208666
0000000953,DE,14113875,240414294074,01,Kalsec Natural Herb Extracts & Colo,DE12784644504692467706
0000000954,GB,18256663,2268198343,01,Mauser Packaging Solutions 954,GB55245376477761991359
0000000955,GB,27404252,289338044253,01,DHL Supply Chain Cold-Chain 955,GB18441436096581095407
0000000956,US,35448269,252389782262,01,Fonterra Dairy Commodities 956,US537488177723665535
0000000957,US,89733241,491962321837,01,Fonterra Dairy Commodities 957,US703772552609930466
0000000958,US,89463963,322908894375,01,Fuchs Food Technology & Blending 95,US496575754770256269
0000000959,IN,88621429,774674225209,01,Geodis Contract Logistics & Haulage,IN915719360224441958
0000000960,FR,57389495,844067976959,01,Ardagh Glass Packaging 960,FR9986575687056007186533333
0000000961,DE,44005150,644674038887,01,Symrise Taste & Nutrition Solutions,DE77530668607636926466
0000000962,DE,89069644,434613904811,01,Quad Packaging Retail Displays 962,DE47125893451312929394
0000000963,BR,70061838,532200891838,01,Bollore Logistics Food Cargo 963,BR429717754060755244661594995
0000000964,US,74608288,292380756221,01,Sensient Technologies Flavors 964,US937478218901922358
0000000965,GB,16766972,169440129763,01,Nutra-Blend Contract Manufacturing ,GB31985783473274500452
0000000966,DE,89911506,891336132728,01,Kallfass Shrink Wrap Solutions 966,DE43946913267249151943
0000000967,DE,50012072,246911215374,01,Ardagh Glass Packaging 967,DE57506384903371930244
0000000968,DE,96969642,959015961719,01,Greif Industrial Drum Packaging 968,DE39126781977966319875
0000000969,DE,87946266,601218669329,01,Bunge Refined Edible Oils 969,DE34632570015666025990
0000000995,DE,98161970,628611942302,01,Cott Bottling & Beverage Services 9,DE27821518412782346795
0000000996,DE,33190359,691202896700,01,Givaudan Flavours & Fragrances 996,DE60577469361631556881
0000000997,IN,99509602,843463682163,01,Endress+Hauser Sanitary Instrumenta,IN177622954617185441
0000000998,GB,80631820,343155085323,01,Fuchs Food Technology & Blending 99,GB84463415109997059443
0000000999,US,57059402,29991749685,01,FMC BioPolymer Food Texturizers 999,US731051568844924548
0000001000,US,83558467,473252184211,01,Novelis Aluminum Can Sheet 1000,US387272234259148179
0000000101,IN,37040044,0532013000,01,Tetra Pak Processing & Packaging Sy,DE89370400440532013000
0000000102,IN,37040044,0532013000,01,Tetra Pak Packaging GmbH,DE89370400440532013000
0000000103,DE,12000000,1234567890,01,Amcor Flexibles Packaging NA,US120000001234567890
0000000104,DE,12000000,1234567890,01,Amcor Packaging Solutions,US120000001234567890
0000000105,GB,601613,31926819,01,Cargill Food Ingredients UK,GB29NWBK60161331926819
0000000106,GB,601613,31926819,01,Cargill Agricultural Starches,GB29NWBK60161331926819
0000000107,BR,83917738,54132982939,01,Kerry Ingredients India Pvt,BR821816181414602455683880796
0000000108,BR,28907022,948336988818,01,Kerry Taste & Flavours India,BR279180648029380278918623177
0000000109,DE,31405453,220897903165,01,Roquette Freres Nutrition,DE19621149282224066449
0000000110,DE,11436957,943477056049,01,Roquette Frères Ingrédients,DE47638271620997524227
0000999026,DE,12345678,987654321,01,Unknown Ghost Vendor,DE89123456789876543210
0000999027,DE,12345678,987654321,01,Unknown Ghost Vendor,DE89123456789876543210
0000999028,DE,12345678,987654321,01,Unknown Ghost Vendor,DE89123456789876543210
0000999029,DE,12345678,987654321,01,Unknown Ghost Vendor,DE89123456789876543210
0000999030,DE,12345678,987654321,01,Unknown Ghost Vendor,DE89123456789876543210
0000999031,DE,12345678,987654321,01,Unknown Ghost Vendor,DE89123456789876543210
0000999032,DE,12345678,987654321,01,Unknown Ghost Vendor,DE89123456789876543210
0000999033,DE,12345678,987654321,01,Unknown Ghost Vendor,DE89123456789876543210
0000999034,DE,12345678,987654321,01,Unknown Ghost Vendor,DE89123456789876543210
0000999035,DE,12345678,987654321,01,Unknown Ghost Vendor,DE89123456789876543210
