LIFNR,EKORG,WAERS,ZTERM,INCO1,MINBW,SPERM,LOEVM
0000000001,EK04,USD,0030,CIP,0,,
0000000002,EK02,INR,0001,CPT,2500,,
0000000003,EK04,USD,Z030,CIP,2500,,
0000000004,EK04,USD,0014,DDP,1000,,
0000000005,EK02,INR,0060,CPT,1000,,
0000000006,EK03,EUR,0060,CIP,0,,
0000000007,EK02,INR,Z090,CIP,0,,
0000000008,EK02,INR,0001,DDP,0,,
0000000009,EK02,INR,Z030,DDP,500,,
0000000010,EK03,EUR,0045,CPT,0,,
0000000011,,EUR,Z060,DAP,2500,,
0000000012,,EUR,0045,EXW,10000,,
0000000013,,INR,0014,DDP,0,,
0000000014,,USD,0090,CPT,1000,,
0000000015,,EUR,0030,CPT,10000,,
0000000016,,EUR,Z060,CPT,2500,,
0000000017,,INR,0090,CPT,10000,,
0000000018,,INR,0030,EXW,1000,,
0000000019,,INR,Z090,FCA,500,,
0000000020,,EUR,0030,FCA,2500,,
0000000021,,INR,0001,FCA,0,,
0000000022,,EUR,0090,DAP,2500,,
0000000023,,EUR,0030,FCA,10000,,
0000000024,,USD,Z030,DDP,1000,,
0000000025,,EUR,Z060,CIP,1000,,
0000000026,EK02,INR,0030,CPT,1000,,
0000000027,EK02,INR,0045,DDP,10000,,
0000000028,EK02,INR,Z090,CIP,10000,,
0000000029,EK03,EUR,0001,EXW,0,,
0000000030,EK03,EUR,0030,CIP,2500,,
0000000031,EK04,,Z030,CPT,2500,,
0000000032,EK04,,0045,DDP,500,,
0000000033,EK03,,0001,FCA,0,,
0000000034,EK03,,0060,EXW,2500,,
0000000035,EK03,,Z030,EXW,10000,,
0000000036,EK03,,Z030,CIP,2500,,
0000000037,EK03,,0045,FCA,2500,,
0000000038,EK03,,0001,EXW,500,,
0000000039,EK03,,0090,CIP,500,,
0000000040,EK03,,Z060,DAP,0,,
0000000041,EK02,,0030,DAP,2500,,
0000000042,EK03,,Z060,DDP,0,,
0000000043,EK02,,0045,DDP,1000,,
0000000044,EK04,,0090,CIP,500,,
0000000045,EK03,,0030,CIP,500,,
0000000046,EK04,,0060,EXW,0,,
0000000047,EK02,,Z060,DDP,10000,,
0000000048,EK03,,Z060,CIP,2500,,
0000000049,EK02,,0090,EXW,1000,,
0000000050,EK04,,0014,DDP,500,,
0000000051,EK04,USD,0090,FCA,10000,,
0000000052,EK03,EUR,0030,CPT,500,,
0000000053,EK02,INR,0001,CPT,500,,
0000000054,EK03,EUR,0045,CPT,2500,,
0000000055,EK02,INR,0090,EXW,2500,,
0000000056,EK03,EUR,Z090,CPT,2500,,
0000000057,EK02,INR,0014,CIP,1000,,
0000000058,EK04,USD,0014,EXW,0,,
0000000059,EK02,INR,0045,DDP,2500,,
0000000060,EK03,EUR,0030,EXW,0,,
0000000061,EK03,JPY,Z090,CIP,2500,,
0000000062,EK02,JPY,Z090,DAP,2500,,
0000000063,EK03,JPY,0001,EXW,500,,
0000000064,EK03,JPY,0014,FCA,1000,,
0000000065,EK02,JPY,0030,DAP,1000,,
0000000066,EK03,JPY,Z060,DDP,500,,
0000000067,EK02,JPY,Z030,CPT,2500,,
0000000068,EK02,JPY,0045,DDP,10000,,
0000000069,EK02,JPY,Z060,CPT,0,,
0000000070,EK03,JPY,Z090,CPT,2500,,
0000000071,EK03,JPY,Z060,CPT,2500,,
0000000072,EK03,JPY,0030,CPT,2500,,
0000000073,EK03,JPY,0030,CPT,500,,
0000000074,EK04,JPY,Z030,DDP,1000,,
0000000075,EK03,JPY,0014,EXW,2500,,
0000000076,EK03,EUR,0001,CIP,0,,
0000000077,EK04,USD,0060,CIP,10000,,
0000000078,EK02,INR,0060,EXW,0,,
0000000079,EK03,EUR,Z090,EXW,2500,,
0000000080,EK02,INR,0060,FCA,1000,,
0000000081,EK02,INR,Z090,FCA,10000,,
0000000082,EK02,INR,0060,CIP,1000,,
0000000083,EK02,INR,0045,EXW,500,,
0000000084,EK04,USD,Z090,CIP,1000,,
0000000085,EK03,EUR,0090,CPT,500,,
0000000086,EK03,EUR,0030,DAP,500,,
0000000087,EK02,INR,0045,EXW,0,,
0000000088,EK04,USD,0090,CIP,1000,,
0000000089,EK03,EUR,Z060,DDP,500,,
0000000090,EK02,INR,0090,CPT,10000,,
0000000091,EK02,INR,Z030,DAP,2500,,
0000000092,EK03,EUR,Z090,CPT,2500,,
0000000093,EK03,EUR,Z060,EXW,0,,
0000000094,EK02,INR,0001,DAP,500,,
0000000095,EK04,USD,0014,EXW,10000,,
0000000096,EK02,INR,0090,DDP,500,,
0000000097,EK02,INR,0001,EXW,10000,,
0000000098,EK03,EUR,0045,CIP,10000,,
0000000099,EK03,EUR,0014,FCA,2500,,
0000000100,EK02,INR,Z090,EXW,0,,
0000000101,EK03,EUR,0045,EXW,2500,,
0000000102,EK03,EUR,Z090,DDP,2500,,
0000000103,EK03,EUR,0014,CIP,0,,
0000000104,EK03,EUR,0060,DDP,0,,
0000000105,EK04,USD,0001,DDP,2500,,
0000000106,EK04,USD,0001,CPT,2500,,
0000000107,EK02,INR,0090,CPT,1000,,
0000000108,EK02,INR,0014,DDP,500,,
0000000109,EK02,INR,0030,CIP,2500,,
0000000110,EK02,INR,Z090,DDP,0,,
0000000111,EK03,EUR,0045,CIP,2500,,
0000000112,EK03,EUR,0090,FCA,0,,
0000000113,EK03,EUR,0001,CPT,0,,
0000000114,EK03,EUR,Z060,DDP,1000,,
0000000115,EK03,EUR,Z060,DDP,0,,
0000000116,EK03,EUR,Z090,EXW,500,,
0000000117,EK03,EUR,Z030,DAP,0,,
0000000118,EK03,EUR,0001,CIP,10000,,
0000000119,EK02,INR,Z090,DAP,2500,,
0000000120,EK03,EUR,0030,DAP,0,,
0000000121,EK03,EUR,0060,EXW,0,,
0000000122,EK03,EUR,0090,CPT,1000,,
0000000123,EK03,EUR,0090,DAP,2500,,
0000000124,EK04,USD,0001,CIP,1000,,
0000000125,EK04,USD,0045,EXW,500,,
0000000126,EK02,INR,Z090,EXW,10000,,
0000000127,EK02,INR,Z060,DDP,10000,,
0000000128,EK03,EUR,Z090,DAP,1000,,
0000000129,EK03,EUR,0030,EXW,0,,
0000000130,EK03,EUR,0030,DAP,10000,,
0000000131,EK03,EUR,0001,CPT,10000,,
0000000132,EK04,USD,0060,EXW,1000,,
0000000133,EK04,USD,0014,EXW,500,,
0000000134,EK02,INR,0001,CPT,1000,,
0000000135,EK02,INR,Z060,EXW,10000,,
0000000136,EK03,EUR,Z060,DAP,0,,
0000000137,EK03,EUR,Z060,DDP,10000,,
0000000138,EK03,EUR,0001,CIP,500,,
0000000139,EK03,EUR,Z090,EXW,10000,,
0000000140,EK03,EUR,0014,DDP,2500,,
0000000141,EK03,EUR,0001,CIP,1000,,
0000000142,EK04,USD,0090,EXW,2500,,
0000000143,EK02,INR,0090,DDP,1000,,
0000000144,EK02,INR,0060,CPT,0,,
0000000145,EK02,INR,0045,CIP,1000,,
0000000146,EK02,INR,Z060,DDP,10000,,
0000000147,EK04,USD,Z030,DDP,0,,
0000000148,EK04,USD,Z030,DDP,10000,,
0000000149,EK04,USD,0001,EXW,1000,,
0000000150,EK03,EUR,0001,FCA,1000,,
0000000151,EK02,INR,Z030,DDP,10000,,
0000000152,EK03,EUR,0030,CIP,0,,
0000000153,EK02,INR,Z090,DAP,500,,
0000000154,EK03,EUR,0014,FCA,1000,,
0000000155,EK03,EUR,0030,FCA,10000,,
0000000156,EK04,USD,0030,DDP,2500,,
0000000157,EK04,USD,0001,CPT,0,,
0000000158,EK02,INR,0060,DAP,10000,,
0000000159,EK03,EUR,0001,CIP,2500,,
0000000160,EK02,INR,Z090,CPT,2500,,
0000000161,EK04,USD,0014,DAP,2500,,
0000000162,EK04,USD,0060,EXW,0,,
0000000163,EK03,EUR,Z060,DAP,1000,,
0000000164,EK02,INR,0001,DAP,2500,,
0000000165,EK03,EUR,Z060,FCA,500,,
0000000166,EK04,USD,0030,DDP,500,,
0000000167,EK03,EUR,Z090,DDP,500,,
0000000168,EK02,INR,0045,EXW,0,,
0000000169,EK04,USD,Z090,CPT,500,,
0000000170,EK02,INR,0045,EXW,1000,,
0000000171,EK02,INR,0001,DAP,10000,,
0000000172,EK04,USD,0060,DDP,1000,,
0000000173,EK03,EUR,0014,FCA,2500,,
0000000174,EK03,EUR,Z030,EXW,1000,,
0000000175,EK03,EUR,Z090,DDP,10000,,
0000000176,EK04,USD,0090,FCA,10000,,
0000000177,EK03,EUR,0001,FCA,0,,
0000000178,EK04,USD,0030,DAP,2500,,
0000000179,EK04,USD,Z060,FCA,500,,
0000000180,EK03,EUR,Z060,CPT,0,,
0000000181,EK03,EUR,0001,DAP,0,,
0000000182,EK04,USD,0030,CIP,10000,,
0000000183,EK02,INR,0014,DDP,0,,
0000000184,EK02,INR,0045,DAP,0,,
0000000185,EK02,INR,0001,EXW,2500,,
0000000186,EK02,INR,Z060,FCA,1000,,
0000000187,EK03,EUR,0014,DAP,1000,,
0000000188,EK04,USD,0045,DAP,2500,,
0000000189,EK03,EUR,0014,CPT,2500,,
0000000190,EK03,EUR,0001,DDP,2500,,
0000000191,EK02,INR,0030,DAP,2500,,
0000000192,EK03,EUR,Z030,DAP,0,,
0000000193,EK04,USD,Z060,FCA,500,,
0000000194,EK03,EUR,0090,DDP,0,,
0000000195,EK03,EUR,0014,DAP,500,,
0000000196,EK02,INR,0045,DDP,0,,
0000000197,EK04,USD,Z060,CIP,1000,,
0000000198,EK04,USD,0014,CPT,1000,,
0000000199,EK03,EUR,Z060,CIP,1000,,
0000000200,EK04,USD,0090,FCA,0,,
0000000201,EK03,EUR,0001,DAP,2500,,
0000000202,EK02,INR,0001,CIP,0,,
0000000203,EK02,INR,Z030,CIP,1000,,
0000000204,EK04,USD,Z030,FCA,1000,,
0000000205,EK03,EUR,Z090,EXW,0,,
0000000206,EK02,INR,Z060,CPT,10000,,
0000000207,EK04,USD,Z090,FCA,2500,,
0000000208,EK03,EUR,0090,FCA,1000,,
0000000209,EK02,INR,Z090,DDP,2500,,
0000000210,EK04,USD,0090,EXW,10000,,
0000000211,EK02,INR,Z090,DAP,1000,,
0000000212,EK02,INR,0045,EXW,10000,,
0000000213,EK02,INR,0030,FCA,0,,
0000000214,EK02,INR,0014,DAP,500,,
0000000215,EK03,EUR,Z060,CPT,0,,
0000000216,EK04,USD,0045,DDP,2500,,
0000000217,EK04,USD,0045,CPT,0,,
0000000218,EK02,INR,0001,FCA,500,,
0000000219,EK02,INR,0045,EXW,2500,,
0000000220,EK03,EUR,Z090,CIP,500,,
0000000221,EK04,USD,Z030,EXW,10000,,
0000000222,EK04,USD,0001,DAP,2500,,
0000000223,EK04,USD,0014,DDP,1000,,
0000000224,EK04,USD,0090,FCA,10000,,
0000000225,EK04,USD,0001,CIP,2500,,
0000000226,EK04,USD,0030,DAP,2500,,
0000000227,EK02,INR,Z030,DDP,500,,
0000000228,EK02,INR,0090,EXW,10000,,
0000000229,EK03,EUR,0045,EXW,1000,,
0000000230,EK03,EUR,Z060,DAP,0,,
0000000231,EK03,EUR,Z060,CIP,10000,,
0000000232,EK03,EUR,0060,CIP,2500,,
0000000233,EK02,INR,0001,CPT,1000,,
0000000234,EK03,EUR,Z030,DDP,1000,,
0000000235,EK03,EUR,0014,CPT,0,,
0000000236,EK03,EUR,0045,DDP,0,,
0000000237,EK03,EUR,0001,EXW,2500,,
0000000238,EK03,EUR,Z090,FCA,10000,,
0000000239,EK03,EUR,Z030,EXW,2500,,
0000000240,EK01,USD,Z090,CPT,0,,
0000000241,EK01,USD,Z060,DDP,500,,
0000000242,EK01,USD,0045,CPT,0,,
0000000243,EK01,USD,0001,DAP,2500,,
0000000244,EK01,USD,0090,EXW,2500,,
0000000245,EK01,USD,0060,CIP,2500,,
0000000246,EK01,USD,0090,DDP,0,,
0000000247,EK01,USD,0030,DDP,0,,
0000000248,EK01,USD,0060,EXW,1000,,
0000000249,EK01,USD,0001,FCA,1000,,
0000000250,EK03,EUR,0060,EXW,0,,
0000000251,EK02,INR,0045,CPT,10000,,
0000000252,EK03,EUR,0001,FCA,500,,
0000000253,EK03,EUR,0014,CIP,1000,,
0000000254,EK03,EUR,Z030,FCA,10000,,
0000000255,EK02,INR,Z090,CIP,10000,,
0000000256,EK02,INR,0014,DDP,2500,,
0000000257,EK02,INR,0090,EXW,1000,,
0000000258,EK03,EUR,0001,FCA,10000,,
0000000259,EK04,USD,0014,CPT,10000,,
0000000260,EK02,INR,Z090,DDP,10000,,
0000000261,EK02,INR,0001,CIP,500,,
0000000262,EK02,INR,0030,CIP,0,,
0000000263,EK02,INR,0014,CPT,1000,,
0000000264,EK03,EUR,0060,CPT,500,,
0000000265,EK04,USD,0001,CIP,2500,,
0000000266,EK02,INR,Z060,DDP,10000,,
0000000267,EK04,USD,0014,CIP,10000,,
0000000268,EK04,USD,0001,EXW,1000,,
0000000269,EK04,USD,0001,CIP,0,,
0000000270,EK04,USD,Z060,DAP,2500,,
0000000271,EK02,INR,Z090,DDP,2500,,
0000000272,EK02,INR,0001,EXW,1000,,
0000000273,EK03,EUR,0030,DAP,2500,,
0000000274,EK02,INR,Z030,DDP,10000,,
0000000275,EK02,INR,Z030,CPT,1000,,
0000000276,EK04,USD,0045,DAP,500,,
0000000277,EK02,INR,Z090,FCA,500,,
0000000278,EK03,EUR,0001,CIP,1000,,
0000000279,EK04,USD,0090,EXW,500,,
0000000280,EK03,EUR,0090,FCA,0,,
0000000281,EK03,EUR,0030,FCA,0,,
0000000282,EK02,INR,0090,CIP,10000,,
0000000283,EK02,INR,0090,CIP,500,,
0000000284,EK04,USD,0001,CIP,0,,
0000000285,EK03,EUR,Z090,EXW,500,,
0000000286,EK04,USD,0090,FCA,1000,,
0000000287,EK04,USD,Z030,FCA,0,,
0000000288,EK02,INR,0030,DAP,2500,,
0000000289,EK04,USD,0001,FCA,0,,
0000000290,EK03,EUR,Z060,DDP,500,,
0000000291,EK02,INR,0090,DAP,2500,,
0000000292,EK02,INR,0030,FCA,0,,
0000000293,EK04,USD,0030,DAP,500,,
0000000294,EK03,EUR,0001,EXW,0,,
0000000295,EK02,INR,0060,CIP,2500,,
0000000296,EK02,INR,0030,CIP,2500,,
0000000297,EK03,EUR,Z030,DDP,10000,,
0000000298,EK03,EUR,Z060,DDP,500,,
0000000299,EK04,USD,0030,DAP,1000,,
0000000300,EK02,INR,Z090,CIP,0,,
0000000301,EK03,EUR,Z030,DDP,2500,,
0000000302,EK03,EUR,0030,DDP,2500,,
0000000303,EK04,USD,0060,DDP,10000,,
0000000304,EK04,USD,Z090,CIP,500,,
0000000305,EK01,USD,Z060,CPT,500,,
0000000306,EK01,USD,0014,DDP,0,,
0000000307,EK01,USD,Z090,DDP,500,,
0000000308,EK01,USD,0001,DAP,2500,,
0000000309,EK01,USD,0030,EXW,0,,
0000000310,EK01,USD,0014,DAP,2500,,
0000000311,EK03,EUR,0090,FCA,2500,,
0000000312,EK04,USD,0030,CPT,1000,,
0000000313,EK03,EUR,Z030,CPT,2500,,
0000000314,EK02,INR,Z060,FCA,10000,,
0000000315,EK02,INR,0045,FCA,2500,,
0000000316,EK02,INR,0060,EXW,0,,
0000000317,EK03,EUR,Z060,CIP,10000,,
0000000318,EK04,USD,0014,DAP,10000,,
0000000319,EK04,USD,0001,DAP,1000,,
0000000320,EK03,EUR,Z090,EXW,2500,,
0000000321,EK03,EUR,Z060,EXW,1000,,
0000000322,EK03,EUR,0045,CIP,1000,,
0000000323,EK03,EUR,0030,DAP,500,,
0000000324,EK03,EUR,0060,EXW,0,,
0000000325,EK03,EUR,0060,DDP,500,,
0000000326,EK03,EUR,0045,FCA,0,,
0000000327,EK02,INR,Z060,EXW,10000,,
0000000328,EK02,INR,Z030,EXW,2500,,
0000000329,EK04,USD,0001,DDP,500,,
0000000330,EK02,INR,0090,CIP,10000,,
0000000331,EK03,EUR,0014,EXW,500,,
0000000332,EK02,INR,0045,DDP,2500,,
0000000333,EK03,EUR,0045,DAP,1000,,
0000000334,EK03,EUR,0030,CPT,1000,,
0000000335,EK04,USD,Z060,FCA,0,,
0000000336,EK02,INR,0014,CIP,10000,,
0000000337,EK03,EUR,0014,DAP,0,,
0000000338,EK02,INR,0060,DAP,10000,,
0000000339,EK04,USD,0045,CIP,1000,,
0000000340,EK02,INR,Z030,DAP,2500,,
0000000341,EK03,EUR,0030,EXW,0,,
0000000342,EK03,EUR,0014,DDP,10000,,
0000000343,EK04,USD,Z030,DAP,10000,,
0000000344,EK04,USD,0030,CPT,0,,
0000000345,EK03,EUR,0030,EXW,2500,,
0000000346,EK03,EUR,0060,CIP,500,,
0000000347,EK02,INR,0045,DDP,0,,
0000000348,EK02,INR,0060,CIP,10000,,
0000000349,EK03,EUR,Z030,CIP,10000,,
0000000350,EK03,EUR,0090,DDP,10000,,
0000000351,EK03,EUR,Z030,FCA,0,,
0000000352,EK03,EUR,Z090,CIP,2500,,
0000000353,EK03,EUR,0001,DDP,10000,,
0000000354,EK03,EUR,0001,DAP,0,,
0000000355,EK02,INR,0045,DAP,0,,
0000000356,EK02,INR,0060,CIP,0,,
0000000357,EK02,INR,Z060,CIP,2500,,
0000000358,EK04,USD,0045,DAP,2500,,
0000000359,EK03,EUR,Z030,EXW,10000,,
0000000360,EK03,EUR,0030,DAP,500,,
0000000361,EK02,INR,Z030,CPT,10000,,
0000000362,EK03,EUR,0045,CIP,1000,,
0000000363,EK04,USD,0060,DDP,2500,,
0000000364,EK03,EUR,0045,FCA,500,,
0000000365,EK03,EUR,0014,CIP,2500,,
0000000366,EK03,EUR,0060,DDP,1000,,
0000000367,EK02,INR,0014,CPT,10000,,
0000000368,EK02,INR,0014,DDP,500,,
0000000369,EK02,INR,0030,CIP,2500,,
0000000370,EK03,EUR,0001,DAP,10000,,
0000000371,EK02,INR,0030,CPT,10000,,
0000000372,EK02,INR,0014,FCA,2500,,
0000000373,EK04,USD,Z090,FCA,0,,
0000000374,EK03,EUR,0045,CPT,0,,
0000000375,EK02,INR,0090,CPT,1000,,
0000000376,EK04,USD,0060,CPT,2500,,
0000000377,EK03,EUR,0060,FCA,0,,
0000000378,EK03,EUR,0014,DAP,500,,
0000000379,EK03,EUR,0001,CPT,0,,
0000000380,EK02,INR,Z030,CIP,500,,
0000000381,EK02,INR,0060,CPT,0,,
0000000382,EK03,EUR,Z090,CPT,500,,
0000000383,EK03,EUR,0030,EXW,1000,,
0000000384,EK04,USD,Z030,CIP,0,,
0000000385,EK03,EUR,Z090,CIP,10000,,
0000000386,EK03,EUR,0060,CIP,0,,
0000000387,EK02,INR,0014,FCA,2500,,
0000000388,EK04,USD,Z030,DDP,2500,,
0000000389,EK03,EUR,0090,CPT,10000,,
0000000390,EK03,EUR,0045,CPT,2500,,
0000000391,EK03,EUR,0090,FCA,10000,,
0000000392,EK04,USD,Z030,DDP,1000,,
0000000393,EK02,INR,0001,CPT,1000,,
0000000394,EK02,INR,Z060,EXW,0,,
0000000395,EK02,INR,Z060,FCA,0,,
0000000396,EK02,INR,0001,DAP,10000,,
0000000397,EK04,USD,Z030,EXW,10000,,
0000000398,EK03,EUR,0001,DAP,0,,
0000000399,EK03,EUR,0045,EXW,1000,,
0000000400,EK04,USD,0090,DDP,2500,,
0000000401,EK04,USD,0090,EXW,1000,,
0000000402,EK02,INR,0014,EXW,0,,
0000000403,EK02,INR,Z030,CPT,0,,
0000000404,EK04,USD,0030,EXW,2500,,
0000000405,EK02,INR,Z060,FCA,2500,,
0000000406,EK02,INR,0090,FCA,2500,,
0000000407,EK02,INR,0045,CPT,10000,,
0000000408,EK03,EUR,0045,EXW,500,,
0000000409,EK04,USD,0090,CIP,500,,
0000000410,EK03,EUR,0001,FCA,10000,,
0000000411,EK04,USD,0090,FCA,500,,
0000000412,EK02,INR,0060,CIP,500,,
0000000413,EK03,EUR,0045,FCA,500,,
0000000414,EK02,INR,0090,DDP,500,,
0000000415,EK02,INR,Z060,FCA,10000,,
0000000416,EK03,EUR,Z030,DAP,500,,
0000000417,EK02,INR,0060,EXW,10000,,
0000000418,EK03,EUR,0014,DAP,500,,
0000000419,EK03,EUR,0045,CIP,2500,,
0000000420,EK02,INR,0001,FCA,1000,,
0000000421,EK02,INR,Z090,CPT,1000,,
0000000422,EK04,USD,0090,CPT,0,,
0000000423,EK03,EUR,0060,CPT,2500,,
0000000424,EK03,EUR,0060,CIP,0,,
0000000425,EK02,INR,0014,CPT,500,,
0000000426,EK02,INR,0030,DDP,500,,
0000000427,EK04,USD,0045,DAP,2500,,
0000000428,EK03,EUR,0045,FCA,500,,
0000000429,EK03,EUR,0014,DDP,10000,,
0000000430,EK02,INR,Z030,EXW,0,,
0000000431,EK03,EUR,0045,CIP,1000,,
0000000432,EK02,INR,0090,EXW,2500,,
0000000433,EK03,EUR,Z090,FCA,0,,
0000000434,EK03,EUR,0001,FCA,1000,,
0000000435,EK03,EUR,Z060,DAP,500,,
0000000436,EK02,INR,0030,CIP,500,,
0000000437,EK03,EUR,Z090,DDP,500,,
0000000438,EK03,EUR,0001,EXW,500,,
0000000439,EK04,USD,0060,CIP,500,,
0000000440,EK04,USD,0001,DDP,1000,,
0000000441,EK03,EUR,0045,FCA,0,,
0000000442,EK04,USD,0001,EXW,1000,,
0000000443,EK03,EUR,0001,CPT,1000,,
0000000444,EK02,INR,0090,DDP,1000,,
0000000445,EK02,INR,0045,DAP,1000,,
0000000446,EK02,INR,0060,CPT,1000,,
0000000447,EK03,EUR,0014,CPT,2500,,
0000000448,EK02,INR,0030,CIP,1000,,
0000000449,EK03,EUR,0014,CPT,1000,,
0000000450,EK04,USD,0014,DDP,2500,,
0000000451,EK02,INR,Z030,EXW,2500,,
0000000452,EK03,EUR,0030,FCA,1000,,
0000000453,EK03,EUR,0045,DAP,2500,,
0000000454,EK03,EUR,0014,DDP,0,,
0000000455,EK02,INR,Z060,DDP,10000,,
0000000456,EK03,EUR,0060,EXW,0,,
0000000457,EK03,EUR,Z030,FCA,0,,
0000000458,EK03,EUR,Z060,CIP,0,,
0000000459,EK02,INR,Z030,CIP,2500,,
0000000460,EK03,EUR,0045,CIP,1000,,
0000000461,EK04,USD,0060,DDP,10000,,
0000000462,EK04,USD,Z060,CPT,500,,
0000000463,EK03,EUR,Z090,CIP,2500,,
0000000464,EK04,USD,0030,EXW,500,,
0000000465,EK02,INR,0090,DAP,10000,,
0000000466,EK02,INR,0060,FCA,500,,
0000000467,EK04,USD,Z030,EXW,500,,
0000000468,EK03,EUR,Z030,CIP,1000,,
0000000469,EK03,EUR,0045,FCA,500,,
0000000470,EK02,INR,0060,DDP,10000,,
0000000471,EK03,EUR,0045,CPT,2500,,
0000000472,EK02,INR,0001,DDP,2500,,
0000000473,EK04,USD,Z090,EXW,500,,
0000000474,EK03,EUR,0001,DDP,500,,
0000000475,EK04,USD,Z060,CPT,0,,
0000000476,EK02,INR,0014,DDP,1000,,
0000000477,EK04,USD,Z030,DDP,0,,
0000000478,EK03,EUR,0060,FCA,0,,
0000000479,EK04,USD,0045,FCA,2500,,
0000000480,EK03,EUR,0045,CPT,500,,
0000000481,EK02,INR,0014,FCA,500,,
0000000482,EK04,USD,0014,DAP,1000,,
0000000483,EK03,EUR,0090,EXW,1000,,
0000000484,EK04,USD,0090,CIP,2500,,
0000000485,EK03,EUR,Z090,EXW,2500,,
0000000486,EK04,USD,Z060,CIP,500,,
0000000487,EK02,INR,Z030,EXW,10000,,
0000000488,EK02,INR,0045,FCA,0,,
0000000489,EK03,EUR,0090,DAP,0,,
0000000490,EK02,INR,Z090,DDP,2500,,
0000000491,EK02,INR,0090,DAP,10000,,
0000000492,EK02,INR,Z060,EXW,2500,,
0000000493,EK03,EUR,0001,FCA,0,,
0000000494,EK03,EUR,0030,FCA,0,,
0000000495,EK03,EUR,0045,CPT,10000,,
0000000496,EK02,INR,Z090,EXW,0,,
0000000497,EK02,INR,0001,DDP,10000,,
0000000498,EK04,USD,0014,FCA,2500,,
0000000499,EK02,INR,0030,FCA,0,,
0000000500,EK02,INR,Z060,CPT,2500,,
0000000501,EK04,USD,0030,EXW,1000,,
0000000502,EK02,INR,Z090,FCA,10000,,
0000000503,EK03,EUR,Z060,EXW,1000,,
0000000504,EK03,EUR,0030,DDP,1000,,
0000000505,EK03,EUR,0030,DDP,500,,
0000000506,EK02,INR,Z030,FCA,0,,
0000000507,EK04,USD,0030,EXW,10000,,
0000000508,EK03,EUR,0030,DDP,0,,
0000000509,EK03,EUR,0060,CIP,2500,,
0000000510,EK03,EUR,Z030,CIP,1000,,
0000000511,EK04,USD,0014,CIP,500,,
0000000512,EK02,INR,Z030,DAP,0,,
0000000513,EK04,USD,0030,DAP,2500,,
0000000514,EK02,INR,0030,DDP,0,,
0000000515,EK03,EUR,0001,EXW,1000,,
0000000516,EK04,USD,0001,DAP,0,,
0000000517,EK02,INR,0060,FCA,10000,,
0000000518,EK03,EUR,0030,DAP,1000,,
0000000519,EK03,EUR,Z060,CPT,10000,,
0000000520,EK03,EUR,0030,FCA,0,,
0000000521,EK02,INR,0014,CPT,0,,
0000000522,EK04,USD,0030,EXW,500,,
0000000523,EK03,EUR,0014,FCA,500,,
0000000524,EK03,EUR,0030,FCA,500,,
0000000525,EK02,INR,0090,CIP,500,,
0000000526,EK02,INR,0060,DAP,500,,
0000000527,EK03,EUR,0030,CPT,1000,,
0000000528,EK03,EUR,Z090,FCA,0,,
0000000529,EK02,INR,0014,EXW,2500,,
0000000530,EK03,EUR,Z030,CIP,0,,
0000000531,EK02,INR,Z090,CIP,1000,,
0000000532,EK02,INR,Z060,DAP,0,,
0000000533,EK02,INR,Z060,FCA,0,,
0000000534,EK03,EUR,0045,DAP,10000,,
0000000535,EK04,USD,Z060,FCA,0,,
0000000536,EK03,EUR,Z090,CPT,2500,,
0000000537,EK03,EUR,Z030,CIP,500,,
0000000538,EK03,EUR,0001,CIP,1000,,
0000000539,EK02,INR,0001,CIP,1000,,
0000000540,EK04,USD,Z030,CPT,500,,
0000000541,EK02,INR,Z060,DAP,500,,
0000000542,EK03,EUR,0001,EXW,1000,,
0000000543,EK03,EUR,Z090,DDP,10000,,
0000000544,EK02,INR,Z060,DAP,1000,,
0000000545,EK03,EUR,Z090,CPT,0,,
0000000546,EK03,EUR,0090,FCA,10000,,
0000000547,EK04,USD,0045,FCA,10000,,
0000000548,EK03,EUR,0030,EXW,2500,,
0000000549,EK04,USD,Z090,DAP,10000,,
0000000550,EK02,INR,0001,CPT,2500,,
0000000551,EK02,INR,0030,DAP,0,,
0000000552,EK02,INR,0090,CIP,0,,
0000000553,EK04,USD,0045,EXW,2500,,
0000000554,EK02,INR,0045,DAP,2500,,
0000000555,EK03,EUR,Z090,DAP,500,,
0000000556,EK03,EUR,0045,FCA,2500,,
0000000557,EK02,INR,0090,DAP,10000,,
0000000558,EK03,EUR,Z060,CPT,500,,
0000000559,EK02,INR,0030,CIP,2500,,
0000000560,EK03,EUR,0090,DDP,1000,,
0000000561,EK02,INR,0001,EXW,500,,
0000000562,EK03,EUR,0090,CIP,10000,,
0000000563,EK04,USD,0014,EXW,500,,
0000000564,EK02,INR,0014,DAP,2500,,
0000000565,EK04,USD,0001,EXW,500,,
0000000566,EK03,EUR,0045,EXW,0,,
0000000567,EK02,INR,0060,CIP,10000,,
0000000568,EK03,EUR,Z030,EXW,0,,
0000000569,EK03,EUR,0045,FCA,1000,,
0000000570,EK02,INR,Z090,CIP,10000,,
0000000571,EK04,USD,0014,FCA,500,,
0000000572,EK04,USD,Z090,FCA,0,,
0000000573,EK02,INR,0090,CIP,500,,
0000000574,EK03,EUR,0090,DAP,0,,
0000000575,EK04,USD,0030,CIP,1000,,
0000000576,EK03,EUR,0045,DDP,500,,
0000000577,EK02,INR,0045,CIP,2500,,
0000000578,EK04,USD,0090,DDP,10000,,
0000000579,EK03,EUR,0014,EXW,10000,,
0000000580,EK03,EUR,0030,CIP,1000,,
0000000581,EK03,EUR,0090,DDP,0,,
0000000582,EK03,EUR,0060,DAP,1000,,
0000000583,EK03,EUR,0014,CPT,0,,
0000000584,EK04,USD,Z090,FCA,2500,,
0000000585,EK03,EUR,0090,CPT,0,,
0000000586,EK03,EUR,0001,FCA,0,,
0000000587,EK02,INR,Z030,EXW,500,,
0000000588,EK04,USD,0030,EXW,0,,
0000000589,EK03,EUR,0090,EXW,500,,
0000000590,EK02,INR,Z030,EXW,500,,
0000000591,EK02,INR,0045,CIP,2500,,
0000000592,EK03,EUR,0001,DAP,500,,
0000000593,EK02,INR,0030,CPT,10000,,
0000000594,EK02,INR,Z060,CIP,0,,
0000000595,EK04,USD,Z030,CPT,2500,,
0000000596,EK02,INR,Z090,EXW,10000,,
0000000597,EK03,EUR,Z030,DDP,1000,,
0000000598,EK04,USD,Z090,EXW,10000,,
0000000599,EK02,INR,Z060,FCA,1000,,
0000000600,EK03,EUR,0090,DAP,2500,,
0000000601,EK02,INR,0090,DDP,2500,,
0000000602,EK03,EUR,0090,CIP,2500,,
0000000603,EK03,EUR,0001,DDP,500,,
0000000604,EK04,USD,0060,DAP,2500,,
0000000605,EK02,INR,Z060,EXW,500,,
0000000606,EK03,EUR,Z060,DDP,500,,
0000000607,EK03,EUR,0001,DAP,0,,
0000000608,EK04,USD,Z090,DDP,1000,,
0000000609,EK03,EUR,Z090,EXW,2500,,
0000000610,EK03,EUR,0014,FCA,10000,,
0000000611,EK03,EUR,0060,DAP,10000,,
0000000612,EK03,EUR,Z030,CPT,500,,
0000000613,EK02,INR,0060,DAP,10000,,
0000000614,EK03,EUR,Z060,DDP,2500,,
0000000615,EK03,EUR,0090,EXW,500,,
0000000616,EK03,EUR,0090,DAP,500,,
0000000617,EK03,EUR,0001,CPT,0,,
0000000618,EK02,INR,Z030,CPT,10000,,
0000000619,EK03,EUR,Z030,CIP,10000,,
0000000620,EK02,INR,Z060,CPT,2500,,
0000000621,EK02,INR,0060,CPT,1000,,
0000000622,EK03,EUR,0001,EXW,1000,,
0000000623,EK02,INR,0045,CIP,0,,
0000000624,EK02,INR,Z060,EXW,500,,
0000000625,EK02,INR,0060,FCA,0,,
0000000626,EK03,EUR,0060,CPT,500,,
0000000627,EK04,USD,0060,FCA,10000,,
0000000628,EK03,EUR,Z030,DAP,10000,,
0000000629,EK02,INR,Z030,DDP,500,,
0000000630,EK02,INR,Z060,DAP,1000,,
0000000631,EK02,INR,0045,FCA,2500,,
0000000632,EK02,INR,0030,CPT,0,,
0000000633,EK02,INR,0060,EXW,0,,
0000000634,EK03,EUR,0030,DAP,0,,
0000000635,EK03,EUR,Z060,CIP,10000,,
0000000636,EK03,EUR,Z030,DDP,500,,
0000000637,EK02,INR,0060,EXW,1000,,
0000000638,EK03,EUR,0030,CPT,0,,
0000000639,EK02,INR,Z060,FCA,0,,
0000000640,EK02,INR,0090,FCA,10000,,
0000000641,EK03,EUR,0001,CIP,10000,,
0000000642,EK03,EUR,Z090,EXW,0,,
0000000643,EK03,EUR,0014,DDP,0,,
0000000644,EK02,INR,0090,DDP,2500,,
0000000645,EK04,USD,0001,DAP,500,,
0000000646,EK04,USD,0045,DDP,1000,,
0000000647,EK02,INR,Z060,EXW,0,,
0000000648,EK03,EUR,0045,CIP,0,,
0000000649,EK03,EUR,0030,FCA,2500,,
0000000650,EK03,EUR,0090,EXW,500,,
0000000651,EK02,INR,0014,CPT,10000,,
0000000652,EK03,EUR,Z060,EXW,500,,
0000000653,EK03,EUR,0045,DDP,500,,
0000000654,EK02,INR,0030,DDP,10000,,
0000000655,EK03,EUR,0001,DAP,2500,,
0000000656,EK02,INR,Z060,DDP,1000,,
0000000657,EK04,USD,0060,CIP,500,,
0000000658,EK02,INR,Z060,DAP,2500,,
0000000659,EK04,USD,0060,DDP,500,,
0000000660,EK04,USD,0001,DDP,2500,,
0000000661,EK03,EUR,Z090,FCA,1000,,
0000000662,EK02,INR,0014,DAP,500,,
0000000663,EK04,USD,Z030,DDP,2500,,
0000000664,EK03,EUR,Z090,CPT,0,,
0000000665,EK04,USD,0060,DAP,2500,,
0000000666,EK02,INR,Z060,EXW,10000,,
0000000667,EK04,USD,0001,FCA,10000,,
0000000668,EK02,INR,0090,DDP,500,,
0000000669,EK04,USD,0060,DAP,2500,,
0000000670,EK04,USD,Z090,FCA,1000,,
0000000671,EK02,INR,Z090,CPT,0,,
0000000672,EK03,EUR,Z060,CIP,2500,,
0000000673,EK03,EUR,0001,DAP,0,,
0000000674,EK03,EUR,0030,CIP,0,,
0000000675,EK03,EUR,0090,FCA,500,,
0000000676,EK02,INR,0060,EXW,0,,
0000000677,EK03,EUR,0090,DDP,0,,
0000000678,EK02,INR,Z030,DAP,500,,
0000000679,EK02,INR,Z030,FCA,10000,,
0000000680,EK02,INR,0060,DDP,500,,
0000000681,EK03,EUR,0045,CPT,2500,,
0000000682,EK02,INR,Z030,EXW,2500,,
0000000683,EK02,INR,0045,CIP,2500,,
0000000684,EK03,EUR,0001,EXW,1000,,
0000000685,EK03,EUR,0045,EXW,2500,,
0000000686,EK04,USD,Z030,FCA,10000,,
0000000687,EK04,USD,0001,CIP,0,,
0000000688,EK04,USD,0045,EXW,500,,
0000000689,EK04,USD,0090,DAP,10000,,
0000000690,EK02,INR,Z030,EXW,500,,
0000000691,EK03,EUR,Z060,FCA,2500,,
0000000692,EK04,USD,0001,DDP,2500,,
0000000693,EK02,INR,Z060,DDP,1000,,
0000000694,EK03,EUR,Z090,DDP,2500,,
0000000695,EK03,EUR,0060,CIP,10000,,
0000000696,EK03,EUR,0060,DDP,1000,,
0000000697,EK02,INR,0060,EXW,10000,,
0000000698,EK03,EUR,Z090,EXW,500,,
0000000699,EK02,INR,0045,FCA,0,,
0000000700,EK02,INR,0014,CIP,0,,
0000000701,EK02,INR,0090,DDP,1000,,
0000000702,EK04,USD,0001,EXW,0,,
0000000703,EK04,USD,0045,DDP,10000,,
0000000704,EK03,EUR,0001,EXW,10000,,
0000000705,EK04,USD,0045,CIP,0,,
0000000706,EK03,EUR,Z060,CIP,0,,
0000000707,EK02,INR,0045,FCA,0,,
0000000708,EK03,EUR,Z090,EXW,1000,,
0000000709,EK04,USD,Z060,FCA,10000,,
0000000710,EK02,INR,Z090,DAP,2500,,
0000000711,EK02,INR,Z060,EXW,500,,
0000000712,EK03,EUR,Z060,EXW,10000,,
0000000713,EK04,USD,0001,DAP,10000,,
0000000714,EK03,EUR,0014,CPT,2500,,
0000000715,EK04,USD,0001,CIP,2500,,
0000000716,EK04,USD,Z090,DDP,2500,,
0000000717,EK02,INR,Z060,DAP,2500,,
0000000718,EK03,EUR,0045,CPT,500,,
0000000719,EK03,EUR,0014,DDP,0,,
0000000720,EK02,INR,0001,DAP,0,,
0000000721,EK02,INR,0014,CPT,2500,,
0000000722,EK02,INR,0090,CPT,1000,,
0000000723,EK03,EUR,0014,CIP,2500,,
0000000724,EK03,EUR,Z060,DAP,500,,
0000000725,EK03,EUR,Z030,DAP,10000,,
0000000726,EK03,EUR,0060,DAP,10000,,
0000000727,EK03,EUR,Z060,CPT,500,,
0000000728,EK03,EUR,Z030,DDP,10000,,
0000000729,EK02,INR,0001,CPT,1000,,
0000000730,EK02,INR,0090,DDP,0,,
0000000731,EK02,INR,Z030,FCA,10000,,
0000000732,EK02,INR,0001,CIP,0,,
0000000733,EK04,USD,0001,EXW,500,,
0000000734,EK02,INR,0014,FCA,0,,
0000000735,EK03,EUR,0060,FCA,10000,,
0000000736,EK03,EUR,0030,EXW,2500,,
0000000737,EK03,EUR,0001,CIP,500,,
0000000738,EK02,INR,Z090,CIP,2500,,
0000000739,EK02,INR,0030,EXW,10000,,
0000000740,EK02,INR,0090,EXW,1000,,
0000000741,EK03,EUR,0060,DDP,2500,,
0000000742,EK04,USD,Z030,DAP,1000,,
0000000743,EK03,EUR,0090,DAP,10000,,
0000000744,EK03,EUR,0060,DAP,1000,,
0000000745,EK03,EUR,Z090,FCA,0,,
0000000746,EK03,EUR,0001,CIP,2500,,
0000000747,EK03,EUR,0001,DAP,1000,,
0000000748,EK02,INR,Z060,CPT,500,,
0000000749,EK02,INR,0045,FCA,1000,,
0000000750,EK03,EUR,Z030,DDP,2500,,
0000000751,EK03,EUR,Z030,DDP,500,,
0000000752,EK02,INR,0001,DDP,0,,
0000000753,EK02,INR,Z090,CPT,1000,,
0000000754,EK02,INR,0045,CPT,500,,
0000000755,EK03,EUR,0045,CPT,0,,
0000000756,EK04,USD,Z090,CIP,2500,,
0000000757,EK04,USD,0045,EXW,500,,
0000000758,EK04,USD,0090,CPT,10000,,
0000000759,EK03,EUR,0090,FCA,1000,,
0000000760,EK03,EUR,0090,FCA,10000,,
0000000761,EK04,USD,Z090,DAP,10000,,
0000000762,EK03,EUR,Z030,DDP,2500,,
0000000763,EK04,USD,Z090,DDP,2500,,
0000000764,EK03,EUR,Z090,DDP,2500,,
0000000765,EK03,EUR,Z060,DDP,0,,
0000000766,EK04,USD,0045,DDP,0,,
0000000767,EK02,INR,Z030,CIP,500,,
0000000768,EK03,EUR,Z030,EXW,1000,,
0000000769,EK04,USD,0090,CIP,0,,
0000000770,EK04,USD,0014,FCA,10000,,
0000000771,EK02,INR,0060,DAP,1000,,
0000000772,EK03,EUR,Z030,FCA,2500,,
0000000773,EK02,INR,Z060,EXW,500,,
0000000774,EK02,INR,0090,CPT,10000,,
0000000775,EK02,INR,0014,CIP,500,,
0000000776,EK03,EUR,0090,DDP,2500,,
0000000777,EK02,INR,0014,CIP,10000,,
0000000778,EK03,EUR,Z030,CIP,0,,
0000000779,EK03,EUR,0045,CIP,500,,
0000000780,EK02,INR,0060,FCA,1000,,
0000000781,EK03,EUR,0001,DDP,2500,,
0000000782,EK03,EUR,0090,CIP,500,,
0000000783,EK02,INR,Z030,FCA,1000,,
0000000784,EK03,EUR,0001,EXW,0,,
0000000785,EK03,EUR,0060,CPT,0,,
0000000786,EK02,INR,Z060,DDP,1000,,
0000000787,EK04,USD,Z030,DAP,1000,,
0000000788,EK02,INR,0045,CIP,500,,
0000000789,EK03,EUR,0045,FCA,0,,
0000000790,EK02,INR,0001,DDP,2500,,
0000000791,EK03,EUR,0014,CIP,500,,
0000000792,EK03,EUR,0060,CIP,1000,,
0000000793,EK02,INR,Z060,EXW,500,,
0000000794,EK03,EUR,0045,DDP,2500,,
0000000795,EK02,INR,Z090,DDP,2500,,
0000000796,EK03,EUR,0030,CIP,10000,,
0000000797,EK02,INR,0060,DDP,0,,
0000000798,EK03,EUR,Z030,FCA,1000,,
0000000799,EK03,EUR,Z090,CIP,10000,,
0000000800,EK03,EUR,0090,CIP,10000,,
0000000801,EK03,EUR,0060,DAP,500,,
0000000802,EK03,EUR,Z090,DAP,0,,
0000000803,EK04,USD,0030,FCA,0,,
0000000804,EK03,EUR,0060,DAP,2500,,
0000000805,EK02,INR,0014,DDP,2500,,
0000000806,EK04,USD,Z060,DAP,0,,
0000000807,EK04,USD,0030,DDP,2500,,
0000000808,EK02,INR,0090,DAP,2500,,
0000000809,EK02,INR,0045,DAP,0,,
0000000810,EK04,USD,0090,EXW,10000,,
0000000811,EK03,EUR,0030,DDP,0,,
0000000812,EK03,EUR,0001,CPT,2500,,
0000000813,EK02,INR,0090,DAP,1000,,
0000000814,EK03,EUR,0030,CPT,0,,
0000000815,EK02,INR,0090,DDP,0,,
0000000816,EK03,EUR,Z090,FCA,2500,,
0000000817,EK03,EUR,Z030,DAP,10000,,
0000000818,EK03,EUR,Z090,CPT,1000,,
0000000819,EK02,INR,0030,EXW,500,,
0000000820,EK03,EUR,0014,DDP,500,,
0000000821,EK02,INR,0090,EXW,10000,,
0000000822,EK03,EUR,0060,CIP,0,,
0000000823,EK03,EUR,0001,CPT,10000,,
0000000824,EK03,EUR,0001,EXW,10000,,
0000000825,EK03,EUR,0090,CIP,1000,,
0000000826,EK02,INR,0060,CPT,0,,
0000000827,EK02,INR,Z060,FCA,10000,,
0000000828,EK02,INR,0030,CPT,0,,
0000000829,EK02,INR,0030,FCA,10000,,
0000000830,EK02,INR,0045,DDP,1000,,
0000000831,EK03,EUR,0014,CIP,500,,
0000000832,EK03,EUR,Z090,CPT,1000,,
0000000833,EK04,USD,0090,FCA,500,,
0000000834,EK02,INR,0045,DAP,10000,,
0000000835,EK02,INR,Z090,DAP,500,,
0000000836,EK03,EUR,0060,CPT,2500,,
0000000837,EK04,USD,Z060,DAP,2500,,
0000000838,EK02,INR,0090,EXW,1000,,
0000000839,EK02,INR,0090,EXW,2500,,
0000000840,EK02,INR,0001,EXW,2500,,
0000000841,EK02,INR,Z090,DAP,0,,
0000000842,EK02,INR,Z060,DAP,1000,,
0000000843,EK02,INR,0060,CIP,0,,
0000000844,EK03,EUR,Z090,CPT,1000,,
0000000845,EK02,INR,0045,CPT,500,,
0000000846,EK02,INR,0030,DDP,2500,,
0000000847,EK03,EUR,Z060,FCA,0,,
0000000848,EK02,INR,0060,DAP,2500,,
0000000849,EK03,EUR,0045,CPT,1000,,
0000000850,EK02,INR,Z030,DDP,10000,,
0000000851,EK03,EUR,0090,CIP,10000,,
0000000852,EK04,USD,Z030,DAP,10000,,
0000000853,EK03,EUR,0030,CPT,1000,,
0000000854,EK04,USD,0060,DAP,0,,
0000000855,EK03,EUR,0001,EXW,500,,
0000000856,EK04,USD,0090,DDP,0,,
0000000857,EK02,INR,0001,FCA,0,,
0000000858,EK03,EUR,0090,CIP,0,,
0000000859,EK02,INR,0060,EXW,0,,
0000000860,EK03,EUR,0045,EXW,0,,
0000000861,EK03,EUR,Z030,DAP,1000,,
0000000862,EK03,EUR,Z060,CIP,1000,,
0000000863,EK03,EUR,0030,EXW,2500,,
0000000864,EK03,EUR,0090,FCA,1000,,
0000000865,EK02,INR,0030,CIP,2500,,
0000000866,EK04,USD,0090,FCA,1000,,
0000000867,EK02,INR,0045,CPT,2500,,
0000000868,EK03,EUR,0045,CPT,10000,,
0000000869,EK02,INR,0030,CPT,500,,
0000000870,EK02,INR,Z060,DAP,0,,
0000000871,EK03,EUR,Z060,CPT,0,,
0000000872,EK03,EUR,0001,DDP,1000,,
0000000873,EK03,EUR,Z090,CPT,10000,,
0000000874,EK02,INR,0014,DDP,1000,,
0000000875,EK02,INR,Z090,DAP,1000,,
0000000876,EK03,EUR,Z090,CIP,500,,
0000000877,EK04,USD,Z090,CIP,10000,,
0000000878,EK04,USD,Z090,CIP,10000,,
0000000879,EK04,USD,0001,DAP,1000,,
0000000880,EK03,EUR,Z030,DAP,2500,,
0000000881,EK03,EUR,0045,DAP,2500,,
0000000882,EK04,USD,0014,EXW,2500,,
0000000883,EK03,EUR,Z090,CPT,2500,,
0000000884,EK02,INR,Z060,EXW,1000,,
0000000885,EK03,EUR,Z030,DAP,0,,
0000000886,EK04,USD,Z090,CIP,10000,,
0000000887,EK04,USD,Z090,EXW,0,,
0000000888,EK02,INR,0060,EXW,10000,,
0000000889,EK03,EUR,0030,FCA,1000,,
0000000890,EK03,EUR,0045,EXW,500,,
0000000891,EK02,INR,0060,DDP,10000,,
0000000892,EK04,USD,Z030,DDP,500,,
0000000893,EK02,INR,0030,EXW,10000,,
0000000894,EK04,USD,Z030,EXW,10000,,
0000000895,EK03,EUR,0001,DAP,1000,,
0000000896,EK02,INR,0090,CIP,10000,,
0000000897,EK04,USD,0030,DDP,500,,
0000000898,EK03,EUR,0090,DDP,2500,,
0000000899,EK03,EUR,0045,DDP,10000,,
0000000900,EK03,EUR,0045,EXW,0,,
0000000901,EK02,INR,0014,DAP,500,,
0000000902,EK02,INR,0014,FCA,2500,,
0000000903,EK03,EUR,Z030,CIP,10000,,
0000000904,EK04,USD,Z060,DDP,0,,
0000000905,EK03,EUR,0090,CIP,0,,
0000000906,EK03,EUR,Z090,FCA,500,,
0000000907,EK04,USD,0090,DAP,2500,,
0000000908,EK03,EUR,Z090,DAP,500,,
0000000909,EK04,USD,Z090,CIP,500,,
0000000910,EK02,INR,0014,FCA,1000,,
0000000911,EK04,USD,Z090,CPT,0,,
0000000912,EK03,EUR,0060,CIP,1000,,
0000000913,EK03,EUR,Z060,CPT,500,,
0000000914,EK03,EUR,0014,EXW,2500,,
0000000915,EK02,INR,0090,EXW,2500,,
0000000916,EK03,EUR,0045,CIP,1000,,
0000000917,EK02,INR,Z060,DAP,10000,,
0000000918,EK02,INR,0001,DAP,0,,
0000000919,EK02,INR,0001,EXW,2500,,
0000000920,EK02,INR,Z090,DDP,0,,
0000000921,EK04,USD,Z060,EXW,500,,
0000000922,EK03,EUR,Z030,CPT,1000,,
0000000923,EK03,EUR,0014,DAP,2500,,
0000000924,EK03,EUR,0090,DAP,0,,
0000000925,EK02,INR,0030,DDP,1000,,
0000000926,EK02,INR,Z030,CPT,0,,
0000000927,EK04,USD,0090,CIP,10000,,
0000000928,EK04,USD,0045,DAP,0,,
0000000929,EK02,INR,0030,CPT,10000,,
0000000930,EK02,INR,Z090,DDP,1000,,
0000000931,EK03,EUR,0001,DAP,1000,,
0000000932,EK02,INR,Z090,CIP,0,,
0000000933,EK02,INR,0090,CPT,1000,,
0000000934,EK04,USD,Z090,CPT,2500,,
0000000935,EK02,INR,0045,EXW,1000,,
0000000936,EK03,EUR,0090,DDP,10000,,
0000000937,EK04,USD,Z090,FCA,500,,
0000000938,EK04,USD,Z030,DDP,2500,,
0000000939,EK03,EUR,0014,FCA,1000,,
0000000940,EK02,INR,0030,FCA,1000,,
0000000941,EK03,EUR,Z090,EXW,0,,
0000000942,EK02,INR,Z030,CIP,0,,
0000000943,EK03,EUR,0090,EXW,1000,,
0000000944,EK03,EUR,0090,DDP,500,,
0000000945,EK02,INR,Z060,CIP,500,,
0000000946,EK03,EUR,Z030,DDP,2500,,
0000000947,EK03,EUR,0060,DDP,1000,,
0000000948,EK04,USD,Z030,DAP,1000,,
0000000949,EK04,USD,Z030,DDP,1000,,
0000000950,EK04,USD,0090,CPT,500,,
0000000951,EK02,INR,0001,EXW,10000,,
0000000952,EK03,EUR,0045,CPT,10000,,
0000000953,EK02,INR,0045,DDP,500,,
0000000954,EK02,INR,0014,DAP,2500,,
0000000955,EK03,EUR,Z090,DAP,2500,,
0000000956,EK03,EUR,0001,FCA,10000,,
0000000957,EK02,INR,0030,EXW,1000,,
0000000958,EK04,USD,Z060,DDP,500,,
0000000959,EK04,USD,0001,DAP,1000,,
0000000960,EK02,INR,0045,EXW,0,,
0000000961,EK04,USD,0014,FCA,10000,,
0000000962,EK04,USD,Z090,CPT,1000,,
0000000963,EK02,INR,0090,FCA,2500,,
0000000964,EK03,EUR,0045,EXW,1000,,
0000000995,EK02,INR,0001,FCA,2500,,
0000000996,EK03,EUR,0090,DDP,500,,
0000000997,EK03,EUR,0060,FCA,2500,,
0000000998,EK03,EUR,0045,EXW,10000,,
0000000999,EK02,INR,0014,DAP,1000,,
0000001000,EK03,EUR,Z030,DDP,500,,
0000999016,EK01,USD,0030,CIP,2500,,
0000999017,EK01,USD,0030,CIP,2500,,
0000999018,EK01,USD,0030,CIP,2500,,
0000999019,EK01,USD,0030,CIP,2500,,
0000999020,EK01,USD,0030,CIP,2500,,
0000999021,EK01,USD,0030,CIP,2500,,
0000999022,EK01,USD,0030,CIP,2500,,
0000999023,EK01,USD,0030,CIP,2500,,
0000999024,EK01,USD,0030,CIP,2500,,
0000999025,EK01,USD,0030,CIP,2500,,
